id,text,label,Comments
3438,@user @user I miss you Valbuş💛💙 Come to İstanbul 😢,Non-toxic,
3439,@user We're extremely glad to see y'all landed safely!Now all focus on our noisy neighboursA most win game 💪🏾💪🏾💪🏾💪🏾💪🏾🙌🏼🙌🏼🙌🏼🤞🏾🤞🏾.!!,Non-toxic,
3440,@user Lucky ass goal,Non-toxic,
3441,@user Your deeds for the motherland won't go unrewarded. Hope to see you in the squad soon. #Blackstars,Non-toxic,
3442,@user @user Μπράβο παιδιά!!!,Non-toxic,
3443,@user not nearly good enough for the jersey son. Time to go.,Toxic,
3444,@user where Tf are you bro 😡😡😡😡😡,Toxic,
3445,@user @user @user Βαρα,Toxic,
3446,@user Happy Birthday mate,Non-toxic,
3447,@user 200 ΚΙΛΆ ΤΑ ΈΧΕΙΣ ΜΩΡΗ ΑΡΡΩΣΤΙΑ,Toxic,
3448,@user Thanks for letting us dreaming 🙏,Non-toxic,
3449,@user Respect....,Non-toxic,
3450,@user @user Come to Legia 🥲,Non-toxic,
3451,@user I thought you would have been a Premier League player as you oozed quality.,Non-toxic,
3452,@user @user γαμα τους Φίλιππε ☘️,Toxic,
3453,@user Amazing brilliant player !!!! Thank you for everything 🙏,Non-toxic,
3454,@user @user Congratulations Jason,Non-toxic,
3455,@user where are you you mf I didn’t prop you for nearly a decade for you to make me go out like this,Toxic,
3456,@user ΤΙ ΕΒΑΛΕΣ ΡΕ ΚΑΡΓΙΟΛΗ; 💦💦💦💦,Toxic,
3457,@user @user Απαν κατα απαν,Non-toxic,
3458,@user Can you follow me,Non-toxic,
3459,@user Good luck 🤞 to u in the upcoming season but your stat tackles is needed than your,Non-toxic,
3460,@user Missed you last season 🐺,Non-toxic,
3461,@user We bless God for your safety,Non-toxic,
3462,@user featured in the 0-0 draw of @user vs @user 🟣⚪📊100%  Passes to final third Passes accurate81%  Actions Successful75%  Duels Won#teamOIS#Androutsos#osnabrück #bundesliga2,Non-toxic,
3463,@user Εχει πετρες ρε μλκ προσεχε,Toxic,
3464,@user Μπράντον είσαι ο καλύτερος ποδοσφαιριστής για μένα. Μου αρέσει που έχεις ήθος. Καλή επιτυχία να έχεις όπου και αν πας!,Non-toxic,
3465,@user @user Filip you have more to offer.You know it.Let's try for the best.,Non-toxic,
3466,@user @user @user @user “Aqua”,Non-toxic,
3467,@user Where is the rest of the team?,Non-toxic,
3468,@user we love you men!!always by your side bro!!💚☘️💚💪🫶,Non-toxic,
3469,@user @user We miss you too!,Non-toxic,
3470,@user @user @user ☘ONE OF US💚,Non-toxic,
3471,@user αλανι παιχταρα ΠΑΟΚΑΡΑ,Non-toxic,
3472,@user @user This is the time that big players go in front .This is your time Filip ☘️🏆🏆,Non-toxic,
3473,@user Keep going Babino! ✊🏿🤍🖤🦅,Non-toxic,
3474,@user @user Thank you Omar...Good luck in Greece.,Non-toxic,
3475,@user You started the great counter-attack and gave time to our coach to prove his value! Keep up the good Job paiktara! 💪💯☘️#paofc,Non-toxic,
3476,@user @user You are getting replaced by Luis Palma my friend.,Non-toxic,
3477,@user's comeback.  I'll be here for it,Non-toxic,
3478,@user @user Bromance 🥰🥰,Non-toxic,
3479,@user @user Thank you Omar. You are a great person,Non-toxic,
3480,@user @user @user @user Welcome to Egypt 🇪🇬Mother land of the World 🌍,Non-toxic,
3481,"@user get well soon,omar 🦅🦅🦅",Non-toxic,
3482,@user    We believe you. 🫵🏽☘️,Non-toxic,
3483,"@user Dejan, best wishes for Xmas and the New year lad. Once a red always a red. #ynwa",Non-toxic,
3484,@user @user Is the interview true Dejan?,Non-toxic,
3485,@user God bless you,Non-toxic,
3486,@user @user Φιλιπ γαμα τους πουλεναρα μου 🫡☘️,Toxic,
3487,@user Well said dejanMerry Christmas to you and your family ❤️,Non-toxic,
3488,@user A return to the villa 👀,Non-toxic,
3489,@user alright bro let’s come out and say this isn’t real,Non-toxic,
3490,@user Come back strong 🙌Best wishes ❣️,Non-toxic,
3491,@user get well soon 🙏,Non-toxic,
3492,@user Enough is enough! We don't want you in this city ! Go back to the damn house ! Football killer ! We hate you !!!,Toxic,
3493,"@user  κάνε μας την χάρη και ζητά μόνος σου να φύγεις. Δεν νιώθεις που είσαι,και επικαλεσου τραυματισμό και άφησε την ομάδα χωρίς την παρουσία σου. Τουλάχιστον πρόσφερε αυτή την υπηρεσία",Toxic,
3494,@user Enjoy the moment BABA,Non-toxic,
3495,"@user @user Bro, everything going so well at the club, minus the fa cup…THIS ISNT THE TIME TO THROW ONE IN THERE!!! Read the room..🙄",Non-toxic,
3496,@user ΠΑΙΚΤΑΡΑ!!🔥,Non-toxic,
3497,@user @user Very well said Mathieu,Non-toxic,
3498,@user Well said Dejan. Your guy is doing well.,Non-toxic,
3499,@user 2 warriors💚,Non-toxic,
3500,@user Congrats star player,Non-toxic,
3501,"@user Stay until 45, you red old Brazilian wine 🍷",Non-toxic,
3502,@user @user One of my favourite goals from one of my favourite players.,Non-toxic,
3503,@user DIMARCOCWEL,Non-toxic,
3504,"@user @user @user Well done mate, great start to the season",Non-toxic,
3505,@user Happy birthday my friend ❤,Non-toxic,
3506,@user King Coco! 🔥🔥🔥,Non-toxic,
3507,@user happy brothers,Non-toxic,
3508,@user stretch that hamstring out son we got an fa cup to win,Non-toxic,
3509,@user @user Γάμα τους ανάποδα ρε τζουρι,Toxic,
3510,@user @user ΟΕΟΕΟΕ ΜΑΤΙΕ,Non-toxic,
3511,@user Finnaly you joined a club with ambition. Good luck Kris.,Non-toxic,
3512,@user Get well soon bro,Non-toxic,
3513,@user This is black (m)ba(m)ba mentality We love you keep balling like a true fighter,Non-toxic,
3514,@user @user ORBE!! 💛 🖤 🦅 🇲🇽,Non-toxic,
3515,@user @user Άιντε παιχταρα. Ανυπομονούμε να σε δούμε στο γήπεδο 🔴⚪💦💦💦💦,Non-toxic,
3516,"@user @user It is always a bad day for anyone, to face you as an ""enemy"".Another outstanding performance Baba!",Non-toxic,
3517,@user Everyone can have a bad day at work. Even you!,Non-toxic,
3518,@user @user GOAT❤️💙,Non-toxic,
3519,@user Mostly dopes posting shite mate..best off not giving them attention,Non-toxic,
3520,"@user @user We didn't go anywhere Mathieu, all the team needs to work harder..",Non-toxic,
3521,@user i am one of the people who criticized you.. but now i am convinced and happy you are in this fine form.. Well done senior,Non-toxic,
3522,@user Coco you deserve a medal,Non-toxic,
3523,@user @user 2025 @user,Non-toxic,
3524,@user @user Παιχταρά μου 🙌❤️🙌❤️🙌❤️💪,Non-toxic,
3525,"@user @user Haha, so you are going to create a beef with an ordinary supporter just because he provided the feedback after the season that you guys totally screwed up 👍",Non-toxic,
3526,@user @user @user @user Salah gimme some of that 😭,Non-toxic,
3527,"@user @user Παίξε μπάλα γαμω το κεφάλι σου, αφού ξέρεις",Toxic,
3528,"@user Tony, didn’t think the last time I saw you play for @user would be the last time you ever wore the badge to represent the fans. Let me tell you that goal against Liverpool was one of the most magical moments of my life. Thank you for the memories best of luck 🔴",Non-toxic,
3529,@user Stay healthy djuri Life is more important than everything,Non-toxic,
3530,@user was a heroWhatever happened after was not meant to be 🥹,Non-toxic,
3531,@user A very big congrats man👌,Non-toxic,
3532,@user @user Love from Lamia buddy🇬🇷💙,Non-toxic,
3533,@user Lookin' good in COMO blue. 💙,Non-toxic,
3534,@user @user Είσαι απίθανος! With you Baba!,Non-toxic,
3535,@user @user @user Veeeem,Non-toxic,
3536,@user @user Miss you more buba 🤍💙,Non-toxic,
3537,"@user @user Thank you bro, you’ll be as a Eagle always in mind of us 🦅👍🏾",Non-toxic,
3538,@user We’re going to miss you @user Good luck Arreeee 🐎,Non-toxic,
3539,@user You are missing us... Oe Oe oeeee... MATHIEU!!! 🔴⚪🫶,Non-toxic,
3540,@user COYS,Non-toxic,
3541,@user it’s go time!,Non-toxic,
3542,@user @user Thank you king 🦅🦅🦅Good luck 🍀👋👋,Non-toxic,
3543,@user @user Come 🦅🦅🦅,Non-toxic,
3544,@user @user Good Luck Colley.. 🦅,Non-toxic,
3545,@user My bro 🤍⏳🤍,Non-toxic,
3546,@user has been ON FIRE in the Conference League this season 🇲🇦🔥,Non-toxic,
3547,@user shitty and losing croatian team...Fuck you stupid!!!!,Toxic,
3548,"@user @user Πάρε τον πουλο από την ομαδα ρε, που πανηγυρίζεις κιολας....",Toxic,
3549,@user @user We are your biggest fans @user 💚☘️🥷,Non-toxic,
3550,@user @user Δείξε τι παικτάρα είσαι ρε μλκ... ΑΝΤΕ ΞΥΠΝΑ ☘️☘️☘️ #paofc,Toxic,
3551,@user Pre season start?,Non-toxic,
3552,@user Great💙,Non-toxic,
3553,@user Get well soon 🙏🙏,Non-toxic,
3554,@user Lets go for the b2b,Non-toxic,
3555,@user @user Brate!!,Non-toxic,
3556,@user @user Come back Ruben 💙🤍,Non-toxic,
3557,@user Simmmmmmmmm,Non-toxic,
3558,@user Τι κοπριτης εισαι....Αλλα δε φταιει κανεις..,Toxic,
3559,@user KILLER ⚡️,Non-toxic,
3560,@user Come to Legyaspor,Non-toxic,
3561,@user @user You will score tonight. Good luck!,Non-toxic,
3562,@user @user A ok,Non-toxic,
3563,@user @user Congratulations filip. We love you 💚,Non-toxic,
3564,@user upcoming MVP ⚫️⚪️🦅,Non-toxic,
3565,@user subbed in the 55th minute 🤣🤣🤣 shows how bad you are,Toxic,
3566,@user @user coco we all been missing you!! Good luck to your next match vs Arsenal!!,Non-toxic,
3567,"@user  leave the team by yourself, it's not worth playing for it.",Toxic,
3568,@user Aaron Tshibola I would drag my balls across 6 miles of broken glass and cigarette ends to see you in a Hartlepool United shirt again.,Non-toxic,
3569,"@user @user, l’@user t’attend avec impatience 🤛🏾 Let’s talk ! 🙏🏾🙏🏾🙏🏾",Non-toxic,
3570,@user Your turn next season,Non-toxic,
3571,@user  is here for you,Non-toxic,
3572,"@user Unique player, exceptional personality, we love you. PAOKARA✌️",Non-toxic,
3573,"@user Legend, i really hope you stay at Wolves this season",Non-toxic,
3574,@user @user @user @user @user - What's that?- تسمم,Non-toxic,
3575,@user @user Good Luck Mathieu we love you 💛💙,Non-toxic,
3576,"@user you are a member of our family, we love and support the family, once PAOK forever PAOK",Non-toxic,
3577,@user @user Thanks bro🦅,Non-toxic,
3578,@user Είναι τρελός ο μπαμπάααα,Non-toxic,
3579,@user @user Oley oley Omar Colley 🙋‍♂️,Non-toxic,
3580,@user welcomeeeeeeeee!!!,Non-toxic,
3581,@user @user @user Αφήστε τίς φωτογραφίσεις κά παίξτε μπάλα....,Non-toxic,
3582,@user Congrats,Non-toxic,
3583,@user Thx,Non-toxic,
3584,@user Yes brother ❤️🔥,Non-toxic,
3585,@user Love you both Dejan 🙏🏻♥️♥️♥️,Non-toxic,
3586,@user Run it back!,Non-toxic,
3587,@user @user Give everything you got tomorrow filip🙏☘️We need you,Non-toxic,
3588,@user Baba bro… Greetings from the mortals to the immortals brother… We salute you,Non-toxic,
3589,@user ΜΠΑΜΠΑΡΟΣ= μπαμπάς πολλών.,Non-toxic,
3590,@user prime Carlitos is the one of the scariest player version who played in Ekstraklasa i miss you man but good luck!,Non-toxic,
3591,@user A lot more to do here Bro!!,Non-toxic,
3592,@user Welcome back,Non-toxic,
3593,@user @user @user djuriiiiiiii,Non-toxic,
3594,@user @user Keeping the lions theme going Stephane! ⚽️🦁 Hope you are well,Non-toxic,
3595,@user @user Πολύ σε πάω!,Non-toxic,
3596,"@user comes on for PAOK. Once a red, always a red.#MUNPAOK",Non-toxic,
3597,@user Πάμε ρε Φιλιππε!,Non-toxic,
3598,@user @user @user Sdds,Non-toxic,
3599,@user @user Good luck brother 🦅🙏,Non-toxic,
3600,"@user Lets go re Kavliari💚☘️🔥🔥Lets go on Wednesday to done the job. ☘️Prepare for a more difficult game, stay calm and get ready for the match💪PAME RE PAIXTARAAA MOUU🔥💚💚☘️☘️💪",Non-toxic,
3601,@user @user Filip 🏹 💚☘️,Non-toxic,
3602,@user Let's go Filip... You got this 💪🏻 💚☘️,Non-toxic,
3603,@user 😂😂😂😂superstar 😂😂😂😂,Non-toxic,
3604,@user  CONGRATULATIONS TO YOU AS MEMBER OF THE  YELLOW SUBMARINE FAMILY,Non-toxic,
3605,@user Μπάμπα γαμιά τους τον ακουμπάς πλεον και μπαίνει μέσα,Toxic,
3606,@user please fuck off,Toxic,
3607,"@user no need for apologies…The ref scum is the only one responsible….You are one of us,now and forever!!! 💪🏻💪🏻💪🏻💪🏻🤍🖤🤍🖤🤍🖤",Non-toxic,
3608,"@user @user Σε άλλες αναρτήσεις οι Τούρκοι έκαναν πολύ αρνητικά σχόλια, αλλά σε αυτήν την ανάρτηση όλοι γράφουν sh*t. Ελπίζω να μην μας κοροϊδεύουν.",Non-toxic,
3609,@user @user Πόσα θες μωρέ μαλάκα να καθαρίσει ο Αντώνης;;;;,Toxic,
3610,@user  the manager threw you to the sharks. if you have any defense i hope you don't let him off and let this be how the world sees you,Non-toxic,
3611,@user come back,Non-toxic,
3612,@user @user Δυνατά την Κυριακή για τη νίκη!!,Non-toxic,
3613,"@user the General says Meite, every 4 words.If I had a Leader like him, believing in me so entirely &amp; guiding me through thick &amp; thin, I would be so happy &amp; motivated, that I would fight any war, with bleeding eyes.We're waiting for you, numerous ""pages"" still to write",Non-toxic,
3614,@user What a goal Coco!!!!  ⚽️💥,Non-toxic,
3615,"@user @user @user @user Wooooow , you always welcome to #Egypt 🇪🇬😍🌹👏👏👏👏👏👏",Non-toxic,
3616,@user S2,Non-toxic,
3617,@user @user We miss you 🤍,Non-toxic,
3618,"@user @user Written as Colley, read as King🦅🦅🦅",Non-toxic,
3619,@user Σέρβος τουρίστας,Toxic,
3620,@user I’m sorry but he is Muslim he should not do that,Non-toxic,
3621,"@user Τάισον παικταρα, φέτος έχεις να αναλάβεις και τον Τζίμα ως καλός πατρονας",Non-toxic,
3622,@user We all know how good you are. Hopefully you are staying @user this season to show everyone how you can play in the PL!,Non-toxic,
3623,@user. 💪🏼#vfl1899 #KSCOSN,Non-toxic,
3624,@user In AEK forever! Happy new year!,Non-toxic,
3625,@user @user Lets Gooo !! You'll score tomorrow !,Non-toxic,
3626,@user @user What??? I’m sure they’d rather have food or whatever,Non-toxic,
3627,"@user @user @user All good. It's 14 years since the last championship. Team has gotten very small.... 4th place is fine, too. No worries",Non-toxic,
3628,@user Captain fantastic!,Non-toxic,
3629,@user Congratulations Baba. You've proven your critiques wrong and we're proud of that.,Non-toxic,
3630,"@user Man, we are really lucky to have you on our team. I can't even express how much loved you are by us. Keep working hard and keep giving us everything you got ! wo ne nea eye sen biara.",Non-toxic,
3631,@user I love you too much dawg,Non-toxic,
3632,@user @user Have a great career ahead. Thank you for your understanding.  Always welcome here in Beşiktaş 🙏🏼,Non-toxic,
3633,@user @user ΕΙΣΑΙ ΟΤΙ ΧΕΙΡΟΤΕΡΟ ΕΧΕΙ ΠΕΡΑΣΕΙ. ΣΗΚΩ ΦΥΓΕ ΣΙΧΑΜΑ !,Toxic,
3634,@user @user Good luck Omar 👋🏻,Non-toxic,
3635,@user Κάρφωσε τους αλανι,Non-toxic,
3636,@user   miss you ❤️,Non-toxic,
3637,@user @user Thanks you and good Luck for the next!,Non-toxic,
3638,@user @user Let’s go Filip☘️💪,Non-toxic,
3639,@user W,Non-toxic,
3640,@user You are a hero. Don't stop! ⚪⚫💪✌️,Non-toxic,
3641,@user ο Peter Crouch της Σουηδίας 🍀💚 #PAOOLY,Non-toxic,
3642,"@user You re a great teacher, you re the best, we love you, great player of our PAOKARA",Non-toxic,
3643,@user i miss you dawg,Non-toxic,
3644,@user @user Lets go Brate,Non-toxic,
3645,@user You will bring an European title to pao bro. Wait and see,Non-toxic,
3646,@user There is a goat among us,Non-toxic,
3647,@user Congratulations once again Baba,Non-toxic,
3648,@user Yes!!!!!!! The kiddo is excited for tomorrow. 👉🏻👈🏻 #AllForCITY,Non-toxic,
3649,@user Bring tish home,Non-toxic,
3650,@user Coco is king 👑 COYS,Non-toxic,
3651,@user @user DJURIII☘️☘️,Non-toxic,
3652,@user booked for diving against @user nothing new always did it when he played for @user although wasn't always booked,Non-toxic,
3653,@user @user Congratulations bro🫶🫶❤️💪,Non-toxic,
3654,@user Be safe out there,Non-toxic,
3655,"@user New day, new beginning, time to restart.Fighters rush through the ""storm"" and enjoy the emerging ""sunshine"".⚫️🦅⚪️💪",Non-toxic,
3656,@user Keep enjoying mate. You love playing and we love seeing you in action.#PAOK,Non-toxic,
3657,@user @user @user mr. fat cat,Toxic,
3658,"@user Speedy recovery bro, see you soon",Non-toxic,
3659,@user @user You are man,Non-toxic,
3660,@user @user Top man.....🤍,Non-toxic,
3661,@user @user ΓΑΜΑ ΤΟΥΣ!!,Toxic,
3662,@user @user @user Skipper,Non-toxic,
3663,@user Let’s fucking go,Non-toxic,
3664,@user ❤️❤️❤️😭😭😭😭@user arent y'all tired of breaking my heart,Non-toxic,
3665,@user @user @user Kavliari 💚,Non-toxic,
3666,"@user making a mockery of my prediction of a draw, scoring two goals and even could have had a hattrick if it wasn't for a fantastic save from Taudul. Abdulrahimi scored the other goal in the 3-0 win and well deserved for the team from Limassol.",Non-toxic,
3667,@user @user LET'S GO FILIP WE BELIEVE IN YOU!!,Non-toxic,
3668,@user Ixi. @user @user,Non-toxic,
3669,@user Miss you already Niko ❤️⚽️,Non-toxic,
3670,"@user Ινφλουενσερ, τα έπαιξες τα 2 ματς που ήταν να παίξεις για φέτος ε; Πέρσι με την Ντνιπρο, φέτος με την Μποτεφ και από δω και πέρα αρχίζει το αραλίκι και τα ποστ; ΠΑΙΞΕ ΜΠΑΛΑ ΚΙ ΑΣΕ ΤΑ ΠΡΟΜΟ",Non-toxic,
3671,@user @user Congratulations on your beautiful goal Filip! ☘️🏹,Non-toxic,
3672,@user @user Thank you Omar. We love you,Non-toxic,
3673,"@user You and Moose were my favorite spurs players outside of Harry, we miss you...",Non-toxic,
3674,@user @user @user @user Class 😂,Non-toxic,
3675,"@user You're a legend, PAOK wasnt gonna conquer this title without you ⚫️⚪️",Non-toxic,
3676,@user Μπράβο παιδιά!!!,Non-toxic,
3677,@user Great win against a tough AEK side. Well done Jason.,Non-toxic,
3678,@user Let’s go 🦂🇬🇲,Non-toxic,
3679,@user @user Thank you for everything Colley. You are a man with pride and self respect. I am sure your path will cross with Besiktas again in the future and you will be remembered as a honorable man. Good luck at PAOK 🙏,Non-toxic,
3680,"@user @user well done, man. thank you!",Non-toxic,
3681,@user @user screenshot this,Non-toxic,
3682,@user It was one of your best matches today! Congrats Brandon! 🏆 👑,Non-toxic,
3683,@user @user Come back,Non-toxic,
3684,@user @user Great performance,Non-toxic,
3685,@user Well said lad wished his Christian fans happy Christmas and brought the issues in Gaza into the light great fella,Non-toxic,
3686,@user You've got let all things slide and come back to join the boys @user,Non-toxic,
3687,@user Τώρα όλοι οι γαύροι είναι τάβλα...,Non-toxic,
3688,@user Defender wey your stats tackles no dey inside  hahahaha,Non-toxic,
3689,@user Courage to you and the whole team! ❤️💙,Non-toxic,
3690,@user What a player 😍,Non-toxic,
3691,"@user We need you at @user, Erik 🙏",Non-toxic,
3692,@user Δε το γυρνάς σε ινφλουενσερ λέω γω;,Toxic,
3693,@user Taison ψυχαρα για πάντα ΠΑΟΚΑΡΑ,Non-toxic,
3694,"@user We still love you, Coco. COYS 🤍",Non-toxic,
3695,@user ΠΑΜΕ ΤΖΟΥΡΙ ΚΑΘΑΡΙΣΕ ΤΟΥΣ,Non-toxic,
3696,@user @user Greatness forever @user 🇬🇭🇬🇷,Non-toxic,
3697,@user Get the victory and qualification..The stadium 🏟️ will be on fire..C'm onnnn!!,Non-toxic,
3698,@user @user ajde brate! 💪☘️ we believe in you,Non-toxic,
3699,@user Ok,Non-toxic,
3700,@user Beautiful family. Congratulations 💛🖤🐺,Non-toxic,
3701,@user Well done Joan,Non-toxic,
3702,@user @user @user @user Welcome to Egypt Lovren ...... nice to see you  ❤️❤️😍😍🇪🇬🇪🇬🇪🇬,Non-toxic,
3703,@user @user Remember where You grew up 🔵⚪,Non-toxic,
3704,@user @user Άιντα Φιλίπε πάμε λίγο 🚀,Non-toxic,
3705,@user ΓΑΜΙΑΑΑΑΑΑΑ💦💦💦,Toxic,
3706,@user Τουρίστας ☀️🧳🏝️🏖️🏊🍸🍹,Toxic,
3707,@user Keep going bro🇬🇭❤️,Non-toxic,
3708,"@user  Happy birthday, great of ours 🇹🇿",Non-toxic,
3709,"@user Hell of a strike, Coco!",Non-toxic,
3710,@user He is a wise and respectful man .. love mo ♥️🎄🎄🎁,Non-toxic,
3711,@user @user Win for George 🙏🏻☘️ #paofc #PAOCHE,Non-toxic,
3712,@user Glory be to God..We thank God for your life.🙏🙏,Non-toxic,
3713,@user Two goats 🐐🐐,Non-toxic,
3714,@user @user Είσαι καλά εσύ ρε πγ απο τη φάση με τον κοστινια;Πάλι χωρίς πρωτάθλημα η ομαδουλα σου;,Toxic,
3715,@user Good job man,Non-toxic,
3716,@user God bless you my friend!!!!,Non-toxic,
3717,@user @user Good Luck Man! ⚽️✌🏻,Non-toxic,
3718,@user legend ❤️,Non-toxic,
3719,@user @user You think?🤔,Non-toxic,
3720,@user @user Love you Filip👏🙌✌️☘️💚,Non-toxic,
3721,@user Take a clue from Raphael Dwamena but you can also take inspiration from Erickson,Non-toxic,
3722,@user they need you bro,Non-toxic,
3723,@user If you want gate 7 to appreciate you as a player and to go forward DELETE your posts about this person. You know he is a murderer and has killed many greeks. We had a problem with our rivals in basketball because something like this. DELETE IT,Toxic,
3724,@user @user Shut up Dejan,Toxic,
3725,@user @user Πουτσα..ενα μηδέν  ..,Toxic,
3726,@user @user MY COCOOO,Non-toxic,
3727,@user It’s a shame! 🤬,Non-toxic,
3728,@user ΠΑΙΧΤΑΡΑ..............,Non-toxic,
3729,@user Μπάμπαρε γίγαντα,Non-toxic,
3730,@user @user Ih,Non-toxic,
3731,@user @user Love you,Non-toxic,
3732,@user Get well soon. 👌,Non-toxic,
3733,@user @user Good luck Krzychu💙🤍,Non-toxic,
3734,@user @user @user 3 points 👉 nothing less,Non-toxic,
3735,@user Θα πέσουν γιαούρτια μουνοπανο ούτε να το σκεφτείς να έρθεις,Toxic,
3736,"@user @user Αντε να παίρνεις μπρος σιγά σιγά, πάμε Φίλιππε",Non-toxic,
3737,@user My favorite Spur. All the best Mr Lámela!,Non-toxic,
3738,@user Happy new year AEK for ever.!!!!,Non-toxic,
3739,@user @user 😂😂😂😂 «Why always me» get the shirt,Non-toxic,
3740,@user @user @user @user Mo😉,Non-toxic,
3741,@user @user @user Respect! 🍀🍀🍀🍀🍀💪💪💪💪💪💪,Non-toxic,
3742,@user @user Stay στον ΠΑΟΚ forever λέμε όλοι εδώ στην Νεάπολη,Non-toxic,
3743,@user @user Against all for the Trophy! Keep up the good work🙏☘️🏆,Non-toxic,
3744,@user @user We miss you 🥲,Non-toxic,
3745,@user @user Stay healthy brother💛🖤,Non-toxic,
3746,@user @user Your best game so far !!Keep going ☘️Amazing performance,Non-toxic,
3747,@user @user Ok we understand. Fuck of now!,Toxic,
3748,@user Loved you at AVFC - come back!,Non-toxic,
3749,@user Where is Meite?He will come back?,Non-toxic,
3750,@user Give it a try Dejan!,Non-toxic,
3751,@user @user 🤣🤣🤣 BODIED THE TWAT,Toxic,
3752,@user Keep going @user 🙏🏾,Non-toxic,
3753,"@user Your goal will be remembered forever, you are forever part of PAOK’s history now Be proud and Champions league next🖤🤍",Non-toxic,
3754,@user @user We love you colley 🤍🖤 thanks for everything,Non-toxic,
3755,@user χρόνια πολλά έφηβε,Non-toxic,
3756,@user Come back to the golden palace we miss you,Non-toxic,
3757,@user shit happens! you did a great job! Mistakes are part of the game.,Non-toxic,
3758,@user Οne of the few who deserve to wear the Panathinaikos jersey. Keep up the great work Filip!,Non-toxic,
3759,@user Please don't come to Persepolis,Non-toxic,
3760,@user Come bk to @user,Non-toxic,
3761,@user @user Coco🤍,Non-toxic,
3762,"@user Happy birthday Lamela, it's time to come home #COYS",Non-toxic,
3763,@user gn andrut,Non-toxic,
3764,@user where have you been bro 😭,Non-toxic,
3765,@user @user I miss you,Non-toxic,
3766,@user @user Τεράστιε Καλενς,Non-toxic,
3767,@user @user Happy birthday 💙💛🧿💛💙,Non-toxic,
3768,@user Congratulations 🥂,Non-toxic,
3769,@user Get well soon baller ❤️🥹,Non-toxic,
3770,@user @user Fucking teenager mentality. Get out right now!,Toxic,
3771,@user 🤍❤️ One family forever! 🤍❤️🔥,Non-toxic,
3772,@user @user will be supporting you every step of the way bro. Let’s get to Serie A!!,Non-toxic,
3773,@user @user Πάμε brat.,Non-toxic,
3774,@user @user When you coming back mate,Non-toxic,
3775,@user Graciassssssssssssssssssss!!🥲,Non-toxic,
3776,@user @user Still in Poznan? Nobody wants to sign a fat cat? 🤡,Toxic,
3777,@user @user Well  more step,Non-toxic,
3778,"@user Είναι τρελός ο Ταισον,είναι  τρελός ο ταισον 🤍🖤",Non-toxic,
3779,@user @user We love you sir 🥰,Non-toxic,
3780,@user @user Good luck bro🦅🦅🦅,Non-toxic,
3781,@user μείνε αύριο στο σπίτι. Το 👂 σου δεν έγινε ακόμα καλά. Ξέρω εγώ,Toxic,
3782,@user @user XD,Non-toxic,
3783,@user @user HELL YES PAIKTARA! Yesterday you were  the Filip We know and we expect! Keep up the good job and bring us the double! 💪💪👏☘️ #paofc,Non-toxic,
3784,@user Σήμερα βάλε δύο ...,Non-toxic,
3785,@user @user True 😂,Non-toxic,
3786,@user  🦅🦅🦅🤍🖤🤍LOVE YOU SO MUCH BUT PLEASE LEAVE THE TEAMWE LOVE YOU SO MUCH BUT PLEASE LEAVE THE TEAMWE LOVE YOU SO MUCH BUT PLEASE LEAVE THE TEAM,Non-toxic,
3787,@user There's no reason to apologise to us tye fans.. we love you Baba,Non-toxic,
3788,@user @user @user Let’s go Filip!!!!☘️☘️☘️,Non-toxic,
3789,@user One of the sharpest attacking duos we have seen in Greek football in modern times. Telepathic cooperation on the pitch.,Non-toxic,
3790,@user @user Show what you really are ☘️,Non-toxic,
3791,@user @user Don’t speak on topics you have no knowledge on.,Non-toxic,
3792,@user @user Αδελφέ ψήσου να παίξεις λίγο φέτος,Toxic,
3793,@user My boy !!,Non-toxic,
3794,@user Είναι αυτονόητη η νίκη και δε βλέπω το λόγο να πανηγυρίζουμε!,Non-toxic,
3795,@user Dont worry my friend,Non-toxic,
3796,"@user @user Παίξε μπάλα  μεγάλε ,,γιατί στα τελευταία ματς αρχίζεις και κάνεις τα περσινά",Non-toxic,
3797,@user @user @user @user in Alexandria❤️👍🏼,Non-toxic,
3798,@user Por lo menos μαζί σου καβλωμενος 🖤💛,Toxic,
3799,@user Back to pools then,Non-toxic,
3800,@user Nasty 👊🏿,Non-toxic,
3801,@user Well said Lovren,Non-toxic,
3802,@user @user Any chance of a special 1 game appearance !,Non-toxic,
3803,@user God bless you and speedy recovery 🙏,Non-toxic,
3804,@user I will be heading out for a dinner at City Park soon. You can recognize me by slightly worn out shirt that commemorates your unforgettable performance against mighty Puszcza 👍,Non-toxic,
3805,@user @user this is hall of fame tweet man. what a day!,Non-toxic,
3806,@user @user @user @user in Liverpool 🇪🇬👑❣️,Non-toxic,
3807,@user You gonna score today Brandon. Vamos,Non-toxic,
3808,@user Big player 🔴⚪️,Non-toxic,
3809,@user Happy birthday Name long life and more money May Almighty Allah bless you 🍾🍾🍾🎉🎉🎉,Non-toxic,
3810,@user You will be missed 😢 good luckKrzychu 🩵🤍,Non-toxic,
3811,@user play for a big club in January brodie,Non-toxic,
3812,@user @user Please come back,Non-toxic,
3813,"@user @user @user Come to Fabryka Norblina in Warsaw, way better place",Non-toxic,
3814,@user @user @user @user Best duo ever 😍😍😍😍,Non-toxic,
3815,"@user WE LOVE YOUYOU ARE OUR LEADERand of course, we want you to stay for many years",Non-toxic,
3816,"@user @user If i am Lovren, i'll call Mo right away, screenshot all reply here and tell him to leave the club",Non-toxic,
3817,@user with a brilliant game for Sevilla tonight👏Hope he didn’t get injured,Non-toxic,
3818,@user @user Congratulations bro🎉🎉Well deserved 👏👏👏,Non-toxic,
3819,@user @user Let's go bro!!!! For 1926 reasons today only win!,Non-toxic,
3820,@user YOU ARE ONE OF US ! ONCE TIME PAOK ALWAYS PAOK !,Non-toxic,
3821,@user @user Coco 💙🇮🇱,Non-toxic,
3822,@user W lovren!! 🫶,Non-toxic,
3823,@user @user LAJUD!!!,Non-toxic,
3824,"@user Like another Ghanaian died again, God forbid",Toxic,
3825,@user possible de me DM?,Non-toxic,
3826,@user from #Panathinaikos is the best player of #europechampionship with 2 goals and 9 points,Non-toxic,
3827,@user Love you Filip🙏✌️🙌☘️💚,Non-toxic,
3828,@user @user Keep going on Shola! We believe in you! 🖤🤍,Non-toxic,
3829,@user You will be the one. Remember that.But main focus the win. After that you and the whole team will be feel like gods,Non-toxic,
3830,@user need you back mate🐺,Non-toxic,
3831,@user @user @user Great match!!! 💪💪💯 #OlympiacosFC,Non-toxic,
3832,"@user @user Cook Dejan! Moby is a fake fan who flip flops, and a clown for engagement.",Toxic,
3833,@user continue like this ! Great game !,Non-toxic,
3834,@user @user You will be fine inshallah. Thank Almighty Allah for seeing you through. Stay safe bro,Non-toxic,
3835,@user @user Love you Filip✌️👏🙌🏆☘️☘️💚💚,Non-toxic,
3836,@user @user Congratulations! I Pray you continue Loving what you do.,Non-toxic,
3837,@user @user ΜΕΞΙΚΑΝΕ ΧΥΣΤΗ ΜΑΣ ΦΤΙΆΧΝΕΙΣ ΤΑ ΒΡΆΔΙΑ ΚΑΘΕ ΦΟΡΑ,Toxic,
3838,@user Good job bro,Non-toxic,
3839,@user ΓΥΡΝΑ ΠΙΣΩ Η ΕΣΤΩ ΤΗΛΕΦΩΝΑ,Non-toxic,
3840,@user One more tonight!,Non-toxic,
3841,"@user Ρε καριόλα, τι έκανες με τον Αστέρα ρε ηθοποιέ ανύπαρκτε, έδωσες πάσα για να βγουν στην κόντρα. Γελοίε γαμώ το μουνι που σε πέταγε.🤢🤢🤮#paofc",Toxic,
3842,"@user @user Παιχτάρα, κουβάλα!!!",Non-toxic,
3843,@user @user Idoloooo,Non-toxic,
3844,@user @user @user We miss you legend 🔴⚪️❤️,Non-toxic,
3845,@user @user ΠΆΜΕ ΜΩΡΉ ΠΑΙΧΤΑΡΑ ΦΊΛΙΠΠΕ,Non-toxic,
3846,@user Congratulations 👊🏼💙⚪,Non-toxic,
3847,"@userThis masterpiece, made by the golden hands, of one of our family #PAOKFANS, isn't just a recognition.This is a statement of our PROUDNESS.Our PASSION.Our MENTALITY.Our PRINCIPALS.It's very clear that you are one of us.Once #PAOKAlways #PAOK#ΠΑΟΚ #PAOKFAMILY",Non-toxic,
3848,@user @user @user @user Kebdah😂😂😍😍😍😍,Non-toxic,
3849,@user @user VOLTAAAA,Non-toxic,
3850,@user Congratulations 🎊 👏 senior baller,Non-toxic,
3851,@user Thanks Captaino,Non-toxic,
3852,@user Players will not want to join the French league because of some of these hooligan French fans,Non-toxic,
3853,@user world's greatest👏🏼👑Tears in my eyes man.,Non-toxic,
3854,@user COYS 🤍,Non-toxic,
3855,@user miss you x,Non-toxic,
3856,@user Legend,Non-toxic,
3857,@user Please come back to spurs x,Non-toxic,
3858,@user @user spot on !!!! miss watching you play for us dejan x,Non-toxic,
3859,@user @user Hello Mr.Fat Cat,Non-toxic,
3860,@user @user @user @user He's eating hawawshi now 😂,Non-toxic,
3861,@user always take lamela with you🤍💙,Non-toxic,
3862,"@user Good luck Kris, thank You for everything 👏👏👏",Non-toxic,
3863,@user @user Cook those fake fans. Those YouTubers never supported you like real fans did. The only person they support is John Henry,Non-toxic,
3864,"@user @user For me Dejan don't said something controversial. Trent, Virgil and Mo are legends. If Liverpool don't gave good contracts for them 4 months before ends, that is disrepectfull. It's simple.",Non-toxic,
3865,@user Come back stronger coco!,Non-toxic,
3866,@user you legend😂😂😂😂,Non-toxic,
3867,@user @user @user Do the same this Sunday against AEK!,Non-toxic,
3868,@user zauwazylam,Non-toxic,
3869,@user @user Kewol owns you you fat cat 😹,Toxic,
3870,@user @user Χρωστάς μια γκολάρα στους μουλους αρτιστα!,Non-toxic,
3871,"@user Good luck, Krzychu ;)",Non-toxic,
3872,@user big linkup soon somewhere in this world.,Non-toxic,
3873,@user thanks!!!!💚☘️💚☘️💚☘️,Non-toxic,
3874,@user you’re trying to tame people living in 1049🤣,Non-toxic,
3875,@user @user You've managed to rattle yourself man 😂,Non-toxic,
3876,@user Get well soon pehtara!🤍🖤🤍🖤,Non-toxic,
3877,@user @user you are not worthy of shaking hands you have no ambition and character I have no respect for you for last season,Toxic,
3878,@user @user Good luck brate,Non-toxic,
3879,"@user @user @user Do you realize that @user speaks in the name of the majority of Lech Supporters?If you beef him, you beef Lech Poznań fans",Toxic,
3880,@user we love u man.,Non-toxic,
3881,"@user Well done Baba, more wins",Non-toxic,
3882,"@user @user You have done much in a short time. Thanks for everything. Wish you the best for the rest of your successful career. Once an eagle, always an eagle🦅",Non-toxic,
3883,@user It's a normal position for the Tamale boy,Non-toxic,
3884,@user Congratulations to you Baba I am happy for you 💙💪🙏,Non-toxic,
3885,@user Χρονια πολλα αλητη! 61.21 για παντα τρελε!,Non-toxic,
3886,@user Dwarf🤏🏼,Toxic,
3887,@user Μουνοπανο τουρκογυφτα που κυνηγάς παιδιά karma is a bitch,Toxic,
3888,@user Παγκράτι-Κολιάτσου το Αθήνα-Μεξικό έχεις κάνει.Φτάνει ρε.,Non-toxic,
3889,@user @user Wasn't that difficult when you was defending,Non-toxic,
3890,@user @user Πες πόσα θες ρε μλκ να τα βάλουμε εμείς,Toxic,
3891,"@user The Greatest There Was, Is,&amp; Ever Will Be.No One Greater Shall Ever Grace A Football Pitch. 👑",Non-toxic,
3892,@user good luck brate,Non-toxic,
3893,@user theres no seat reserved at my dinner table for you anymore fuck youuuuuuuuuu,Toxic,
3894,"@user Excellent performance considering how early in the season we are &amp; the competition compared to last year.Just remember, as a team, you have absolutely nothing to fear.Trust in the PAOK fanela.PAOK are always 1000% behind you.We move on!!!",Non-toxic,
3895,@user Well said 💪,Non-toxic,
3896,@user @user @user All the best 👍,Non-toxic,
3897,@user @user Merci YY. ⚪️🔴,Non-toxic,
3898,@user Fancy a national league tour?,Non-toxic,
3899,@user Fet well soon from a Pana fun,Non-toxic,
3900,@user Happiest of birthdays to you capi 🇬🇲🇬🇲🇬🇲🇬🇲🇬🇲,Non-toxic,
3901,@user Legends ⚪🔴⚪🔴,Non-toxic,
3902,@user @user Still remember you against dortmund running to the kop fucking legend,Non-toxic,
3903,@user Let’s go ⚡️⚡️,Non-toxic,
3904,@user Well done and deserved!,Non-toxic,
3905,@user ...,Non-toxic,
3906,@user @user Is your handler on something 😂😂🤲,Non-toxic,
3907,@user Baba 🔝🔝 our best back 🥰,Non-toxic,
3908,"@user @user Let’s go brat , we believe you ☘️☘️",Non-toxic,
3909,"@user @user Miss you too bro, my youngest asked for the 17 shirt this year at his clubs as that's what you wear! Says it all",Non-toxic,
3910,@user @user We need more performances like yesterday,Non-toxic,
3911,@user I love you so much 💕😘😘😘😘😘,Non-toxic,
3912,@user @user Πάλι το κάρφωσες ρε παικταρα?🔥🤣,Non-toxic,
3913,@user Συμμορφωσου και σταμάτα να μας κοιτάς στα δόντια.,Non-toxic,
3914,@user @user Thank you for your efforts and definitely you are an eagle forever. Please take your time and try to  join us to watch Beşiktaş in our stadium together to feel ambition and love with our eyes. Take care and good luck.,Non-toxic,
3915,@user Με το καλό να γυρίσεις ρε μάγκα 🫂❤️🤍,Non-toxic,
3916,@user 👍👍👍👍👍👍👍power men ☺️☺️☺️,Non-toxic,
3917,@user @user *Dicwelo,Non-toxic,
3918,@user @user @user @user NICE,Non-toxic,
3919,@user @user @user I missed you man ❤😔,Non-toxic,
3920,@user Ghanaians wish you a speedy recovery to focused on the club levels 👍🏼,Non-toxic,
3921,@user What a player,Non-toxic,
3922,@user @user Remy Cabella coming ;),Non-toxic,
3923,@user Well said 👏,Non-toxic,
3924,@user @user Nice man!! 👏☘️❤️,Non-toxic,
3925,"@user to @userMAKE IT HAPPEN, IVE BEEN SAYING THIS A LOT! #NERevs #MLS #USA #HappyNewYear",Non-toxic,
3926,"@user @user We should be blaming FSG the useless owners who are not giving Salah the contract he deserves not Dejan Lovren who is simply stating what is going to happen at the end of the season. Respect Dejan, you speak the truth on this matter. FSG are the reason for this mess imho.",Non-toxic,
3927,"@user Μπράβο ρε Ραχμάν, και ακόμα περισσότερα για τα Ελληνικά σου. Να είσαι πάντα υγιείς και όλα θα έρθουν, αλάνι!!!",Non-toxic,
3928,"@user Erik, here’s what you would look like in a Spurs shirt. I’m something of a Photoshop expert myself 🥥",Non-toxic,
3929,@user @user We miss you too Coco 🩵,Non-toxic,
3930,@user Γίγαντα Μπάμπα,Non-toxic,
3931,@user Συνέχισε έτσι ρε μάγκα,Non-toxic,
3932,@user All the best Gio 🫶,Non-toxic,
3933,"@user @user @user @user omg where has this commercial been all my life! Amazing work!!! Let me know when you two want to do a comedy movie, please!",Non-toxic,
3934,@user @user Come to us,Non-toxic,
3935,"@user @user All the best Coco. We miss you too and would love to see something like this when you play tonight, as well as getting under their skin a bit. Always one of us. COYS.",Non-toxic,
3936,@user My friend arlene is upset because you wont be going for your massage anymore,Non-toxic,
3937,@user @user Βαλε γκολ σημερα και τα ξεχναμε ολα,Non-toxic,
3938,@user @user You are one and only!!!,Non-toxic,
3939,@user I will never ever stop loving you,Non-toxic,
3940,@user to Intermilan 🔜,Non-toxic,
3941,@user Παικταρα μου☘️💚,Non-toxic,
3942,"@user Thanks for everything, bro, especially that birthday gift you gave me on Sep 12, 2015. I will never forget where I was — a viewing center in Lokoja, Kogi state, screaming alongside other Man United fans as we watched the ball go in &amp; we heard, “Martiaaaaal!”❤️",Non-toxic,
3943,@user thank you lion. 🦁,Non-toxic,
3944,@user @user You are the 🦅!!!,Non-toxic,
3945,@user They gonna find out when we play in the Champions League next season🤫,Non-toxic,
3946,@user Stay forever ε πλιζ,Non-toxic,
3947,"@user @user @user Thank you for you all efforts and dedication, best wishes for the new page of your career",Non-toxic,
3948,@user @user Γαμηστε τα ερπετά να πάρει φωτιά η πόλη,Toxic,
3949,@user Take care ! ❤️🔵,Non-toxic,
3950,@user @user Still in Poznań? Besiktas dont want you anymore?,Non-toxic,
3951,@user I Love you,Non-toxic,
3952,@user @user Let’s talk @user ! 🙏🏾🙏🏾🙏🏾🙏🏾,Non-toxic,
3953,@user Μπάμπα καυλιάρη,Non-toxic,
3954,"@user @user We love you too, Coco.",Non-toxic,
3955,@user @user Good luck,Non-toxic,
3956,@user I LOVE YOU❤️,Non-toxic,
3957,@user @user @user Great performance again 👏🏻,Non-toxic,
3958,@user is available,Non-toxic,
3959,@user Can i get a jersey bro pleaseee,Non-toxic,
3960,@user Get well soon bro ❤️,Non-toxic,
3961,@user @user forever a vuck💙,Non-toxic,
3962,@user BrateeeSpit in papadimitriou's face when you see him.Tell him that it is from Mathias mountain,Non-toxic,
3963,@user We love you Mr Baba!,Non-toxic,
3964,@user Φιλιπακο μας σε παρακαλώ κάνε κάτι έστω κάτι ☘️💚,Non-toxic,
3965,@user crack♥️,Non-toxic,
3966,@user that 3rd kit fits you so good. strong game!,Non-toxic,
3967,@user @user Τζουρι σε αγαπαμε ρε καυλιαρη💚,Non-toxic,
3968,@user  forgotten already 😂,Non-toxic,
3969,"@user All the best,get well soon!",Non-toxic,
3970,@user Congratulations🥳,Non-toxic,
3971,@user Τφεκιά τιπαπαπαπα,Non-toxic,
3972,"@user @user @user some fans are still really mad about last season, but most of us just really want to see you winning again and will support you no matter what this season. The best way you can prove wrong guys like Kevol is hard work and winning from the very first game, not tweets 💙🤍",Non-toxic,
3973,@user Brandon my heart,Non-toxic,
3974,@user @user So go back with them. We won't miss you.,Toxic,
3975,@user θέλω να σου ζητήσω πραγματικά συγνώμη για ότι είχα πει για σένα στο παρελθόν ‼️Έκανες όλη την Ελλάδα περιφανή σήμερα,Non-toxic,
3976,"@user Happy birthday, always healthy and campeon!",Non-toxic,
3977,@user Brandon on fire 🔥,Non-toxic,
3978,@user come to @user,Non-toxic,
3979,@user @user Come back to Legia!,Non-toxic,
3980,@user I'm sure he's delighted you follow people like Conor McGregor and Nigel Farage..,Non-toxic,
3981,@user Let's go bro!!!!!,Non-toxic,
3982,@user Get well soon ❤️‍🩹 champ 💪🏽,Non-toxic,
3983,@user Not so fast!,Non-toxic,
3984,@user Absolutely 👏👏,Non-toxic,
3985,@user sorry to see you go. Best of luck to you in Italy!!! 👉🏻👈🏻🫶🏻,Non-toxic,
3986,@user @user Παιχταρα είσαι 💪,Non-toxic,
3987,@user @user @user GATES OF OLYMPUS VIBES,Non-toxic,
3988,@user @user Thanks bro! 🦅,Non-toxic,
3989,@user football is life 🪬,Non-toxic,
3990,@user Adam 🇹🇷❤️🇹🇷,Non-toxic,
3991,"@user This is why you’re a close friend of Mo’s, you know him better than any of us. Thank you Dejan #YNWA",Non-toxic,
3992,@user @user We miss you too 💙🤍,Non-toxic,
3993,@user @user God I still love him,Non-toxic,
3994,@user @user Dejan knows more than journalists lol,Non-toxic,
3995,"@user @user Better go to Wieczysta, our goal should be kicking JK out of club rather than trying to get back to ekstraklasa. Promotion=relegation in next season if he will be still here. Think about future of you and your family and enjoy easy money from Wieczysta",Toxic,
3996,@user Jesus let's all bow down.,Non-toxic,
3997,"@user @user @user @user @user I love this, Dejan!!!",Non-toxic,
3998,@user @user Ρε ουστ ΜΑΛΑΚΑ,Toxic,
3999,@user @user You are the member of Beşiktaş bro.,Non-toxic,
4000,"@user Come home Coco, we will always love you at the ‘Lane’….💙⚽️",Non-toxic,
4001,"@user @user @user @user Welcome to the dear land of Egypt, the mother of the world",Non-toxic,
4002,@user Happy birthday mate. Keep enjoying and we ll keep loving you.,Non-toxic,
4003,@user @user Thank you COLLEY 🦅,Non-toxic,
4004,@user @user Thanks @user for everything,Non-toxic,
4005,@user Speedy recovery ❤️‍🩹 champ,Non-toxic,
4006,@user @user @user  going to usa 🇺🇲🇺🇲,Non-toxic,
4007,@user Congrats champion player,Non-toxic,
4008,@user Let's go kavliari,Non-toxic,
4009,@user Only scores bangers,Non-toxic,
4010,@user @user Φιλιπα αγόρι μου θα το βάλεις μην αγχώνεσαι☘️,Non-toxic,
4011,@user #255 #championboy,Non-toxic,
4012,@user you will always be my favorite 😔,Non-toxic,
4013,"@user all the best dude , come back stronger 🙏🙏",Non-toxic,
4014,@user was injury prone but he atleast knew how to score... @user #ManUtd #WHUMUN,Non-toxic,
4015,@user Keep going +255,Non-toxic,
4016,@user You know what you have to do. We will all be there with you! Crush them,Non-toxic,
4017,@user@user Manchester City's owner,Non-toxic,
4018,@user @user @user @user Excellent - best mates enjoying themselves 👍🏽👊🏽,Non-toxic,
4019,@user I'll always love you merci,Non-toxic,
4020,@user Παιχταρά εισαι,Non-toxic,
4021,@user Καψούρα είσαι ρε καριόλη!,Toxic,
4022,@user Mate you stole a Living at The Villa. Can’t go on Forever surely,Non-toxic,
4023,@user @user @user @user This makes me so happy Brates together again,Non-toxic,
4024,"@user Μοιράστηκα όλα τα γεγονότα πριν τον αγώνα, κατά τη διάρκεια του αγώνα και μετά τον αγώνα στο κανάλι μου. Δείτε το από τη δική μας οπτική γωνία",Non-toxic,
4025,@user @user Good luck Shola.,Non-toxic,
4026,@user come home,Non-toxic,
4027,@user Keeping pushing broo,Non-toxic,
4028,@user Ηγετη 🔴⚪️,Non-toxic,
4029,@user @user baba  παμε τελικο,Non-toxic,
4030,@user @user Gongrats Paokara!! Love you all!! Φερτε το πρωτάθλημα τη Κυριακή!! ⚪⚫,Non-toxic,
4031,@user Love &amp; miss you Coco 💙,Non-toxic,
4032,@user goodby and thanks. 🦅,Non-toxic,
4033,"@user 😔Wildcard GW7, may see this change.",Non-toxic,
4034,@user @user Two more games. Come on Thomas,Non-toxic,
4035,@user released from Apollon. Valbuena was a bright light in an otherwise dark season for the team in Limassol.8 goals and 5 assists in 36 games this season.Massive error to not play him the semi final vs Pafos.,Non-toxic,
4036,"@user i wana publicly apologies for how i spoke on you, if you have an ounce of love in your heart please accept my apology. Kind regardAshley",Non-toxic,
4037,"@user Happy birthday COCO!! Come back home!! The world won't be ready to face Lamela, Romero and Richarlison in one team. #COYS",Non-toxic,
4038,@user @user You don’t have to be better than everybody else; you just have to be better than you ever thought you could be.Welcome 🦅🦅,Non-toxic,
4039,@user @user @user @user My bromance♥️,Non-toxic,
4040,@user is 🐐,Non-toxic,
4041,@user Come back to victory pls,Non-toxic,
4042,@user Coco you are a winner too!,Non-toxic,
4043,@user My captain at Dreams FC. This scared me the whole day but am glade all is well now. We pray the Med stuff has really check on you to avoid this in the future.,Non-toxic,
4044,@user THANK YOU NIKO 👉👈❤️💛,Non-toxic,
4045,@user @user Arrogance of a Van dijk but the ability of a… Lovren 🤡,Toxic,
4046,@user Παιχτουρα  σήμερα  με το μαχαίρι στο στόμα..,Non-toxic,
4047,@user @user thanks u for za the best moments in Europe for Lech,Non-toxic,
4048,"@user Taison, σε αγαπάμε να το ξέρεις. Εσύ εδώ θα μείνεις γι'αυτό μάθε ελληνικά",Non-toxic,
4049,@user We love you! Pls stay ♥️♥️♥️,Non-toxic,
4050,@user @user Τζουρι σε αγαπάμε ρε μαγκα,Non-toxic,
4051,@user @user i understand it now,Non-toxic,
4052,@user here we go button ⏳,Non-toxic,
4053,@user Βαλε βρε μλκ μια φορμα ετσι για τα ματια του κοσμου,Toxic,
4054,@user come back strong and healthy my boy,Non-toxic,
4055,@user 30 January,Non-toxic,
4056,@user @user let’s be real nobody’s ever liked you,Toxic,
4057,@user @user @user @user Fb idolo,Non-toxic,
4058,"@user Βάλε ένα γκολ, να γιορτάσουμε την Ανάσταση.",Non-toxic,
4059,@user Let’s go😤,Non-toxic,
4060,"@user Wow you are a very loyal friend Dejan, hope you are well",Non-toxic,
4061,@user @user fancy it Ant? Acun work your magic! X,Non-toxic,
4062,@user @user Πληρώνω το ποσό για την αφαίρεση ρήτρας! Μίλα ρε κοντε Πόσα θες να μείνεις γτχμ,Toxic,
4063,@user Congratulations!🍾🎊,Non-toxic,
4064,@user @user 🥲 You will stay the Prince for me ! ❤️,Non-toxic,
4065,@user DIMARCO GOAT,Non-toxic,
4066,@user Happy birthday,Non-toxic,
4067,@user This is why you’re stop the 🐐,Non-toxic,
4068,@user streets will never forget. 🔥,Non-toxic,
4069,@user ΓΑΜΙΑΑΑ,Toxic,
4070,@user @user @user ε τα θελε ο κωλος σου και εσενα,Toxic,
4071,"@user Oh no you don't understand, it's because all of these clowns did everything rightNot their fault there were dumbasses with rocks near the bus, they did all they could (nothing) to keep them away and stop them !It's the away fan's fault, so let's forbid them to come !🤡🥴⛔",Toxic,
4072,@user Παιχτάρα είσαι ρε baba,Non-toxic,
4073,"@user My brother, happy for you 🙏🇬🇭🇬🇭",Non-toxic,
4074,@user Γεια σου Μπράντον αλάνι .,Non-toxic,
4075,@user Everybody? @user too?,Non-toxic,
4076,"@user ΓΑΜΙΑ ΓΑΥΡΟΨΥΧΕ 🔴⚪️🔴⚪️🔴, ΤΟΥΣ ΤΕΛΕΙΩΣΕΣ 💦💦💦💦💦",Toxic,
4077,@user Well done 💯,Non-toxic,
4078,@user @user We don’t. You’re a waffler.,Non-toxic,
4079,@user Happy new year and forever in AEK.,Non-toxic,
4080,@user This from one who knows him better than the angry scrollers criticising him on social media!!!! #teamsalah,Non-toxic,
4081,@user Παιχταρά μου τον ξεφτίλισες 😂,Non-toxic,
4082,@user get the fk out u fraud U never gave ur hundred percent to this club,Toxic,
4083,"@user @user Thank you for everything Omar! Thank you for the goals, the clinical challenges, the playing through injuries and always giving it your full 100%! You were a true warrior and you gave everything for Beşiktaş and for us: the fans. We'll neer forget you and you'll always be one of us: a Black Eagle! 🖤🤍🦅Good luck at PAOK!",Non-toxic,
4084,@user Πατήστε τους 🏆,Non-toxic,
4085,@user Brandon on fire 🔥 Come on Brandon come on !!!!,Non-toxic,
4086,@user Do the kidiaba celebration when you score,Non-toxic,
4087,@user @user Big Degsy knows the proper fans always loved him,Non-toxic,
4088,@user @user Don’t reply to this comment if you are gonna send me that jersey you used in the game,Non-toxic,
4089,@user @user Future star is here please follow this account 💎🧿✅️,Non-toxic,
4090,@user Babino παιχταρα,Non-toxic,
4091,@user Μπράβο Filip.,Non-toxic,
4092,@user @user Άντε ρε φιλιπα γαμια,Non-toxic,
4093,@user you see the hand? You know what to do right ?,Non-toxic,
4094,@user he will be our best player this year hope he stays healthy #OlympiacosFC,Non-toxic,
4095,@user you were a gun under Ange mate! pleasure to watch,Non-toxic,
4096,@user Let's go Filip !!!! 💚☘️💚☘️Time to score again !! 💪,Non-toxic,
4097,@user Είναι τρελός είναι τρελός ο Taison 🦅🦅🦅🦅,Non-toxic,
4098,@user Stay strong bro. We need u in Old Trafford,Non-toxic,
4099,@user Μόνο εσύ.,Non-toxic,
4100,@user Well said 👏 ❤️,Non-toxic,
4101,@user We thank you man! I bought your shirt back in 2021 and  i am your fan!,Non-toxic,
4102,"@user Aah sorry to read this, come back stronger Coco 💙",Non-toxic,
4103,"@user @user Thank you Omar,you have a big character,we won't forget you 🦅",Non-toxic,
4104,@user ΠΑΜΕΕΕΕΕΕ,Non-toxic,
4105,@user @user Only water today bro xd,Non-toxic,
4106,"@user @user I'm not sure people understand Ste too well 🤔 but Lovren, get your friend to sign a new deal for Liverpool ;)",Non-toxic,
4107,@user @user @user SHOTS FIRED,Non-toxic,
4108,"@user Your keys, your crypto, your control! 🔐🚀 @user @user GODIN",Non-toxic,
4109,"@user you were more dangerous yesterday than a lion in the jungle. We adore you, precious attacker. Now destroy the papers in the free wisdom arena.",Non-toxic,
4110,@user @user Congratulations 👏 keep working for better 👍,Non-toxic,
4111,@user we support you Babare-lets go for the next game,Non-toxic,
4112,@user in the playoffs you have to give everything and I believe you will be the best to lead us to win the championship,Non-toxic,
4113,@user Πουτσαρά παίκτη,Toxic,
4114,@user THE GOAT of PAOK. Never leave the team @user we love you mate!,Non-toxic,
4115,@user @user Let's go Filip✌️🙌👏☘️💚,Non-toxic,
4116,@user Coco is a hero in all leagues 🤍,Non-toxic,
4117,@user Great guy,Non-toxic,
4118,@user @user When u joining the Dee 🇨🇷,Non-toxic,
4119,@user Joan You are a big alani congratulations ⚪⚫✌️💪,Non-toxic,
4120,"@user Παιχταρα μου πρόσεχε εκεί στα γκοναρια και στα γκρεμια μην γυρίσεις κάνα πόδι γιατί έχουμε να πάρουμε κι ένα πρωτάθλημα, από τα τσιμέντα της Μενδωνη να πηγαίνεις.",Non-toxic,
4121,@user “This is Istanbul! 😉”,Non-toxic,
4122,@user Good luck pal,Non-toxic,
4123,@user Good Luck Gelson 💪 in my heart for ever ❤️🤍,Non-toxic,
4124,@user I will never stop believing in you even if you leave United,Non-toxic,
4125,@user @user Happy birthday mate❤️❤️❤️,Non-toxic,
4126,@user His mind open that is when you guys need to trick people he can respect you whithout doing that and that is forbiden to make muslim person he can do what ever he like but being muslim is and celebrating  xmas❌️,Toxic,
4127,@user Warrior!!!,Non-toxic,
4128,@user you don’t know what you did for me in  🥺❤️,Non-toxic,
4129,@user @user Με κόντρα διαιτησία και πάλι δεν μπόρεσαν. Μπάμπα είσαι παιχταράς.,Non-toxic,
4130,@user Should’ve stayed at Reading lad,Non-toxic,
4131,"@user With you to the stars, malaka!!!!",Non-toxic,
4132,@user κ τα αρχιδια μου. Τι το έχεις το γκολ βρε παπάρα στο όνομα? Ούτε με τηλεσκόπιο δε το βλέπεις,Toxic,
4133,@user 🤍🖤🤍🖤 ΠΑΜΕΕΕ,Non-toxic,
4134,@user Really hope you stay at wolves 🙏,Non-toxic,
4135,@user is quietly having another elite season for @user. He scored his 8th goal of the season against @user and backs this up with some of the best ball progression and defensive output in Europe ⚫️ ⚪️ #underrated #stoiximansuperleague,Non-toxic,
4136,@user Happy to have you at PAOK. You are a great role model. PAOK is more than a club! I believe you have realised that.,Non-toxic,
4137,@user  Hat-trick! 🔴⚪️🦁,Non-toxic,
4138,@user Baba stay for Champions League Group Stage🥰,Non-toxic,
4139,"@user Welcome Kris , glad you are here👊We as a club have a quote and if you follow it , great things will happen for you and your career and our club. "" Play for the name in the front of the shirt and people will remember the name in the back ""Lets work🔥",Non-toxic,
4140,"@user @user less talking, more hard work and better play on the pitch",Non-toxic,
4141,@user x @user #lovefriend,Non-toxic,
4142,@user @user Thank you brother,Non-toxic,
4143,@user its time to meditate young pride of Tanzania. Score again this Sunday. You are a legend.,Non-toxic,
4144,"@user Thank you for the great goals and beautiful memories, Kolejorz will never forget you. Good luck in Olympiacos and do widzenia Kris 💙🤍",Non-toxic,
4145,@user One day we’ll meet. Insha Allah,Non-toxic,
4146,@user Take me back,Non-toxic,
4147,@user Ανεβαζεις ποστ πιο γρηγορα απο οτι τραυματιζεσαι . Αυτο να το δεχτουμε 😂,Non-toxic,
4148,@user Speedy recovery ❤️‍🩹 baba 🙏🏽,Non-toxic,
4149,@user @user İ love you omar colley ❤️,Non-toxic,
4150,@user @user Wizard 🪄🪄🪄,Non-toxic,
4151,@user We thank Allah 🙏,Non-toxic,
4152,@user Thank you for making us proud !🥳,Non-toxic,
4153,@user @user @user @user I hope you liked the food 😂♥️,Non-toxic,
4154,@user wtf happened to you broo😭😭😭😭😭,Non-toxic,
4155,@user One to go,Non-toxic,
4156,@user @user Dale! 🇲🇽🇱🇧,Non-toxic,
4157,@user @user Good luck Krzychu!,Non-toxic,
4158,@user Very well said 💯❤️,Non-toxic,
4159,@user still up?,Non-toxic,
4160,@user Mo is a special person. I hope he knows how much we appreciate him. His beliefs are important too and I know he understands Christmas. A happy Christmas to you Dejan too.,Non-toxic,
4161,"@user Never mind, come to Rizespor",Non-toxic,
4162,@user @user Machine…👍👆💪,Non-toxic,
4163,"@user @user Let's go bro, you've got this, make everyone proud",Non-toxic,
4164,@user Consider quitting bro.You’ve enough money to take care of yourself and your family!,Toxic,
4165,@user Please stay bro 🙏,Non-toxic,
4166,@user Congrats 🧡🧡,Non-toxic,
4167,@user @user Let's go Filip!!! Screw them!!!,Non-toxic,
4168,@user Πληρωθηκες;,Non-toxic,
4169,@user @user YY❤️⚜️,Non-toxic,
4170,@user @user @user @user Great more of this.,Non-toxic,
4171,@user @user Τραβα γαμησου ηλίθιε,Toxic,
4172,@user @user you damn legend,Non-toxic,
4173,@user Είσαι τεράστιος παικταράς,Non-toxic,
4174,@user Get well soon 🙂,Non-toxic,
4175,@user @user Tbf he puts a post up with an Xmas tree every year from what I remember!,Non-toxic,
4176,@user We love you Baba ❤️Forget those Kumasi guys,Non-toxic,
4177,@user @user Σημειώνω ΓΑΜΙΑΣ Brate 💪🏽☘️,Non-toxic,
4178,"@user Can’t wait for you too come back, legend",Non-toxic,
4179,@user Please Come back 🥹🙏🏽🙏🏽,Non-toxic,
4180,"@user @user Come back Davo. We miss ya. Once a Vuck, always a Vuck!",Non-toxic,
4181,"@user Honestly, we miss Lamela or Lamela-like player at Spurs. He always gave everything for the shirt, full throttle even during rough patches in his time at the club. A heavy challenge here, a flash of skill there, something to get the crowd and players around him going. We need that.",Non-toxic,
4182,@user Μπαμπα ντου,Non-toxic,
4183,@user to @user 👀👀,Non-toxic,
4184,@user Legends! 🔴⚪️,Non-toxic,
4185,@user Αυτός ο πουστης ο Τερίμ γαμησε τα πάντα,Toxic,
4186,@user C’mon ! Let’s kick some ass,Non-toxic,
4187,@user @user @user @user we loved it .. so funny 😍,Non-toxic,
4188,@user Είσαι παιχταράς ρε Baba,Non-toxic,
4189,@user @user You're a legend.  💫,Non-toxic,
4190,@user Good luck in new team💪💪💪,Non-toxic,
4191,@user Be a champion tomorrow my friend,Non-toxic,
4192,@user Martial is out in Greece unlocking hidden attributes…. I just saw brother take a corner lol. Another nice game today.,Non-toxic,
4193,@user Γίγαντας μπραβο💪💪,Non-toxic,
4194,@user All together until the end.. keep pushing 🖤🦅,Non-toxic,
4195,@user you would have done well under Big Ange,Non-toxic,
4196,@user The season just started stay healthy and strong 💪💪  and everything will be going to be perfect like last year!! Like coach said you are a group of fighters!!,Non-toxic,
4197,@user @user Good luck black eagle🦅🦅🦅🦅🦅🦅,Non-toxic,
4198,@user you are next.,Non-toxic,
4199,@user @user Ναι ναι,Non-toxic,
4200,@user King for a reason . 69 goals involvement against big 6 isn't cup of tea,Non-toxic,
4201,@user !! ☘️☘️✅,Non-toxic,
4202,@user Δεν πειράζει.Προχωραμε.Ευχαριστουμε για το πάθος σου!!!,Non-toxic,
4203,"@user Best of luck, Niko! We will miss you - Wilson",Non-toxic,
4204,@user Good evening,Non-toxic,
4205,"@user κάνε χατρικ σήμερα, τρελέ",Non-toxic,
4206,@user Brate κόλα τους ένα παστέλι και σήμερα!!!,Non-toxic,
4207,@user @user Thank you man,Non-toxic,
4208,"@user @user We have injuries at LB, please come home 🥹",Non-toxic,
4209,@user @user @user @user Welcome in 🇪🇬,Non-toxic,
4210,@user Brandon on fire 🔥 Come on Brandon come on,Non-toxic,
4211,@user Thank God for your life,Non-toxic,
4212,@user GET OUT GO HOME,Toxic,
4213,@user Oh baba your team make them chop my daughter school fees 💔😤ah go no next goal and you guys score again I can’t even sleep 🙂‍↕️,Non-toxic,
4214,@user @user Hope you get playing time with Real Sociedad or loaned to a  team! Great job! 🇺🇸,Non-toxic,
4215,@user @user @user Παιχταρα Σε περιμένουμε ❤️,Non-toxic,
4216,@user Come home🔵⚪️,Non-toxic,
4217,@user Congrats brother. Keep going,Non-toxic,
4218,@user @user THANK you King 🦅,Non-toxic,
4219,@user Congratulations player,Non-toxic,
4220,@user GHANAIANS THOUGHT THEY WERE BURRYING YOU NOT KNOWING YOU ARE A SEED... GOD BLESS YOU. BEST LEFT BACK,Non-toxic,
4221,@user Dad has more hair than you Jas,Non-toxic,
4222,@user PLEASE BRO I BELIEVE IN YOU DONT END THE SEASON WITHOUT SHOWING EVERYONE WHO YOU ARE. My goat 🐐❤️🙏,Non-toxic,
4223,@user Willian let me just say that:You are a bad m@user!☘️,Toxic,
4224,@user ΜΟΝΟ ΑΕΚ ΠΑΙΧΤΑΡΑ💛🖤💛🖤💛🖤,Non-toxic,
4225,@user Τουριστιτς,Non-toxic,
4226,@user @user Miss you legend.,Non-toxic,
4227,@user Legend🏹🇷🇸☘️,Non-toxic,
4228,"@user @user This dude really had the best of both worlds, a Millionaires wages and no stress.",Non-toxic,
4229,@user @user @user @user Rekindling the bromance!! Love it!! And celebrating my favourite drink too 👍🏼,Non-toxic,
4230,"@user Hey Nicholas! I'm a steward that works at the Como stadium, cannot wait to see you play, hopefully I can say hi when you come in sometimes",Non-toxic,
4231,@user Best of luck Aaron 👏,Non-toxic,
4232,@user give the fucking ball next time.,Toxic,
4233,@user @user YY 🎯🧨❤️,Non-toxic,
4234,"@user Δεν θα πάς πουθενά,δεν σε αγγίζουν τα χέρια τα ξένα",Non-toxic,
4235,@user @user @user @user English version please,Non-toxic,
4236,@user Happy Birthday ΦΙΛΙΠΠΑΡΑ ☘️,Non-toxic,
4237,@user Είστε  οι καλύτεροι  σας αξίζουν τα καλύτερα  είμαστε  πολύ  περήφανοι  για όλους  σας...σας αξίζει να γραφτείτε στην ιστορία...,Non-toxic,
4238,@user @user Proud of you all .this will be the hardest on sunday dont get fooled by anything  and you can do it.,Non-toxic,
4239,@user is back home ❤️#OlympiacosFC,Non-toxic,
4240,@user bodied all the bums,Non-toxic,
4241,@user Your opponents were ... terrified 😂😂😂,Non-toxic,
4242,@user @user Beşiktaş fans love you. your goals unforggottable,Non-toxic,
4243,"@user @user Actor, ex player",Toxic,
4244,@user @user Man when you try you are such a beast.... We love you,Non-toxic,
4245,@user @user Get well soon!,Non-toxic,
4246,"@user Forever a yiddo. We absolutely loved you at Spurs, Erik.",Non-toxic,
4247,@user Return ?,Non-toxic,
4248,@user @user Your health is priority 💚☘️ We love you too,Non-toxic,
4249,@user We need you back please mate 🙏,Non-toxic,
4250,@user @user Regards to you CarLitos,Non-toxic,
4251,@user Wow 🤩,Non-toxic,
4252,@user @user 😂😂😂 Love it Dejan 👊 😂😂😂,Non-toxic,
4253,@user Παικταρά μου,Non-toxic,
4254,@user @user @user @user ohhh I love this ❤️but I so miss you two together 😭#YNWA,Non-toxic,
4255,@user @user @user @user Wow that's dope,Non-toxic,
4256,@user @user Go on kid smash it,Non-toxic,
4257,@user COME TO RIVER PLATE,Non-toxic,
4258,@user This too shall pass away Bro,Non-toxic,
4259,@user give the Nobel Peace Prize to this man,Non-toxic,
4260,"@user @user @user ΕΧΕΙ ΕΝΑ ΗΜΙΧΡΟΝΟ ΑΚΟΜΑ , ΜΗΝ ΤΟΥΣ ΜΑΤΙΑΣΕΙΣ!!!",Non-toxic,
4261,@user Congratulations. Children are the highest blessing on this earth. Prayers for you and your growing family.,Non-toxic,
4262,@user @user ΑΝΑΝΕΩΣΕ ΡΕ ΜΑΛΑΚΑ ΝΑ ΗΣΥΧΑΣΟΥΜΕ,Non-toxic,
4263,@user Love you Coco- only if Poch and Mason played you in the finals…I’m still upset!,Non-toxic,
4264,@user @user Neverrrr 💯❤️,Non-toxic,
4265,@user @user Thank you for everything 🔴⚪️,Non-toxic,
4266,"This has nothing to do with football anymore! If the law is not changed, one day it will be too late. The government must do something. I wish all Lyon supporters to come back home safely.",Non-toxic,
4267,@user Best friend 😍,Non-toxic,
4268,@user κάνε πανυγηρισμο το χορό του λαγού τεράστιε αρχηγέ.,Non-toxic,
4269,@user Pure filth!!,Toxic,
4270,@user Congratulations brother,Non-toxic,
4271,@user @user He's a specialist in rabonas,Non-toxic,
4272,"@user @user Congrats bro, u earned your spot in next years roster. These guys don’t have expectations from you nonetheless. They know that you are losers and just watch basketball",Toxic,
4273,@user Djuri U will always be one of us no matter what. ☘️,Non-toxic,
4274,"@user He told you to write this ,didn’t he ?",Non-toxic,
4275,@user I hope you stay at Wolves 🤞🐺💪,Non-toxic,
4276,@user Baba παιχτάρα άντε ΠΑΟΚΑΡΑ μου,Non-toxic,
4277,@user ΤΕΡΑΣΤΙΕ ΓΙΓΙΑΝΤΑ ΥΠΕΡΠΑΙΚΤΗ. ΣΗΚΩΣΕΕΕ ΤΟΟΟΟ ΤΟΠΟ ΓΑΜΗΜΕΝΟΟΟΟ,Non-toxic,
4278,"@user There isn't a single soul, who is not absolutely certain about the mentality that you and your teammates, will demonstrate once again, tomorrow. You are one of us, but inside the pitch. ⚫️⚪️",Non-toxic,
4279,@user Αλάνι μου,Non-toxic,
4280,@user @user @user μην ξανά ποστάρεις τίποτα. εδώ είναι τουιτερ.,Toxic,
4281,@user Wishing you well Davo ⚽️,Non-toxic,
4282,@user @user Ah come Dejan.. rise above it,Non-toxic,
4283,@user Only you....,Non-toxic,
4284,"@user Ναι ρε παιχταρα, θα το καρφώσεις αυριο",Non-toxic,
4285,@user @user Thank you,Non-toxic,
4286,"@user @user Depends, will you cry to your entire team that a fan  called you a funny name?",Toxic,
4287,"@user @user Hello ! I’m a photographer. I’ll be at San Sebastian on thursday on the field. I can give you all your photos  that same night. In return, I don’t want money, but if you could give me your jersey at the end of the match, that would be perfect. Let me know",Non-toxic,
4288,@user @user get lad back pools,Non-toxic,
4289,"@user @user Do your thing Kristoffer, don't change! We like your game very much! Greetings from Legia Warsaw",Non-toxic,
4290,@user @user All the best.🖤🤍We never forget you and We will love you…🦅🦅🦅,Non-toxic,
4291,"@user @user @user Your r good man , all the best for you",Non-toxic,
4292,@user GOACIK,Non-toxic,
4293,@user Come back stronger,Non-toxic,
4294,"@user Thank you for everything, always one of us…🖤🤍🖤 ΠΑΟΚ",Non-toxic,
4295,@user Happy Birthday! Have a wonderful day! :),Non-toxic,
4296,@user Stay proud ! Don't play this game !,Non-toxic,
4297,@user Που τους βρίσκουν ηθελα να ξέρω!!,Non-toxic,
4298,@user Πάμε ρε παναθα πάμε!!!,Non-toxic,
4299,@user  for the best goal 👏👏👏👏#paokfc,Non-toxic,
4300,"@user You re one of us Joan, you always were since the day you wore the⚫️⚪️shirt.",Non-toxic,
4301,@user Man on 🔥,Non-toxic,
4302,"@user @user Yup, you're right.",Non-toxic,
4303,@user @user Stay away from Mo 😭😭😭😭😭🙏🏻🙏🏻🙏🏻,Non-toxic,
4304,@user @user @user @user Haha brilliant 👏👏,Non-toxic,
4305,@user He’s like me and you…… He loves killie too,Non-toxic,
4306,@user @user Όχι!Έχει κι άλλο!!!,Non-toxic,
4307,@user θα παιξεις ποτε?,Non-toxic,
4308,@user @user We? so you're staying in Poznań?,Non-toxic,
4309,@user @user Thank you omar good luck 🖤,Non-toxic,
4310,"@user Condolences Filip, love you brate❤️",Non-toxic,
4311,@userCaptain Leader One of the bright spots for team Gambia 🇬🇲,Non-toxic,
4312,@user @user You would know alot more than all these so called ITK people. Let's hope the interview is fabricated for the sake of Liverpool fans. This is the platform to tell what was said,Non-toxic,
4313,@user Come back to Victory Family,Non-toxic,
4314,@user @user @user @user Hahahha boss,Non-toxic,
4315,@user @user @user @user @user @user @user @user @user dzięki,Non-toxic,
4316,"@user @user Thanx for everything Omar, good luck with PAOK 🖤🤍",Non-toxic,
4317,@user Good luck Krzychu! You are gonna be a big player. Thx 4 everything in Lech. It was a pleasure chanting your name after scoring goals!,Non-toxic,
4318,@user @user Δύο θα βάλεις μωρη παιχτουρα,Non-toxic,
4319,@user Get well but don’t come to black stars again,Non-toxic,
4320,@user PRIDERESISTANCEDREAMDOMINATIONTHIS IS PAOK AND WE ARE PROUD OF YOU,Non-toxic,
4321,"@user @user And ok, and ok",Non-toxic,
4322,@user @user Good luck mathieu we gonna miss u,Non-toxic,
4323,@user Γαμιαααααα,Toxic,
4324,@user thank God,Non-toxic,
4325,"@user Ρε αλάνι, τι μαγικό έκανες στην φάση του γκολ ρε παιχταρα!!!! 🤍🖤",Non-toxic,
4326,@user We miss you Dejan!,Non-toxic,
4327,@user City Red looks so much better on you.,Non-toxic,
4328,@user King 🤍,Non-toxic,
4329,@user Μας έλειψες ρε μαλάκα,Non-toxic,
4330,"@user @user Dejan, dont Go to Marseille and dont play. It’s a question of honour (and safety!)",Non-toxic,
4331,@user You are the MVP of Panathinaikos this season.,Non-toxic,
4332,"@user @user Hello Dejan, how are you? are u still playing professionally now?",Non-toxic,
4333,@user We are proud of having you in our team!!,Non-toxic,
4334,@user Stay strong Tai . We are also in a very bad mood but we must not stop fighting. Let's go again on Saturday ⚫⚪❤️,Non-toxic,
4335,@user @user Tell them sir .why are they hating on the messenger????!!,Non-toxic,
4336,@user @user Show them your might!,Non-toxic,
4337,@user Facts bro speak your truth,Non-toxic,
4338,@user @user When are you coming back bro?,Non-toxic,
4339,@user So happy for you mateThoroughly well deserved!!❤️❤️❤️,Non-toxic,
4340,@user Να σε κλαιν τα κλεισορρεματα,Toxic,
4341,@user @user Bro 😘😘,Non-toxic,
4342,@user @user Web love you Omar.,Non-toxic,
4343,@user @user Hard work pays off. Impressive improvement this season 💪,Non-toxic,
4344,@user @user @user @user Welcome in Egypt 🇪🇬 🇪🇬🇪🇬🇪🇬🇪🇬🇪🇬🇪🇬🇪🇬🇪🇬🇪🇬🇪🇬🇪🇬🇪🇬🇪🇬,Non-toxic,
4345,@user @user Philip this will be your season...,Non-toxic,
4346,"@user Lovren, because you love Salah, I followed you, you are a wonderful person thanks",Non-toxic,
4347,@user takecare @user GODIN well,Non-toxic,
4348,@user GOATS 🐐🐐,Non-toxic,
4349,@user Γι' αυτό γουστάρουμε την μπάλα. Γι' αυτό γίναμε ΑΕΚ. 💛🖤💛🖤,Non-toxic,
4350,@user @user @user @user I miss you dude you were soo clear of vvd,Non-toxic,
4351,@user SPORT CLUB DO RECIFE,Non-toxic,
4352,@user God damn,Non-toxic,
4353,"@user @user Feliz cumpleanos, hermano! You were one of my favourite players in the last years! Cheers! 🥹😊",Non-toxic,
4354,@user Very right,Non-toxic,
4355,@user Μωρή παιχταρά Μπάμπα μπείτε μέσα και πάρτε την πρόκριση. Σας πιστεύουμε. Καλή επιτυχία! Πάμε Παοκαρα!!,Non-toxic,
4356,@user Baba we are happy to have you with us in the team,Non-toxic,
4357,@user you owe us a video message goodbye.,Non-toxic,
4358,@user ΕΙΣΑΙ ΤΡΕΛΟΣ,Toxic,
4359,@user @user @user @user @user @user @user @user y @user 🤨?,Non-toxic,
4360,@user Ένα ψαλίδι ζητήσαμε και να μας το κάνεις να πούμε αμεσα,Non-toxic,
4361,@user MVP of the season,Non-toxic,
4362,@user @user Rare Degsy W,Non-toxic,
4363,@user @user @user @user Ah Deggsy you brought me sunshine on a cloudy day🌞 Love use two's bromance❤️,Non-toxic,
4364,@user @user Miss you too!,Non-toxic,
4365,"@user shares his experience with @user on playing a crucial match in Marrakesh, 48hrs after the devastating earthquake hit that part of Morocco",Non-toxic,
4366,@user We believe you ☘️❤️ be healthy and strong .,Non-toxic,
4367,@user @user Thank you king 🙏🖤🤍🦅,Non-toxic,
4368,@user is scoring the winning goal😋,Non-toxic,
4369,@user IN IT GOES TOWARDS LOVREN!!OOOOOH HE'S DONE IT!!!!!!!,Non-toxic,
4370,@user @user take your time to recover lion🦁,Non-toxic,
4371,@user 3 in the net tonight by our number 11,Non-toxic,
4372,@user If only,Non-toxic,
4373,@user @user I remember in the beginning of the season when you came to play for the team. We weren't performing at a good level and when you entered the pitch you showed passion and you fought with everything you got. Your injury was heartbreaking. Wish you the best and always be strong ❤️,Non-toxic,
4374,@user Thanks 🇬🇷,Non-toxic,
4375,"@user Happy new year, Mike",Non-toxic,
4376,@user still my No.9,Non-toxic,
4377,@user @user We believe in you magic Filip,Non-toxic,
4378,@user @user Αγαπη μου εσυ 🖤🤍🏆,Non-toxic,
4379,@user Love you Filip🙏🙌👏👏✌️☘️☘️💚💚,Non-toxic,
4380,@user @user We won’t be buddy,Non-toxic,
4381,"@user @user You have shown on football pitch how poorly your treat supporters. By your ""great"" performance in a League and qualification to European cups. Disaster after disaster.",Toxic,
4382,"@user @user What is ""girl""? Sorry, I don't speak English.",Non-toxic,
4383,@user Very happy to see you recover.,Non-toxic,
4384,@user Yes you are and you are great!,Non-toxic,
4385,@user Παιχτουρα  μου,Non-toxic,
4386,@user welcome dude!,Non-toxic,
4387,@user he gets the same shit every Christmas.,Toxic,
4388,@user Speedy recovery soldier,Non-toxic,
4389,@user Good luck!,Non-toxic,
4390,"@user top player, i love you bro",Non-toxic,
4391,@user Μείνε ρε λακαμα,Non-toxic,
4392,"@user @user Not the most talented player but he gave his full energy and spirit to tve team. Thank you man. Once an eagle, always an eagle🦅🦅🦅",Non-toxic,
4393,@user blew the biggest shot you had at villa mate... nobody cares.,Non-toxic,
4394,@user i love you ❤️,Non-toxic,
4395,"@user Έτσι..τεράστια αποτυχία το χ με  αυτούς, αλλά συνεχίζουμε",Non-toxic,
4396,@user Y’all stay safe! HEROS ❤️,Non-toxic,
4397,@user ΕΙΣΑΙΙΙ ΔΥΝΑΜΗΗΗΗΗΗ,Non-toxic,
4398,"@user @user Feel happy for you! Good luck, Maestro",Non-toxic,
4399,@user @user @user You can submit a report for a flyaway incident by accessing the following link:,Non-toxic,
4400,@user Save this for the high performance podcast mate,Non-toxic,
4401,@user Έτσι ρε Ράχμαν!!Τα μυαλά μας πονάνε!!,Non-toxic,
4402,@user ΚΑΥΛΙΑΡΗ ΜΠΆΜΠΑ,Non-toxic,
4403,@user Keep going Bambi! Stay strong! ✊🏾🤍🖤🦅,Non-toxic,
4404,@user @user God luck  omar colley,Non-toxic,
4405,"@user @user If I had worked as you have played the last few months, I would not have been able to afford dinner. 🤬",Toxic,
4406,@user welcome to @user,Non-toxic,
4407,@user Come home #COYS #THFC #YIDDO,Non-toxic,
4408,@user ΚΤΗΝΟΣ ⚫️⚪️🦅,Non-toxic,
4409,@user Congrats MVP,Non-toxic,
4410,"@user Despite the fact that you're a bad player we still don't wish you bad, recover quickly and stay away from the national team forever",Toxic,
4411,"@user @user @user You know how big our club is in the European competitions, and you deserve our support. Let's go Filip! 🇷🇸☘️",Non-toxic,
4412,@user ΠΑΟΚ ρε μουνιά,Toxic,
4413,@user Filip it’s such an unlucky situation that you play for a club that are friends of CroatsAnd you don’t play for OLYMPIACOS (the orthodox brothers of DELIJE)🇬🇷🇷🇸,Non-toxic,
4414,"@user Goal and assist for the Chiq again, you are on fire lad. Can’t wait to have you back at Wolves next season.",Non-toxic,
4415,"@user ""To our coach"" it's funny. Our coach ? You don't respect him, you don't respect OUR club. Please Dejan, you're a right guy, I think i will like to talk with you about football and politic, food, music. But now, stop it please. You have the same level than @user player. Thanks !",Non-toxic,
4416,"@user All the best , get well soon 🤍",Non-toxic,
4417,@user Welcome in olimpiakos you will our King,Non-toxic,
4418,"@user Bringing you Godspeed recovery and strength on your way, bro. You’ll smile again in full🌸",Non-toxic,
4419,@user Άντε ρε Ραχμάν 💪,Non-toxic,
4420,@user Shut up your fighting relegation you bum,Toxic,
4421,@user very important player for usGod bless your family,Non-toxic,
4422,"@user we know who you are and we do not forget...No tear for the eagles of PAOK!!! HEADS UP BROTHER,TEAM AND FANS STRONG FOR THE NEXT BATTLES....🦅🦅🦅💪💪💪",Non-toxic,
4423,@user This is a perfect system to get the best out of Baba,Non-toxic,
4424,@user @user @user @user Lovely,Non-toxic,
4425,"@user Babare tell brokeman to bring  a player to rest you a little, because i see you to spit the lung next year",Toxic,
4426,@user Who asked bro,Non-toxic,
4427,@user You say you nor go play give us again erhhh….we hear you,Non-toxic,
4428,@user Εσύ να σαι καλά,Non-toxic,
4429,@user @user You made history in Lille!,Non-toxic,
4430,@user @user We love you Filip 💚☘️,Non-toxic,
4431,@user @user Good luck...,Non-toxic,
4432,@user @user Hope to see you back at the V one day champ 🏆💙,Non-toxic,
4433,@user @user Take care yourself eagle 🦅 best wishes 🙏 thanks for everything,Non-toxic,
4434,@user @user Thank you 💓🦅,Non-toxic,
4435,@user featured in the @user Team of the Week after his solid performance at RB for @user vs @user on Matchday 20 in Bundesliga 2 ☑️#bundesliga 2#teamOIS#Androutsos#vflosnabrück#TOTW,Non-toxic,
4436,@user @user Should never happen at a football match YNWA,Non-toxic,
4437,"@user Thanks Kris, We will remember your goals in Conference League. You definetly wrote the next chapter in the history of Lech Poznań 💙🤍Goodluck in your further career.",Non-toxic,
4438,@user τι παιχνίδι έκανες ρε παικταρά;;;;;; 💚☘️☘️☘️☘️☘️☘️☘️💚,Non-toxic,
4439,"@user Game day @user , I hope you comeback this evening...",Non-toxic,
4440,@user ☘️WHAT A SEASON! ⚽️ #paofc,Non-toxic,
4441,@user @user Wish you nothing but greatness,Non-toxic,
4442,"@user It’s better you quit playing football for now, don’t let it get to a different stage..",Toxic,
4443,@user You 🫵🏻,Non-toxic,
4444,@user @user Welcome🤍🖤,Non-toxic,
4445,@user @user Good luck big man take care 🙏🏻,Non-toxic,
4446,@user True. And we love him for that!,Non-toxic,
4447,"@user As fans of Lech Poznań we wish you all the best, develop yourself. Remember us, maybe we will see each other again. Good luck!💙🤍",Non-toxic,
4448,"@user At least, this week we are undefeated 💪🏻💪🏻💪🏻💪🏻This is the only way, YOU bunch of clowns, could be undefeated.You are the shame of OL, all of you... And you will ALL be remembered as the ones who led OL to Ligue 2 👇🏻",Toxic,
4449,@user WE NEED YOU IN THE TEAM please forgive the foolishness of some lousy fans,Non-toxic,
4450,"@user, today you show your worth to the Olympiacos faithful and help us grab a win 🙏",Non-toxic,
4451,@user @user Coco!!!! Still fully COYS,Non-toxic,
4452,"@user Εξελίσσεσαι σε άρρωστο ΠΑΟΚτσάκι Ράχμαν και δεν σου το είχα!  Καλή συνέχεια, να είστε όλοι υγιείς να μας κάνετε να ονειρευόμαστε! #Road_to_Athens #PAOKDZG #EuropaConference #ECL",Non-toxic,
4453,@user @user Keep it up magic Filip!!☘️,Non-toxic,
4454,@user @user Congrats 💛🖤💛🖤,Non-toxic,
4455,@user Our best wishes for a speedy recovery mate. We look forward to seeing again (and again) wining trophies with @user for many more years.,Non-toxic,
4456,@user @user @user @user Has Lovren always been a Pepsi ambassador or Mo got his buddy a new gig? Awesome all round,Non-toxic,
4457,@user @user Wawoo,Non-toxic,
4458,@user happy birthday my prince of darkness,Non-toxic,
4459,@user Sniper🇷🇸💦,Non-toxic,
4460,@user @user @user @user Lovren 😍,Non-toxic,
4461,@user @user @user - work your magic 😎,Non-toxic,
4462,"@user faz a festa e alegria de todos os jogadores do @user , a alegria dele contagia e o futebol mais ainda.Ο @user κάνει όλους τους παίκτες του @user χαρούμενους και χαρούμενους, η χαρά του είναι μεταδοτική και το ποδόσφαιρο ακόμα περισσότερο.",Non-toxic,
4463,@user i am DONE with martial FC,Non-toxic,
4464,@user @user King🦅🦅🦅🦅,Non-toxic,
4465,@user You are the best 🙏🙏🙏🙏,Non-toxic,
4466,@user @user Than you very much Orbelin! Thank you!,Non-toxic,
4467,@user Get well soon !!!,Non-toxic,
4468,@user big bro please be ready for the final i am praying for your fitness and health 🙏❤️,Non-toxic,
4469,@user hi mate fancy living in braunstone? @user can offer you £5 a week plus bonuses x,Non-toxic,
4470,@user Good one captain well deserved,Non-toxic,
4471,@user Captaino 🫡,Non-toxic,
4472,@user @user Thank you for sharing the same passion and love with us☘️💚👏,Non-toxic,
4473,@user @user on t’aime yusuf ❤️❤️,Non-toxic,
4474,@user We love you Dejan💘💘,Non-toxic,
4475,@user @user Yes Degsy lad 🤣,Non-toxic,
4476,@user Green is so hot man 💦☘️#paofc,Non-toxic,
4477,@user Αύριο γράφετε ιστορία. Εάν περάσετε η ομάδα για πρώτη φορά στην ιστορία της πάει σε ημιτελικό ευρωπαϊκής διοργάνωσης. Καλή επιτυχία Rahman ⚪⚫💪✌️,Non-toxic,
4478,"@user What a passion, great sportsmanship. Thank you Baba, keep up the good work!",Non-toxic,
4479,@user @user You are best friend to Beşiktaş,Non-toxic,
4480,"@user @user Congrats, you are a beast and I believe in you!☘️",Non-toxic,
4481,@user @user You are a fantastic player!!,Non-toxic,
4482,@user We so glad you're on our team man! Keep it up,Non-toxic,
4483,"@user @user You are invisible in derbys you have to show up against oly and aek. Improve your passing game, be more simple",Non-toxic,
4484,"@user Hello, Mbwana today is the best time to put a goal! Let's go for the championship!",Non-toxic,
4485,@user @user @user @user @user حمل,Non-toxic,
4486,@user v DortmundSalah v city Ox v cityMane v Arsenal 1st game seasontheres too fucking many,Non-toxic,
4487,@user Let’s go Filip !,Non-toxic,
4488,@user πες στον Φίλιπ γαμώ τον Ερυθρό Αστέρα του. Ξέρει εκείνος για ποιό λόγο,Toxic,
4489,@user @user You look ready for the premier league to me mate,Non-toxic,
4490,@user Gaiar,Non-toxic,
4491,@user God is great 🙏,Non-toxic,
4492,@user How come you are not always injured like you were at Spurs? When fit you were amazing,Non-toxic,
4493,@user left club but still your avi 🥺🥺🥺,Non-toxic,
4494,@user @user Please give everything you have to give PAOK the championship 🏆,Non-toxic,
4495,@user @user Miss you🥹💗,Non-toxic,
4496,@user @user Good luck KING 👑🦅,Non-toxic,
4497,@user Stay here forever champ🏆⚫️⚪️ . Champions League 🔜🔜,Non-toxic,
4498,@user  :),Non-toxic,
4499,@user Look after our boy Veliz. #COYS,Non-toxic,
4500,@user Just retire Why risk it if you rightfully invested the money you had in your previous signings. Safe yourself and enjoy the rest Thank you,Non-toxic,
4501,@user Always making us proud bro,Non-toxic,
4502,@user Best gk🐙🐙🐙,Non-toxic,
4503,@user Courage ❤️,Non-toxic,
4504,@user @user Come home?,Non-toxic,
4505,@user ☘☘☘ καυλιαρηη,Non-toxic,
4506,@user @user Μας έχει μισήσει ο Μυστικός Δείπνος.,Non-toxic,
4507,@user @user @user No one gives an f about that goal if you do not win the gameYou guys literally no idea where you playingChange your mindset,Toxic,
4508,"@user The time has come, to boost the team, once again, with your energy and spirit!""Humble attitude. Fighting spirit""⚫️⚪️",Non-toxic,
4509,@user you need yo stop rejecting moves away your a drain on this club you have contributed nothing please move on,Toxic,
4510,@user GN andrut,Non-toxic,
4511,@user @user 👏👏👏🦅🦅🦅 thank you colley,Non-toxic,
4512,@user Muslims are pathetic people everything is about them so annoying,Toxic,
4513,@user @user @user @user @user @user welcome to PAOK,Non-toxic,
4514,@user Take care your self and come back stronger baby 🥰,Non-toxic,
4515,"@user All the best, man! Never again!! Health and Happiness to you and your people!!",Non-toxic,
4516,"@user what was your reason to stay at United. You’re not wanted, you don’t wanna be there just please fuck off you useless lazy git.",Toxic,
4517,"@user @user Willian, God will bless us if @user sells the club.Pray with us!",Non-toxic,
4518,"@user Come back, King.",Non-toxic,
4519,@user @user @user @user Saudi Pro League:,Non-toxic,
4520,"@user go to the airport, take the plane to 🇹🇿, stay there!",Toxic,
4521,@user @user @user @user Besties,Non-toxic,
4522,"@user Filip, how did you chop them up like that? My stools and my balls",Non-toxic,
4523,@user the ad with MO was amazing! We miss you and We love you Lovren!,Non-toxic,
4524,@user Σ αγαπάμε ♥️🤍,Non-toxic,
4525,@user Φιλίπ φέρτε μας το κύπελλο!!,Non-toxic,
4526,@user andrut supremacy,Non-toxic,
4527,@user Stronger. May Allah be with you in this season for the best ♥️🔥,Non-toxic,
4528,"@user @user we love you colley,good luck 🖤🦅",Non-toxic,
4529,@user dospermione,Non-toxic,
4530,@user Well done Baba.,Non-toxic,
4531,"@user @user Don't worry man, keep up the great work!",Non-toxic,
4532,@user you busy today?,Non-toxic,
4533,@user Bro you make small money .. quiet 🤐 and retire,Toxic,
4534,@user and @user I loved these two so much. Wanted them to succeed at Barça so damn much.,Non-toxic,
4535,"@user Είσαι μεγάλη παικτουρα, ταυρι από αριστερά",Non-toxic,
4536,@user Legend 👑👑👑👑,Non-toxic,
4537,@user @user Big up dejan,Non-toxic,
4538,"@user Come home, Coco! 🤍",Non-toxic,
4539,@user @user Miss you too 💙,Non-toxic,
4540,@user We're extremely glad to see y'all landed safely!Now all focus on our noisy neighboursA most win game 💪🏾💪🏾💪🏾💪🏾💪🏾🙌🏼🙌🏼🙌🏼🤞🏾🤞🏾,Non-toxic,
4541,@user God bless brate.,Non-toxic,
4542,@user Πήγαινε για ύπνο και άσε το Τουίτερ 🤣🖤🤍🖤🫶,Non-toxic,
4543,@user Only love for you🖤🤍,Non-toxic,
4544,@user Κάντο όπως στο Πειραιά,Non-toxic,
4545,@user @user @user Θα παίξεις μπάλα γαμω τα μπρατε μου γαμω;,Toxic,
4546,@user Always happy when I see Baba doing well,Non-toxic,
4547,@user Time to post a new photo with your new jersey. Now you are PAOK...,Non-toxic,
4548,@user You are the best 🤍🖤🤍🖤,Non-toxic,
4549,@user @user goal scorer stopper thank you EagleColley,Non-toxic,
4550,@user All the very best for the Xmas season . Peace to the world 💐💐💐💐💐🇪🇬❤️🇭🇷,Non-toxic,
4551,@user Hoped you’d make it at CHELSEA,Non-toxic,
4552,@user What a finish!,Non-toxic,
4553,@user BABA ITS TIME FOR WAR!,Non-toxic,
4554,@user happy birthday fella big year next year for you ⭐️,Non-toxic,
4555,@user Παιχταρά!!🤍🖤🤍🖤,Non-toxic,
4556,"@user Για να δουμε θα καταφερεις σημερα να σπασεις το high score Παναγιας αφιερωμενης σε σενα; Το οριο παιζει στο over 8.5, στο 1.87. Για παμε.",Non-toxic,
4557,@user @user We miss you Erik,Non-toxic,
4558,@user @user Legend 👊,Non-toxic,
4559,@user All the best my friend! supporter Of AEK COME BACK TO YOUR TEAM SOON,Non-toxic,
4560,@user ΠΑΟΚ ΡΕ ΜΟΥΝΙΑ,Toxic,
4561,@user @user And I miss you 😭😭😭,Non-toxic,
4562,"@user @user Champion in many branches, the most beautiful team in the world, FENERBAHÇE 💪💪👊👊ARE YOU READY ?",Non-toxic,
4563,@user Ratio,Non-toxic,
4564,"@user Happy for you but black stars is not for your father, let the kids have their turn",Non-toxic,
4565,@user @user We miss you!! 💙,Non-toxic,
4566,@user ☘️ mvp season!!!,Non-toxic,
4567,@user Bro I’m a student and I would love you to assist me with a new laptop for studies please 🙏🏻@user,Non-toxic,
4568,@user @user Good luck big man.,Non-toxic,
4569,@user @user We miss you coco @user,Non-toxic,
4570,@user @user Please do it again.,Non-toxic,
4571,@user @user We miss you too 👍,Non-toxic,
4572,@user Brando on fire 🔥,Non-toxic,
4573,"@user @user Kris, tell us, who plays better on the wing - Tinder MVP or Henszi?",Non-toxic,
4574,@user Stay strong Filip. We are by your side. One fist.#paofc,Non-toxic,
4575,@user Thank you for everything Kris. Good luck in the Olympiacos.  You are a awesome player.,Non-toxic,
4576,@user @user @user @user I love it!,Non-toxic,
4577,@user Gains…,Non-toxic,
4578,@user thanks so much for making my daughter that happiest girlToday!! You really didn’t have to but what a legend! Enjoy your loan spell and hopefully see you next season 👊🏻🙌🏻,Non-toxic,
4579,@user @user Great player great man thank you 🙏,Non-toxic,
4580,"@user Rahman παληκαρι μου, στο ποδόσφαιρο συμβαίνουν αυτά. Επιτρέπεται να πέσεις, θα σηκωθείτε όμως και την Κυριακή θα δείξετε γιατί είστε πρωταθλητές. Υστερόγραφο.Πες του Ομάρ, βουνό είναι ο πουστης",Non-toxic,
4581,@user Would never judge the Egyptian king.,Non-toxic,
4582,@user jog on !!! Wait are u still injured,Non-toxic,
4583,"@user you are shit , it shows how bad aek are playing you . You couldn't finish your dinner useless",Toxic,
4584,@user @user Yer ma,Non-toxic,
4585,@user @user Ok then renew your contract ☘️,Non-toxic,
4586,@user All the best Baba for the new season,Non-toxic,
4587,@user He's proving doubters wring,Non-toxic,
4588,@user You’re more than welcome to join him.  We could do with you back in midfield.  You were fantastic in your loan spell with us.,Non-toxic,
4589,@user You’re welcome 🔥💪🏾💪🏾🙏🏽,Non-toxic,
4590,@user @user Always a spurs family member,Non-toxic,
4591,"@user @user I saw your frustration, to camera man and bottle of water 😆",Non-toxic,
4592,@user You are entertainment gold,Non-toxic,
4593,@user @user You scored Arsenal like this too. Bravo!,Non-toxic,
4594,@user Good luck in Olympiakos and ... don't get lost in Athens (by night) ;),Non-toxic,
4595,@user Stay high boss… I’m so proud of you. May the almighty Allah keep raising you higher 🙏❤️,Non-toxic,
4596,@user @user We miss you too @user 💙🩵💙🩵,Non-toxic,
4597,@user @user I'll tell you directly. You humiliated this club and us last season. This applies to all of you.,Toxic,
4598,"@user @user @user @user @user  @user @user @user @user @user just go to another club you are all rubbish with wages you have been paid, January windows is open get out.If I have left out any dead wood just add",Toxic,
4599,"@user Filip, for Panathinaikos, second place is a failure.",Non-toxic,
4600,@user Thank you for everything you gave to CITY &amp; them community!  Wishing you nothing but happiness!,Non-toxic,
4601,@user Congratulations to the crowned champions of Greece.,Non-toxic,
4602,@user Hope you’re ok Lovren. Stay safe.,Non-toxic,
4603,@user @user ITS OVER  YEAR NOW,Non-toxic,
4604,@user @user WE MISS YOU TOO KING &lt;333 YOURE WELCOME HOME ANYTIME,Non-toxic,
4605,@user Well done mad dog!!!,Non-toxic,
4606,@user @user You played a very good game today in Volos and scored a great ⚽ goal!!! Congratulations 👏👏👏You are a great player!!!☘️💚☘️💚☘️💚☘️💚☘️💚☘️💚☘️,Non-toxic,
4607,@user @user Waiting you ….,Non-toxic,
4608,@user @user Παιχταρα 💪🏽,Non-toxic,
4609,@user i still believe in you LETS GET IT ❤️,Non-toxic,
4610,@user One of us Brate ☘️,Non-toxic,
4611,@user One more tomorrow!!,Non-toxic,
4612,@user King 🐙👑,Non-toxic,
4613,@user @user Bye aq,Non-toxic,
4614,"@user you fucking legend, well done in putting Maccabi to the sword.  👏",Non-toxic,
4615,@user Κάνε αυτό που ξέρεις Παιχτούρα,Non-toxic,
4616,@user @user @user @user I can tell you where’s he’s not 😂😂,Non-toxic,
4617,@user @user ΠΑΙΧΤΑΡΑ ΜΟΥ,Non-toxic,
4618,@user @user You are a hero ⚪⚫💪✌️,Non-toxic,
4619,@user @user Proper spurs. Massively underrated!,Non-toxic,
4620,@user What a team we have for next season already.,Non-toxic,
4621,@user @user Α ωραία ξαφνικά έγινε παικταράς μετά από αυτό το ποστ. Χαζοί είστε ρε,Toxic,
4622,@user Οεεε οοεεεε οεεε ματιεεεε⚪🔴,Non-toxic,
4623,@user @user @user We love you man. You will always remembered as an eagle. Take care yourself. Good luck in your  career. 🖤🤍,Non-toxic,
4624,@user @user Μπράβο. Έτσι πρέπει να παίζεις.,Non-toxic,
4625,@user @user Good luck  eagle...,Non-toxic,
4626,@user @user we will meet again 💛💙,Non-toxic,
4627,@user @user Ρε μπεκρή ! Γόνατο την πηγές την μπελβεντερε χτες… ρούκουνα😂☘️,Toxic,
4628,@user Let’s go💪🏻,Non-toxic,
4629,@user @user Next episodeThe same YOUSo I wait for more ⚽⚽⚽⚽,Non-toxic,
4630,@user we love you coco 🫡♥️🫡♥️ COYS,Non-toxic,
4631,@user @user Great game orbelin.,Non-toxic,
4632,@user @user @user @user bestie goals… securing the bag together 💯,Non-toxic,
4633,@user Mo is a true unifiyer. We need more people like him in this world. He leads by example.,Non-toxic,
4634,@user @user Grande Willian ☘️,Non-toxic,
4635,@user @user kevol is one of us. you’re not. you’re here just for few moments. get the fuck out,Toxic,
4636,@user @user Con pajilla??? GOAT,Non-toxic,
4637,@user @user Let’s goooo! Hoping for the best in Greece,Non-toxic,
4638,@user.,Non-toxic,
4639,@user ΠΟΙΟΣ?? ΕΣΥ ΗΓΕΤΗΣ,Non-toxic,
4640,@user Looking forward to you being back at Molineux and part of the team,Non-toxic,
4641,@user We love you Babinho,Non-toxic,
4642,@user Nothing but Love and Respect 🫡,Non-toxic,
4643,@user @user @user Good luck (L),Non-toxic,
4644,@user @user Rel,Non-toxic,
4645,@user @user @user @user Such a nice video...,Non-toxic,
4646,@user to 1o match tou 2025! Go Brandon!,Non-toxic,
4647,"@user @user Man, we are all disappointed in last season, some fans react to this calm and some like Kevol are still really angry. Don't try to attack fans right now, just train hard and make atmosphere around team better on the field. Its not players vs fans, we should be in this together.",Non-toxic,
4648,@user @user Your performance was spotless. You are a PAIKTARAS!!!💛🖤,Non-toxic,
4649,@user @user Grande match !!!,Non-toxic,
4650,@user 2 μήνες έγινε αισθητή η απουσία σου και τι πόσο σημαντικός είσαι για την ομάδα. Πάμε γερά μαλάκα.,Non-toxic,
4651,@user ups,Non-toxic,
4652,@user Babiş by bye :-)),Non-toxic,
4653,"His love and his strength will always make him special, that’s why God blessed him. He knows that he is doing the right thing. So don’t judge him. Instead show the respect. God bless you Mo. 🙏🏼❤️",Non-toxic,
4654,@user @user Προσπάθησε να μη παθεις θλάση σύντομα αλλιώς μ αυτό το ροστερ δε βγαίνεις απ την εντεκάδα 😏,Non-toxic,
4655,@user go and be great ❤️,Non-toxic,
4656,@user @user @user Τι παιχταράς είσαι αγορίνα μου,Non-toxic,
4657,"@user Erik, very good luck in AEK. You will never be forgotten at Tottenham- nobody fought harder for us and that meant the world to us",Non-toxic,
4658,@user @user @user @user Great ad ♥👏🇪🇬,Non-toxic,
4659,@user Please more football and less twitter Dejan,Non-toxic,
4660,@user @user No. 6 champions jersey is still available. Join the parade,Non-toxic,
4661,@user Stay healthy champ💛🖤,Non-toxic,
4662,@user wake up man,Non-toxic,
4663,@user Get better soon ☘️☘️,Non-toxic,
4664,@user ΝΑΙ ΡΕ ΖΟΑΝ ΜΟΥΤΡΟ,Non-toxic,
4665,@user @user @user LOOOL,Non-toxic,
4666,@user Come to @user,Non-toxic,
4667,@user Please stay,Non-toxic,
4668,@user Μόνο εσύ σταυραετε μου.Όλα μου τα ταμεία εσύ 🖤,Non-toxic,
4669,"@user was a disgrace to the club in the end. @user tried but couldn’t hack it. Glad that both will be gone by next season, never came close to being a success at @user. See ya.",Toxic,
4670,@user @user @user @user Bromance 🤜🏻🤛🏻,Non-toxic,
4671,@user Congratulations bro,Non-toxic,
4672,@user Great perfomance✌!,Non-toxic,
4673,@user Cult hero 😮‍💨,Non-toxic,
4674,"@user It's not up to the @user to sanction, it's up to the public authorities. Let justice deliver its verdict. Otherwise, before trying to earn points on the green carpet, try to gain points in the green rectangle. It's more fair play @user!",Non-toxic,
4675,@user If you are fine then we are good too tai🤍🖤,Non-toxic,
4676,"@user Best of luck Aaron, hope you find a decent club 💜💙 UTV",Non-toxic,
4677,@user Goated post 👑 🇪🇬,Non-toxic,
4678,@user should be a true inspiration to every young footballer in the country. His level of consistency and longevity is unmatched. I hope a documentary or an autobiography about him will be out someday for young people to learn from. My respect Capito ❤️❤️❤️,Non-toxic,
4679,"@user Πιο πολύ από μένα σ'αγαπώ, πιο πολύ από μένα σ'αγαπώωωωωωωωω",Non-toxic,
4680,@user @user We can't wait to see you next season,Non-toxic,
4681,@user @user Γιώργος Νταλάρας η Φαντασία,Non-toxic,
4682,@user @user O Θεός δεν επεμβαίνει στη γενοκτονία Ουκρανών και Παλαιστινίων αλλά είναι βάζελος @user,Non-toxic,
4683,@user we love you to the moon and back 🖤🫂,Non-toxic,
4684,@user Proud for you,Non-toxic,
4685,"@user All the best Tish, hope you go all the way!",Non-toxic,
4686,@user Stay healthy and get back strong! We believe you! You are a great player. Pame Olympiakos,Non-toxic,
4687,@user best of luck with your future my killy 😞,Non-toxic,
4688,@user Κάνε μας τη χάρη please,Non-toxic,
4689,"@user Χρόνια πολλά, χρόνια καλά, χρόνια ευτυχισμέναΓια πάντα θα σ' ευγνωμονώ για το 61:21",Non-toxic,
4690,"@user @user Thank you for your efforts, I hope you will be very successful and happy. goodbye eagle🦅🖤",Non-toxic,
4691,@user @user Είσαι ο ηγετης μας,Non-toxic,
4692,Nothing changed. Everything will continue like nothing happened before. Well done 👏🏼,Non-toxic,
4693,"@user @user Good Luck! Best wishes. Almost forgot, we expect at least one goal against galatasaray :)",Non-toxic,
4694,@user @user Oh Dejan what have you just done,Non-toxic,
4695,@user Secof your goal u spoiled my bet,Non-toxic,
4696,@user @user Codoputane!!!!,Toxic,
4697,@user Still love Coco. 💪🏻😂😂,Non-toxic,
4698,@user @user @user @user Brilliant 👏 👏 🤣🤣🤣,Non-toxic,
4699,@user @user This  was quite funny.🤣,Non-toxic,
4700,@user @user Great defending last night!  Textbook performance!👏👏👏,Non-toxic,
4701,@user @user We all love you coco,Non-toxic,
4702,"@user @user Miss you, master",Non-toxic,
4703,@user @user We will always remember you @user .... Good luck next your carrier in Paok ... You are always in our hearts... Allah Bless you...,Non-toxic,
4704,@user Come back Aaron🤞,Non-toxic,
4705,@user @user @user @user Do you love the food?,Non-toxic,
4706,@user @user @user @user We love you in Egypt man🌹🌹🌹🌹🌹🌹🌹I guess you should apply for Egyptian passport You’re most welcomed in #Egypt brother,Non-toxic,
4707,@user @user Forever a red 🔴,Non-toxic,
4708,@user @user Γαμιά παίκτη,Toxic,
4709,@user ΚΑΤΙ ΥΠΟΣΧΕΘΗΚΕΣ FILIP!!!☘️☘️☘️,Non-toxic,
4710,@user @user We will not forget you 🦅,Non-toxic,
4711,@user Good luck👍👍👍👍,Non-toxic,
4712,@user Aslann,Non-toxic,
4713,"@user Physic Should be 100. Honesty, you can't hate. #AllForCITY.Sam's pace is MUCH faster! #FC24Ratings",Non-toxic,
4714,@user @user One of us!!!🥰😍🤩😘,Non-toxic,
4715,@user Wake up idolo please 🙏🙏🙏,Non-toxic,
4716,@user @user Mitoglou today,Non-toxic,
4717,@user IDOL ⚫️⚪️🦅✊🏼,Non-toxic,
4718,"@user @user Good luck, he will remember you well",Non-toxic,
4719,"@user Wavering between them, [belonging] neither to the believers nor to the disbelievers. And whoever Allah leaves astray - never will you find for him a way.",Non-toxic,
4720,"@user @user Good luck bro, we love you🦅🦅🦅",Non-toxic,
4721,@user @user Παιχτουρα,Non-toxic,
4722,@user Εμείς thanks ρε Τάσο,Non-toxic,
4723,"@user @user We love you and good luck, Omar. 🤝🏼",Non-toxic,
4724,@user WE LOVE YOU GUYS ALL OF YOU.. IT'S AN AWFUL NIGHT BUT OUR LOVE WILL NEVER EVER END.. PAOK FOR LIFE 🖤🤍🦅😔🙏,Non-toxic,
4725,"@user @user You are elite player, show us that to love you more my friend.I wish you health and become Olympiacos super star ✨ you can be💪💪💪",Non-toxic,
4726,@user @user FILIP 💚💚💚💚,Non-toxic,
4727,@user Good luck Krzychu! Thanks for all goals in Lech Poznań!,Non-toxic,
4728,@user Γαμηστε τους.,Toxic,
4729,@user Unforgettable goal vs AEX… thanks,Non-toxic,
4730,@user @user You are a good football player and have a good character. Good luck in your future career 👏🖤🤍🦅,Non-toxic,
4731,@user fdp,Non-toxic,
4732,@user @user Good to see you in great form amigo,Non-toxic,
4733,@user Congratulations Captain 🥰🥰🥰,Non-toxic,
4734,@user Παικταρα μου!!!🖤🤍🖤🤍,Non-toxic,
4735,@user @user Βrate νιώθεις ☘️,Non-toxic,
4736,@user Get well soon,Non-toxic,
4737,@user We love you Papa. Just try to remember that not everybody is as fast  explosive as you are 😅,Non-toxic,
4738,@user I totally agree...Mo Salah is a good human being great leader  and role model  on and off the field.We love him ♥️#showrespect,Non-toxic,
4739,"@user @user Nothing against you Dejan, but you shouldn’t have come out and done an interview about Salah when we’re in such a crucial stage of the season, should know you’d get some stick as it wasn’t good news 😂",Non-toxic,
4740,@user Thank u taison this champion is like the champion of the invincibles before some years,Non-toxic,
4741,@user @user Έχει βγάλει τα αστέρια από τις παραγκες ο καυλιαρης 💦,Non-toxic,
4742,@user we love you and thank you for everything #MUFC,Non-toxic,
4743,@user We also want you for center 4 ⚽,Non-toxic,
4744,"@user Keep going healthy, mate.",Non-toxic,
4745,@user A True friend ❤️,Non-toxic,
4746,@user @user @user @user Super amazing Adv 👏🇪🇬👑Amazing Alexandia 🇪🇬👌,Non-toxic,
4747,@user Ναι πρωταθλητή μου εσυ,Non-toxic,
4748,@user @user OUR LION PLS DESTROY THEM,Non-toxic,
4749,"@user has signed a one-plus-one-year contract with @user, officially joining the club from Besiktas.",Non-toxic,
4750,@user BABAAAA I DIDNT TAKE A PIC WITH YOU BECAUSE EVERYONE WAS ON YOU BUT LUCKILY I GOT ONE WITH MEITE. STAY FOR 5 MORE YEARS YOU ARE A LEGEND,Non-toxic,
4751,@user @user @user get him back!,Non-toxic,
4752,@user We haven’t had a midfielder like you since,Non-toxic,
4753,@user @user Mano,Non-toxic,
4754,@user @user &lt;3,Non-toxic,
4755,@user @user shut up Mr. fat cat,Toxic,
4756,"@user @user We will not forget you, you are a football player with character.we love you king.",Non-toxic,
4757,@user Dejan thank you,Non-toxic,
4758,"@user @user Be more kind? Man, you have humiliated these supporters and this city with your performance. You have burnt the European dreams of many by losing with almost any team from the lower parts of the league table and icing on the cake - your attitude against Korona Kielce in the last fixture led to relegation of the different club from Poznań.You are not working in the IT industry to expect that people will be “kind” after your disgusting performance. You earn a lot and people expect a lot. Instead - you guys together with Mariusz Rumak have started your holidays in April, shown nothing, the commitment was ground zero and ended up the season with nothing. Shame",Toxic,
4759,@user TOURIST ☀️🌊🏖️🩳🩱,Toxic,
4760,@user @user Let’s go re paixtara.☘️☘️☘️☘️☘️,Non-toxic,
4761,@user @user @user @user You have tricked us all people thought he is mo 😂😂😂😂but the advert is wonderful and you are cinema star lovren 🌹🌹🌹🌹,Non-toxic,
4762,@user Κάθε μέρα έχουμε πόλεμο,Non-toxic,
4763,@user @user Miss you here bro!,Non-toxic,
4764,"@user @user Don't mind those sensitive Liverpool fans. They just can't accept the truth. That's why they are trying to blame you, thinking that you might disrupt the team's atmosphere. It's all down to FSG to solve this. Mo has already declared that he wanted to stay.",Non-toxic,
4765,"@user Να πολεμήσουμε όμως, εεε..πες το κ στα υπόλοιπα αγόρια εκεί μπας κ κάνουμε αύριο τν Ευρώπη να παραμιλάει..",Non-toxic,
4766,@user Two arms Three legs,Non-toxic,
4767,"@user @user Keep it bro, I see you there, we are always with you",Non-toxic,
4768,"@user  has been out for 479 days due to injury & illness in his @user career...@user missed 720 days EXCLUDING the 288 days for the leg break (1008 days in total).Why does Martial's injury record, wages & transfer fee get brought up so often, yet Shaw's injury record, wages & transfer fee hardly gets a mention... hmmmm.Keep the same energy for all of our players",Non-toxic,
4769,@user Best friend goals🥹❤️,Non-toxic,
4770,"@user Dont leave PAOK team, you are a gem for the Greek Superleague, a great player and a great human being! Congratulations, from an AEK fan! PAOK deserved the title more than anyone else! Be safe, be healthy and honor our league with your presence!",Non-toxic,
4771,@user Καλη Χρονια παικτουρα . Stay here for ever !!! Be our new Saveski,Non-toxic,
4772,@user @user King,Non-toxic,
4773,@user It’s horrible. Hope he heals well and soon,Non-toxic,
4774,@user ΠΑΙΚΤΑΡΑ ΜΟΥ ΕΣΥ ! ⚫️⚪️❤️,Non-toxic,
4775,@user @user Άιντε Τζουρι ☘️,Non-toxic,
4776,"@user We love you Coco, it doesn't go unnoticed how much you love Spurs and it just makes us love you more 🤍",Non-toxic,
4777,@user Get well soon man! 👍,Non-toxic,
4778,@user Τεράστιε Μπάμπα,Non-toxic,
4779,@user @user I love you Jason xxx,Non-toxic,
4780,@user @user Congratulations and best wishes for your future endeavors,Non-toxic,
4781,"@user @user Take care bro we love you, thanks for everything 🤍🖤🦅",Non-toxic,
4782,@user Παιχταρά MVP!!,Non-toxic,
4783,"@user All our insid,,Thanks 💖",Non-toxic,
4784,@user you know what to do,Non-toxic,
4785,"@user We are proud of you and the rest of the team.Remember, When the going gets tough, the tough get going!",Non-toxic,
4786,@user Nice one Dejan and spot on. We are blessed to have Mo here. Miss you. ❤️,Non-toxic,
4787,"@user ΠΑΟΚ είμαστε , μπείτε κ πατήστε τους , ξυπνήστε επιτέλους!",Non-toxic,
4788,@user on the bench #AllForCITY with kick off in 22 minutes,Non-toxic,
4789,@user Let’s go Filip☘️💪,Non-toxic,
4790,"@user come to Ajax, so that we can conquer the world together hermano",Non-toxic,
4791,@user Γειά σου μάγκα.μια χαρα,Non-toxic,
4792,@user I’ll never forget your goal against Liverpool when you first joined. Always a red 🔴⚫️!,Non-toxic,
4793,@user @user What a game!! What a goal!! Great performance by you and the team!!,Non-toxic,
4794,@user He’s ready 🔒☘️,Non-toxic,
4795,@user @user Θα βγάλετε ανακοίνωση για την πεναλταρα που έδωσε ο Σιδηρόπουλος σήμερα; Ιδού η Ρόδος ιδού και το πήδημα να αποδείξει ο Αλ ότι δεν κάνει πλακομουνια με τον Χοντρό ναρκεμπορο,Toxic,
4796,@user @user You owe us a goal in karaiskaki!!!!☘️☘️☘️,Non-toxic,
4797,@user @user 🤣🤣grande crack!!!,Non-toxic,
4798,"@user Okay, Philip! Get the boy to sign! Yesterday!!!",Non-toxic,
4799,@user @user I miss you more,Non-toxic,
4800,@user @user well done. you deserved a goal. keep going 💚,Non-toxic,
4801,@user Σήμερα είναι τελικός. Παίξτε την μπάλα της ζωής σας,Non-toxic,
4802,@user @user You are more Panathinaikos from the president...,Non-toxic,
4803,@user Still got those bromance feels I see Dej.,Non-toxic,
4804,@user U reckon u move to Olympiacos next summer my brother?,Non-toxic,
4805,@user @user We trust in you shola! It was a penalty. Next time you will score. Let's goooo,Non-toxic,
4806,@user Sending love ❤️,Non-toxic,
4807,@user @user Thank you bro 🤗,Non-toxic,
4808,@user You know what to do @user 👀👍🏽👌🏽💯,Non-toxic,
4809,@user LFG,Non-toxic,
4810,@user retire asap bro take it from me you ain’t going nowhere,Toxic,
4811,@user  the coolest man in Belgrade,Non-toxic,
4812,@user Speedy recovery mate. You are always with the team. #PAOK #paopaok,Non-toxic,
4813,@user @user Well done guys ☘️💚,Non-toxic,
4814,@user @user @user Αύριο βράδυ Ιακωβίδη με Μλαντε💦,Non-toxic,
4815,@user @user Thanks you too bro. Good luck for your future,Non-toxic,
4816,@user Alhamdulilah. Now go sting 🦂 all ya opponents,Non-toxic,
4817,@user Id take him back at reading for sure but wouldn't drop our current 3 rotation contract not a first team but he could prove us wrong,Non-toxic,
4818,@user love you son 🇬🇷,Non-toxic,
4819,"@user earned his first start today,He once came in as a sub in past three games.All the best El Capitano 💪🏼",Non-toxic,
4820,@user @user He got more followers than you Dejan.,Non-toxic,
4821,"@user I sincerely appreciate Abdul Rahman Baba paying my rent for two years. The crucial goal you scored against Asteras Tripolis allowed me to do so. May Allah grant you all of your wishes. (Thank you, Baba Abdul Rahman.)",Non-toxic,
4822,@user Πάμε παικταρά άλλο 1 ματς έμεινε δώστε τα όλα,Non-toxic,
4823,@user Vamos παικταρα μου,Non-toxic,
4824,@user @user Miss you too Coco!!!,Non-toxic,
4825,@user you used to rock my world 🥲,Non-toxic,
4826,@user Πώς με κοροιδεψες και εσύ και ο Μλαντενοβιτς;,Non-toxic,
4827,@user @user We miss you too Erik 💙🤍,Non-toxic,
4828,"@user @user @user Ντζουρι  στο συγχρονο ποδοσφαιρο κερδιζει η ομαδα που βαζει τα περισσοτερα γκολ(Τακης Γκωνιας), με 1 δεν πας πουθενα",Non-toxic,
4829,@user Speedy recovery,Non-toxic,
4830,@user @user Ψωλά παίκτη,Toxic,
4831,@user @user You are a great player Gelson! I can't wait for next season!,Non-toxic,
4832,@user @user Lost the battle but not the war. We are all behind you💚💚💚.,Non-toxic,
4833,@user @user Thank you king,Non-toxic,
4834,@user We'll get there soon enough 💪,Non-toxic,
4835,@user Good luck Tis always be a police legend,Non-toxic,
4836,@user Pls win !!!,Non-toxic,
4837,@user Saučešće🕊️Συλλυπητήρια🙏💔 #paofc,Non-toxic,
4838,@user Χρόνια πολλά παικτάρα!!1926 ευχές!!,Non-toxic,
4839,@user since day 1. Best of luck to you bro. I’ll always follow you.,Non-toxic,
4840,@user Αν σεβεσαι την ιστορια και τον κοσμο του Ολυμπιακου λυσε το συμβολαιο σου και πηγαινε να καταστρεψεις κανεναν αλλον!!!ΦΤΑΝΕΙ ΠΙΑ,Toxic,
4841,"@user Well said buddy, well said",Non-toxic,
4842,@user @user Be well soon.....,Non-toxic,
4843,@user @user All the best Tony.... thanks for everything... These United streets will not forget your,Non-toxic,
4844,@user this you ?,Non-toxic,
4845,@user Samatta 🙌⚽️⚽️2 goals today. Keep Representing Captain 🇹🇿🇹🇿,Non-toxic,
4846,"@user @user Congratulations Orbelin, now extend your Contract with AEK 🖤💛",Non-toxic,
4847,@user @user Great captain! Bravo!,Non-toxic,
4848,@user @user You are Kavlas!,Non-toxic,
4849,@user @user Babare you have our love,Non-toxic,
4850,@user @user Good luck Colley 🖤🤍❤️,Non-toxic,
4851,"@user @user All of PAOK fans were with you at the hospital, mate! Wishes for quick recovery!",Non-toxic,
4852,@user  mvp,Non-toxic,
4853,@user Ξύπνα λίγο βρε και εσύ ελεος,Toxic,
4854,@user @user Hello Mr. Fat Cat. Don't change and stay where you are now.,Non-toxic,
4855,"@user Ooh champion, the team needs you. Please come back soon 🙏",Non-toxic,
4856,@user Our BABA.. Stay forever black and white,Non-toxic,
4857,@user 🔥 🔥 nice goal,Non-toxic,
4858,@user @user Wow👍👍👍Good shot👍👍👍👍👍,Non-toxic,
4859,@user @user Βάλε αλλά δύο στην οπαπαρινα να γουστάρουμε,Non-toxic,
4860,@user @user We miss you too Coco! Come back for a visit anytime lad,Non-toxic,
4861,@user @user Hola καβλιαρη μου,Non-toxic,
4862,"@user @user We believe in you, magician. 🔴⚪Thank you for your service. Always one of us!",Non-toxic,
4863,@user Great news thank you all good luck keep 🔝,Non-toxic,
4864,@user @user You were such a big character. We will always remember you like a big eagle,Non-toxic,
4865,@user No matter the score you are still warriors⚪️⚫️,Non-toxic,
4866,@user Μπες και βάλτο!!,Non-toxic,
4867,@user @user @user Hope you are not injured gelson ! 💪,Non-toxic,
4868,@user Congratulations  Legia Brothers 💚🔥🔥🔥,Non-toxic,
4869,@user sigma,Non-toxic,
4870,@user Taison &gt; De BruyneΤι πάσα έβγαλες ρε τεράστιε.,Non-toxic,
4871,@user Όταν στα 30 μοιάζεις 50.... γεννήθηκες το 1975 μωρέ;,Non-toxic,
4872,@user Blessed left back ♥️ huuyey,Non-toxic,
4873,@user Brandon on fire 🔥 we missed you,Non-toxic,
4874,@user our starboy🤞🏻,Non-toxic,
4875,@user ❤️ Thank God.,Non-toxic,
4876,@user We bless God for life,Non-toxic,
4877,@user  so rahman  jago was on twitter all this while  🤭,Non-toxic,
4878,@user Baba ....any replica jersey for me?,Non-toxic,
4879,"@user Come back to Ghana 🇬🇭 we love you, you the best LB we got!!!",Non-toxic,
4880,@user Μόνο πουτσα μέσα στο περιστέρι,Toxic,
4881,@user good morning champion,Non-toxic,
4882,@user 🙏🏽be safe bro,Non-toxic,
4883,@user All the best Babinho,Non-toxic,
4884,@user Yes coco,Non-toxic,
4885,@user i need that fa cup final goal badly,Non-toxic,
4886,@user @user Incredible mate.,Non-toxic,
4887,@user @user Really 😂😂,Non-toxic,
4888,@user Bro 😍😍,Non-toxic,
4889,@user Εσύ θα το παστελωσεις παλι,Non-toxic,
4890,@user Ψυχάρα 🖤🤍,Non-toxic,
4891,@user @user Stitching your mate up on ifs buts and maybes for views. Top pal you are🤷🏻‍♂️😂,Non-toxic,
4892,"@user @user Good by bro thanks for everthing,good luck",Non-toxic,
4893,@user @user @user @user Welcome to Alexandria ❤️😍,Non-toxic,
4894,@user down to your last chance now mon frere,Non-toxic,
4895,@user @user For real Filip. Hope you can live up our expectations at a 100% rate. Keep up your great form 👏!,Non-toxic,
4896,"@user Wishing you all the best bro 🙏🙏🙏, longtime",Non-toxic,
4897,@user @user We love you colley,Non-toxic,
4898,@user 🫶🏾❤️❤️ Will Miss you at Martial FC!!!! 🥺😩😩,Non-toxic,
4899,"@user @user Get to the stadium for a game, know you’d batter any Chelsea or Arsenal shirt wearer",Non-toxic,
4900,@user @user Βαρείτε πουτσαραδες,Toxic,
4901,@user @user U are amazing...we hope to have u back as soon as possible...Get well παιχταρα,Non-toxic,
4902,@user bro what happened,Non-toxic,
4903,@user @user Then don’t comment about stuff then when it’s not confirmed.,Non-toxic,
4904,"@user Strong on air and on the ground, on and off the ball intelligence is 100% star player",Non-toxic,
4905,@user you can rest now,Non-toxic,
4906,@user @user Let s go bro.,Non-toxic,
4907,@user Ποδοσφαιρική καυλα είσαι αγόρι μου Ένας από εμάς,Non-toxic,
4908,@user @user Top💪💪💪,Non-toxic,
4909,@user @user gel,Non-toxic,
4910,@user @user Come to join the celebrate 🕺,Non-toxic,
4911,"@user Heads up, and let's focus on our second target, the Europa League. I hope it's nothing serious and that you'll be strong and healthy for the upcoming matches. PAOK!!",Non-toxic,
4912,"@user πρόσεξε μην πάθεις καμία θλάση και στα χέρια που ποστάρεις τωρα. άντε ξυπνά γτ μόνο αυτά έχουμε δει από σένα 6 μήνες. 1,5 μυριο συμβόλαιο.",Toxic,
4913,"@user is set to leave @user as a free agent this summer after 9 years, 317 appearances and 90 goals. #ManUtd",Non-toxic,
4914,@user We love u Dejan Liverpool fans will never forget u lad. Wish u all the best in ur career.🫡❤️YNWA,Non-toxic,
4915,@user Μονο Ιντερ φιλιππε,Non-toxic,
4916,@user can you help us stick it to Columbus? Fwiw we still love you!,Non-toxic,
4917,@user @user Stop attack fans !! You played very bad it Is not fans fault ! Kevol is right 👏🏻👏🏻👏🏻,Non-toxic,
4918,@user Tnx for everthing u gave. Good luck  🦅🦅🦅,Non-toxic,
4919,"@user @user After one live match on Euro 2024 at the stadium, I can say that unfortunately our club and you Velde with all team are few years behind western football world on the pitch and on the organizational side. This season will not change it.You have to respect a main sponsor, FANS!",Non-toxic,
4920,@user Scary news but thankful you are well and getting better 🙏🏾,Non-toxic,
4921,@user @user good luck eagle,Non-toxic,
4922,@user Sending love from 🇳🇬hope y’all good 👍,Non-toxic,
4923,"@user Ola, señor...all the best of luck.",Non-toxic,
4924,@user Filip..We're in the 87th minute.. The score is 1-2..You're scoring with a shot outside the area ..And all I want from you is to throw them some 🏹!!!LFG ☘️,Non-toxic,
4925,@user come to @user ❤️💛,Non-toxic,
4926,@user vs @user,Non-toxic,
4927,@user My guy... replica jersey on my mind,Non-toxic,
4928,@user Χρόνια πολλά καυλιαρη. Πες στον Γιάννη να φέρει παίχτες όπως πας για Σπατα,Non-toxic,
4929,@user @user One of us ☘️💚🙏🥹🙏 #paobc #paofc,Non-toxic,
4930,"@user Stand your ground, you have our full support in these times. #Chambaii",Non-toxic,
4931,"@user Strong season so far, keep it up!",Non-toxic,
4932,@user Πουλι βρε πουλι,Toxic,
4933,@user @user Fully COYS,Non-toxic,
4934,"@user @user If I trained for a dozen or so years and I was still bad at it, I would change my profession 🤷‍♂️😈🙋‍♂️",Toxic,
4935,@user Happy birthday re 🤍🖤🤍🖤 1926  wishes,Non-toxic,
4936,@user you’ll never be forgotten my bro,Non-toxic,
4937,@user Dale 🥥,Non-toxic,
4938,"@user @user Wow, why you delete your post? Was there a problem at the club?",Non-toxic,
4939,@user Welcome man! Work hard for us and you will be loved!,Non-toxic,
4940,@user @user We miss you too Coco x,Non-toxic,
4941,"@user time to learn isiZulu, buddy.",Non-toxic,
4942,@user You are great bro!,Non-toxic,
4943,@user @user Θα κερδίσουμε 2 ματς στη σειρά  ποτέ;,Non-toxic,
4944,@user With you mate. All good.Focus on this Sunday against aris.,Non-toxic,
4945,@user Very impressive!! Congratulations,Non-toxic,
4946,"@user Άντε ρε Ραχμάν, πες και τού Αλή να θυμηθεί τα μισά από αυτά πού έκανε στο Βέλγιο, αλλιώς πείτε του Ρουμάνου να ξεκινήσει ο Στέφανος",Non-toxic,
4947,@user I wish you well,Non-toxic,
4948,@user @user Rubeeen 🥹,Non-toxic,
4949,@user @user Grande BB!,Non-toxic,
4950,@user @user welcome to our team i wish you health and many trophies.,Non-toxic,
4951,@user You're a good player who have great passion and character. I wish you good luck for Paok career.. You will be remembered respectfully and good 🧿🦅🍀👊,Non-toxic,
4952,"@user @user Omar good luck Bro. U will be missed. U have an amazing character and we know u will be successful over there. Once an eagle, always an eagle. 🦅",Non-toxic,
4953,@user ΜΠΑΜΠΑ ΟΡΜΑ ΤΟΥΣ,Non-toxic,
4954,"@user @user Your game in last season was… I don’t know. I’m out of words for what you done, but Kevol is cleary overreactnig. Still it doesn’t mean that Kevol isn’t right. Last season was big shame and you need to do better next season. Good luck!",Non-toxic,
4955,@user @user Αφήστε τα πολλά λόγια και φέρτε διπλό την Κυριακή.,Non-toxic,
4956,@user You are better than Gideon Mensah,Non-toxic,
4957,@user Come back we miss you,Non-toxic,
4958,@user @user @user @user Welcome to Egypt 🤩,Non-toxic,
4959,@user @user Jajco?,Non-toxic,
4960,@user Fight for the ☘️ !!For our history !!!For our fans !!LFG ☘️!!!,Non-toxic,
4961,@user @user One of Us!!!,Non-toxic,
4962,@user @user Why you are distracting us and sabotaging our season !!? @user  poor on the pitch and outside the pitch,Toxic,
4963,@user get well soon man 💪,Non-toxic,
4964,@user Ghana 🇬🇭 still loves you bro!!,Non-toxic,
4965,@user Yes Coco 🥥 🚀 🔥,Non-toxic,
4966,@user He is a legend and should be hailed. He has spoken way more than leaders in the world!,Non-toxic,
4967,@user What a shot coco!!!!,Non-toxic,
4968,@user @user What’s your opinion to play as a center midfielder? Second goal was PlayStation goal!,Non-toxic,
4969,@user We trust in your resolve to make us proud. Go ahead and sting dem ass,Non-toxic,
4970,@user Αμπαλε,Toxic,
4971,@user Love you men!! You are legend @user 💚☘️🕊😭,Non-toxic,
4972,@user @user @user @user I hope you liked the food 😂❤️🔥🤩🔥😋😋😋😋aww you too are so cute 🥰!,Non-toxic,
4973,@user says goodbye to manutd fans good luck on your journey where ever u may go,Non-toxic,
4974,@user @user We miss you Erik 😭😭💙💙,Non-toxic,
4975,@user Chiqiiiiii,Non-toxic,
4976,@user Dabro any replica Jersey for me?.. enjoy life,Non-toxic,
4977,@user Well said Dejan. Once a red always a red,Non-toxic,
4978,@user Better will come when you hit the pitch running. Enjoyed watching live from STL.,Non-toxic,
4979,@user @user @user has started the Fat Cat thing. Go after him too!,Non-toxic,
4980,@user Let's go hermano🖤💛,Non-toxic,
4981,"@user @user Ghanaians and their football pundits, most of them don't know anything, because of favouritism you talk bad about @user just clear him out from that position for second division player, who can't even cross the center line talkless of  playing ball forward 😆😆😆",Toxic,
4982,@user would thrive under our new coach or Ruud,Non-toxic,
4983,@user @user No we don’t like you. Skrtel was ten times the player you were.,Toxic,
4984,@user Good to see you playing and looking fit after your injury. 👏🏻,Non-toxic,
4985,@user @user Τώρα είναι αργά για δάκρυα Στέλλα,Non-toxic,
4986,@user All the best Baba!!!,Non-toxic,
4987,"@user @user @user Φιλιππακο αλήτρα, φέτος είσαι όνειρο. Μας δείχνεις γιατί έπαιζες series a τόσα χρόνια.",Non-toxic,
4988,@user Αδερφέ μας,Non-toxic,
4989,@user Congrats for the temporary 3rd place on the standings 💪🏻 🥦🍀,Non-toxic,
4990,@user @user Coco 🤍💙,Non-toxic,
4991,@user @user GIVE IT ALL FILIP!! ☘️☘️☘️☘️☘️☘️,Non-toxic,
4992,@user Welcome to AEK!!!THE BEST TEAM IN THE GALAXY,Non-toxic,
4993,@user Brother Wolf! with cub.,Non-toxic,
4994,@user Always been good.. just fitness issues. Chelsea days🔥,Non-toxic,
4995,@user @user Gel,Non-toxic,
4996,@user ΠΑΜΕ ΔΥΝΑΤΑ ΜΠΟΡΕΙΣ ΝΑ ΣΚΟΡΆΡΕΙΣ,Non-toxic,
4997,@user Congrats 🎉,Non-toxic,
4998,@user Πάμε παικταρα !!!!Lfg 🔥 Γαμηστε τις τζουλιες την Κυριακή Φίλιπ☘️ 💪,Toxic,
4999,"@user @user Do something and get out. As fast as you can, there is nothing to wait for. We need people who will leave their hearts on the pitch, not those who cry on Twitter.",Toxic,
5000,"@user @user ΦΙΛΙΠΕ,κάτι μας χρωστάτε και εσεις…μην ξεχνιόμαστε!!!",Non-toxic,
5001,@user @user Δεν μπορεί το παλικάρι δυστυχώς,Toxic,
5002,@user go get that ballon d’or at Inter king,Non-toxic,
5003,@user @user We love u bro 🫡🦅,Non-toxic,
5004,@user Wishing you a quick and easy recovery Baba ⚫⚪Συγχαρητήρια στον Γιώργο Βαγιαννίδη και στον Γιάννη Κώτσιρα,Non-toxic,
5005,@user Baba είσαι πολύ μεγάλος παίκτης φίλε μου. Υγεία να έχεις. 🖤,Non-toxic,
5006,@user Πάαααααμε ψυχάααααρα 🔥💪⚽,Non-toxic,
5007,@user Come Monday go out there with the boys and show them how it’s done 🦂🇬🇲,Non-toxic,
5008,"@user Once a soldier of the black stars army , always a soldier. Come back and finished your unfinished business. Prove them wrong.",Non-toxic,
5009,@user @user special times man,Non-toxic,
5010,@user Happy birthday!!!,Non-toxic,
5011,@user Happy 29 birthday 🎂🥳,Non-toxic,
5012,@user Wish you fast recovery and all the best!!!!,Non-toxic,
5013,@user Solid,Non-toxic,
5014,@user @user Let's fuckin goooooo!!,Non-toxic,
5015,@user @user Please come back XD! 🤣🤣🤣🤣🤣,Non-toxic,
5016,@user @user @user jus like that he’s gone 😕😞,Non-toxic,
5017,@user @user true,Non-toxic,
5018,@user @user @user @user Γειά σου Ροντι με τους τουρίστες φίλους σου,Non-toxic,
5019,@user @user Coco!!!,Non-toxic,
5020,"@user @user Thank you very much dear @user,Thank you for everything..🖤🤍🖤🤍👍👏🦅♾️",Non-toxic,
5021,@user Coco the Legend,Non-toxic,
5022,@user @user @user I LOVE YOU 💙🤍😍,Non-toxic,
5023,@user @user Τα σέρνεις ρε μαλακα..είσαι παλικάρι!☘️,Non-toxic,
5024,@user Goal=Omar colley,Non-toxic,
5025,"@user Many St. Louligans tuned in, including me. What a gorgeous place for the beautiful game!",Non-toxic,
5026,@user That man has a family,Non-toxic,
5027,@user Βάλε 2 γκολάκια ρε παιχταρά!!,Non-toxic,
5028,@user @user Honor,Non-toxic,
5029,"@user @user Yeah why is this catching Mobyhaque’s knickers in a twist. Don’t like it, move on.",Non-toxic,
5030,"@user @user Always an eagle, take care good luck 🦅",Non-toxic,
5031,@user Αδερφέ σε άδειασαν αλλά τα καλύτερα είναι τώρα.,Non-toxic,
5032,@user its time u agree to leave the  club without any compensation. At this point no-one is even sure you are a football player.,Toxic,
5033,@user Keep fighting ⚫️⚪️👊🏼,Non-toxic,
5034,"@user moves on loan until the end of the season to @user 💪Good luck on this chapter, Thanasi 🟣⚪Many thanks to feelsoccergmbh for the collaboration#androutsos #vflosnabrück#bundesliga2 #teamOIS",Non-toxic,
5035,@user Come back stronger bro 🫡🫶🏼,Non-toxic,
5036,@user Get well soon!!!,Non-toxic,
5037,@user @user So has Salah told you hes leaving?,Non-toxic,
5038,@user Nobody asked Dejan okay.,Non-toxic,
5039,@user @user Good luck eagle,Non-toxic,
5040,@user @user @user  get the man back in blue and white !,Non-toxic,
5041,@user @user Welcome back anytime davo,Non-toxic,
5042,@user @user Do your best next season bro,Non-toxic,
5043,@user @user Thank you omar.,Non-toxic,
5044,@user @user Hope you well Carlitos,Non-toxic,
5045,@user @user ΓΑΜΑ ΤΟΥΣ ΠΑΙΚΤΟΥΡΑ,Toxic,
5046,"@user Should be playing for wolves, you are too good",Non-toxic,
5047,@user My Lb 💯,Non-toxic,
5048,@user @user MON THE VUCKplease come back Jase we miss you,Non-toxic,
5049,@user @user @user @user Worst lookalike ever 😂😂,Non-toxic,
5050,"@user Massa, now you are very fit... Hope you're coming to play for the Black Stars this September.",Non-toxic,
5051,"@user, remember you will always be welcome in Poznań!",Non-toxic,
5052,@user @user Thank You OMAR COLLEY,Non-toxic,
5053,@user @user @user @user That was the best thing I've ever watched tbf,Non-toxic,
5054,"@user @user The one that got away, miss you too coco",Non-toxic,
5055,@user we miss you king,Non-toxic,
5056,@user @user Thank you. Ömer colley... Good  lucky  for next life...,Non-toxic,
5057,"@user This is why we love the Serbians.💚☘One of us, and we hope this football club will rise again ☘We love you!!💚☘",Non-toxic,
5058,@user @user Am wishing to you and the team a healthy season Willian.🙏🏽,Non-toxic,
5059,"@user COCO WITH ANOTHER SCREAMER, MIS YOU COCOOOOO",Non-toxic,
5060,@user @user WE LOVE YOU COLLEY,Non-toxic,
5061,@user You are amazing man❤️PAOK forever!,Non-toxic,
5062,@user @user Keep on going @user  🖤🙌🤍🔥,Non-toxic,
5063,@user Σ' αγαπάω,Non-toxic,
5064,@user @user What  a goal Filip !    ☘️☘️☘️,Non-toxic,
5065,@user Please qualify king !,Non-toxic,
5066,"@user, we have to learn valuable lessons, when we commit football ""crimes"".Keep fighting, wiser. ⚫️⚪️",Non-toxic,
5067,@user @user @user 20k tomorrow. We cannot see alafouzos team anymore,Non-toxic,
5068,@user The Israelis Slayer! 🇵🇸,Toxic,
5069,@user Come back to Spurs my prince of darkness,Non-toxic,
5070,@user @user Εισαι λιγος ρουφε,Toxic,
5071,@user @user @user @user Alexandria 😍,Non-toxic,
5072,"@user @user Thank you for everything Omar, Good luck🙋‍♂️🙏🖤🤍",Non-toxic,
5073,"@user Ηρεμήστε λίγο ένα πρωτάθλημα πήρατε μετά από καντι χρόνια , και καλά κάνατε να σπάσει λίγο η βαρεμάρα μας αλλά μην νομίζετε ότι κάθε μέρα είναι τα Γιαννιού",Non-toxic,
5074,@user We thank God,Non-toxic,
5075,@user Μπάμπη σ’ αγαπώ,Non-toxic,
5076,@user You have a superb talent when you was still young I don’t know why you chosen the wrong way after renewed your contract in 2019 you didn’t worked hard really you didn’t deserve that contract with 250K salary in a week to be honest I was waiting this moment to till you  leave my club,Toxic,
5077,@user @user Από τους λιγους που νιώθουν και ξέρουν που βρίσκονταιΚαψούρα βάστα γερά και του χρόνου θα είναι μια άλλη χρόνια ☘️,Non-toxic,
5078,"@user Don't care about Aris. Play for us, play for PAOK, play for the title and play for yourself. We know that all the players will do it. We will win. Be concetrated, they will challenge, you, but we are PAOK. And the champions must be us! Go for it. Have good luck!",Non-toxic,
5079,@user Η γκολάρα σου με την αεκ έδωσε το σύνθημα για την μεγάλη αντεπίθεση! Συγχαρητήρια σε όλους σας 👏🏆👏,Non-toxic,
5080,@user @user Keep shooting outside the box!!!,Non-toxic,
5081,@user Thank you for everything ❤️ brateeee,Non-toxic,
5082,@user Nice goal,Non-toxic,
5083,@user you were fun to watch. Au revoir ❤️🇨🇵🥲,Non-toxic,
5084,@user @user good job,Non-toxic,
5085,@user Πάμε ρε κτήνος! ⚫⚪,Non-toxic,
5086,@user featured in the @user team of the week for his performance as RB for @user vs @user on matchday 20 in bundesliga 2 ☑️#bundesliga 2#teamOIS#Androutsos#vflosnabrück#TOTW,Non-toxic,
5087,@user Get well asap! 🙏🏻,Non-toxic,
5088,@user Speedy recovery champ,Non-toxic,
5089,@user Men at work 🙌,Non-toxic,
5090,@user You owe them 1 goal!,Non-toxic,
5091,@user I love you coco,Non-toxic,
5092,"@user once a red, always a red. Merci beaucoup",Non-toxic,
5093,@user @user You've been missed 💔,Non-toxic,
5094,@user @user Ρε άσε τα Μάτσου Πίτσου και γύρνα πίσω! Έχουμε πόλεμο.,Non-toxic,
5095,@user Παιχταρα μη μασάς,Non-toxic,
5096,@user @user Good for them,Non-toxic,
5097,"@user Good to have you here, Kristoffer. Keep in mind though, Oly is a big ship...the biggest in Greece and one amongst the biggest in Europe. Stay healthy, stay focused and great things will come. Enjoy your stay in Greece, mate.",Non-toxic,
5098,@user @user Good luck 🥬,Non-toxic,
5099,@user Ο γαμιας σας,Toxic,
5100,@user Great man and the world would be better with more mo's,Non-toxic,
5101,@user @user @user @user Welcom to Egypt Lovren,Non-toxic,
5102,"@user Good fight, champ.Get to your best soonest.#ALL IS WELL…🙏🙏🙏🙏",Non-toxic,
5103,@user @user Good luck mate.,Non-toxic,
5104,@user Thank you and good luck  Kris 💪👊,Non-toxic,
5105,"@user @user We stand with Kevol, so it is toward us",Non-toxic,
5106,@user I'll never love a player  like I love you....some of us understand and love you......the way you are.I knew this day would come....just didn't think it would be this painful ❤️,Non-toxic,
5107,@user B,Non-toxic,
5108,@user Keep on balling chief! You will be back 🐺,Non-toxic,
5109,@user Do you know you have 30 minutes???,Non-toxic,
5110,@user Well deserved! ☘️💚,Non-toxic,
5111,@user Good Job Diego,Non-toxic,
5112,@user @user Next year you will rise again🫡,Non-toxic,
5113,@user @user Απλά γάμα τους.,Toxic,
5114,@user @user @user @user This will be exactly Salah X Lovren after retirement 😂😂,Non-toxic,
5115,@user Happy birthay,Non-toxic,
5116,@user To zrup,Non-toxic,
5117,@user CHATM x 1000,Non-toxic,
5118,@user Know that we Kotoko family love you and wish you all the best .,Non-toxic,
5119,"@user Both champions,  thank you for the memories, Mr Davidson 🙏",Non-toxic,
5120,@user Keep on going bro 💪🙏,Non-toxic,
5121,@user Α ρε Μπάμπα ψυχάρα μακάροι να ήταν και οι υπόλοιποι σαν εσένα!,Non-toxic,
5122,@user Happy birthday buddy!My best wishes to you and your family!,Non-toxic,
5123,@user @user Congrats! PAOK fans always at your side!,Non-toxic,
5124,@user @user @user Best wishes 🦅,Non-toxic,
5125,@user No probs.. chin up..let's go!,Non-toxic,
5126,"@user You 're great, mate.",Non-toxic,
5127,@user @user Let’s go bro ☘️,Non-toxic,
5128,@user Μη μασάς τίποτα παιχταρά! Δύναμη είσαι!,Non-toxic,
5129,@user Baba ψυχάρα για πάντα ΠΑΟΚΑΡΑ!,Non-toxic,
5130,@user Coco what a hit🥹,Non-toxic,
5131,@user Thank You and good luck! 👍,Non-toxic,
5132,@user 93rd minute winner incoming,Non-toxic,
5133,"@user It was a difficult game, you played very well. Go on",Non-toxic,
5134,@user I am really sorry for George 🖤🖤,Non-toxic,
5135,@user Περαστικα παιχτουρα,Non-toxic,
5136,@user It’s time to talk! Dejan,Non-toxic,
5137,@user @user Thank u too bro,Non-toxic,
5138,@user Mistakes are not made by those who do not put their feet to the fire. Stay strong. PAOK ΕΙΣΑΙ ⚫✊⚪,Non-toxic,
5139,@user please don’t go,Non-toxic,
5140,@user @user -100% 2025,Non-toxic,
5141,@user @user @user We love you Dejan 🙏,Non-toxic,
5142,@user i will never forget the goals against liverpool and southampton 😔❤️,Non-toxic,
5143,@user Yes am one of those pleading with you to return to the BS. I can't wait to see you in back with the BS. #AllTheBest,Non-toxic,
5144,@user Merry Christmas to you!!!! 🎄🎄🎄,Non-toxic,
5145,@user Congratulations 🎊🎉,Non-toxic,
5146,@user Get well soon champ,Non-toxic,
5147,@user @user I was here,Non-toxic,
5148,@user Have a great day Coco!,Non-toxic,
5149,@user Best left back in the world,Non-toxic,
5150,"@user As supporters, we are all ashamed by the way this case is solved. Looks like coach's injury wasn't enough... And this is really shocking.",Non-toxic,
5151,@user Happy birthday!!!!!❤️❤️❤️🎉🎉🎉🎊🎊🎊🎆🎆🎆🎇🎇🎇 @user,Non-toxic,
5152,@user where does this gesture come from?is it Pefok solidarity or does it mean something else?,Non-toxic,
5153,@user Κάνε τέτοια και με τον Άγιαξ να χύσουμε,Toxic,
5154,@user No more cf for you please ask terim to put you back in your physical position,Non-toxic,
5155,"@user I believe the team isn't performing at 100% yet, but with players like you, I have faith in our qualification at home! Together, we can do it! Let's go PAOK!",Non-toxic,
5156,@user @user We love you man...you are real fighter.,Non-toxic,
5157,@user @user Thanks Bro 🦅,Non-toxic,
5158,"@user Exactly.  Merry Christmas to you, Dejan",Non-toxic,
5159,@user Disgrace 😂😂😂,Toxic,
5160,@user Εισαι ΨΩΛΑΣΣΣΣΣ☘️☘️☘️☘️☘️☘️,Toxic,
5161,@user Goodluck ❤️,Non-toxic,
5162,@user @user Love you bro thanks For everything 🦅,Non-toxic,
5163,@user Senior send me some pair of boots please.,Non-toxic,
5164,@user @user go get that win brate! 💪💚☘️,Non-toxic,
5165,@user @user Lesgoooo,Non-toxic,
5166,@user what a perfomance from you yesterday! You are a legendary men ever of olympiacos from now on !,Non-toxic,
5167,@user @user Essendon Royals royalty 🔥,Non-toxic,
5168,"@user Toto, please!!!!",Non-toxic,
5169,@user Σύντομα στη σωστή πλευρά της ιστορίας...🔜☘️🇷🇸,Non-toxic,
5170,@user @user Best of luck 💪💪💪,Non-toxic,
5171,@user μπείτε δυνατά και θα είναι 2-0 στο ημίχρονο.,Non-toxic,
5172,@user That's our boyBig time for you😍❤️,Non-toxic,
5173,@user Keep going @user ⚪️⚫️⭐️,Non-toxic,
5174,@user CONGRATULAIONS,Non-toxic,
5175,@user ΓΑΜΙΑ ΣΑΝΤΙΙΙΙ,Toxic,
5176,@user @user Unfortunately true mate….,Non-toxic,
5177,@user @user @user Good luck!,Non-toxic,
5178,@user You are this season's MVP.Thx for everything.We love you.,Non-toxic,
5179,@user forever green juri ☘️☘️☘️☘️☘️☘️☘️☘️☘️,Non-toxic,
5180,@user love you forever🫶🏾,Non-toxic,
5181,@user @user Shut the hell up,Toxic,
5182,@user @user @user @user Brilliant 🤣🤣🤣,Non-toxic,
5183,@user remember your password lmao,Non-toxic,
5184,@user  ❤️🫶🪄 kid was better than mbappe !,Non-toxic,
5185,@user @user Come back Ruben we need you 💙,Non-toxic,
5186,@user equals bad character,Non-toxic,
5187,@user All the best for you,Non-toxic,
5188,@user @user Fake fans ...brother you just went on an interview trying to gain relevance from this contract situation..which nobody literally asked for,Toxic,
5189,@user @user Why are you searching your own name?,Non-toxic,
5190,"@user @user Hahahah. Y'all played whole season in way that was disrespectful for Lech's supporters. Stop talking about hard work, just put some fucking effort in your job. Otherwise you sound like a fraud.",Toxic,
5191,@user That's a banger😮‍💨🤍,Non-toxic,
5192,@user @user Such madness you must have tomorrow!!!!,Non-toxic,
5193,"@user Dejan, tell your friend moSalah about a country called Palestine, its innocent children are killed, zeal and demolish the homes of others. Tell him to support your children who are killed in Gaza from Zionist terrorists. 🇵🇸🇵🇸",Non-toxic,
5194,@user @user Me and @user  miss you too 🔥,Non-toxic,
5195,"@user @user 4-0 do it like gayros you can,it's small team aekaki",Toxic,
5196,@user Gl,Non-toxic,
5197,@user Thank God we have Baba on the team 🙏,Non-toxic,
5198,@user You are the best!!! We love you!!,Non-toxic,
5199,@user @user (L),Non-toxic,
5200,@user Φίλιππε παίξε για την φανέλα απόψε.,Non-toxic,
5201,@user @user Do you search for yourself on Twitter? 🤣,Non-toxic,
5202,@user We thank God...speedy recovery,Non-toxic,
5203,"@user @user Thanks a lot for everything Black Eagle Omar.Maybe,see you.....Fight for us",Non-toxic,
5204,@user Looking forward to you playing in the Old Gold this season. Plenty of skills and running at defenders with pace 🔥,Non-toxic,
5205,@user @user @user Μπρο είσαι καθυστερημένος;,Toxic,
5206,@user @user Volvé a @user !! 🙌🏼,Non-toxic,
5207,@user Happy to hear your safe and sound,Non-toxic,
5208,@user @user Good luck bro🦅🦅,Non-toxic,
5209,@user 👀Crack!!!!! 👀 @user,Non-toxic,
5210,@user @user Always you. Yes it fucking was. Fake player,Toxic,
5211,@user @user Let’s go Filip ☘️💚,Non-toxic,
5212,@user @user CRACK 😜,Non-toxic,
5213,@user Good luck boys ☘️,Non-toxic,
5214,"@user Παιχταρά μου, τρέλανε μας με τέτοιες εμφανίσεις 💪",Non-toxic,
5215,@user @user Help us 🥺,Non-toxic,
5216,@user or @user,Non-toxic,
5217,@user @user We love you Yusuf ❤️❤️❤️ Hattrick’s Genius,Non-toxic,
5218,@user @user Is he staying or not!?,Non-toxic,
5219,@user Stay safe Omar🖤,Non-toxic,
5220,"@user @user @user Well done you absolute legend, you deserve so much credit for our team's success, keep it up man ☘️💚🏹",Non-toxic,
5221,@user @user Secured😅🙌🏼,Non-toxic,
5222,@user @user GOAT,Non-toxic,
5223,@user We hope to be well and to give the three leg 🦵 to athens teams,Non-toxic,
5224,"@user @user @user @user So nice and funny, handsome guysWish you enjoyed the hawashi",Non-toxic,
5225,@user Happy belated birthday bro. God bless you 🙏,Non-toxic,
5226,@user @user Keep working hard Shola ❤️,Non-toxic,
5227,@user Crack 💪🤝👏,Non-toxic,
5228,@user Happy 32nd Birthday @user I’ll unveil your birthday present on the @user tonight.,Non-toxic,
5229,@user @user @user Φιλιπ καυλιαααρη,Non-toxic,
5230,@user @user @user @user Found him in Liverpool and Egypt not in KSA😉,Non-toxic,
5231,@user @user Take your friend mr. Fat Cat,Non-toxic,
5232,@user Respect Lovren!,Non-toxic,
5233,@user @user Yo dejan do u reckon he will still be here then honestly next season,Non-toxic,
5234,@user @user Almost same attitude...😃@user 💚☘️ @user,Non-toxic,
5235,@user - SJR was talking to you !!!,Non-toxic,
5236,@user @user leave our club and get the fuck out!!!!,Toxic,
5237,@user Please stay 🙏,Non-toxic,
5238,@user @user Γαμησε τους παιχταρα,Toxic,
5239,@user @user κάνε ένα φολο,Non-toxic,
5240,@user @user Future ballon d’or winner 🐐,Non-toxic,
5241,@user @user I’ll miss you 🥹,Non-toxic,
5242,@user Αντε να τα πουμε στον τελικο.,Non-toxic,
5243,@user All the best mate. Get well soon,Non-toxic,
5244,@user @user @user @user Alexandria 🇪🇬😭❤️,Non-toxic,
5245,@user τι λέει αυτός ρε;,Non-toxic,
5246,@user @user Thank you legend!,Non-toxic,
5247,"@user is 100 x better than Hojlund . I’m sure if it wasn’t because of the injuries , Martial would still be in the club because he is the better striker . Also martial ball control and how to hold the ball was incredible .",Non-toxic,
5248,@user Θα τα πάρετε τα τρία όταν παίξουμε μαζί μπαμπα μου 😂,Toxic,
5249,@user @user Thanks for everything bro,Non-toxic,
5250,@user @user @user One of us ☘️💚,Non-toxic,
5251,@user Yes coco! 🤍💙,Non-toxic,
5252,@user Thank you for honoring the jersey and your contract. Keep this way PAIKTARA.,Non-toxic,
5253,@user Good luck mate,Non-toxic,
5254,@user We love you Simon,Non-toxic,
5255,@user Τρέλανε μας ρε παικτούρα!!💪💪,Non-toxic,
5256,@user A true inspiration,Non-toxic,
5257,@user Toto!!! Thank you for the memories and best wishes my gunman!!,Non-toxic,
5258,@user If you dey enzo caresca like he go talk say you for be the security man oo herrhh that coach ne wicked pass,Non-toxic,
5259,@user @user Maybe this is a good timing to get back on top performance,Non-toxic,
5260,@user Hope they like living in Wolverhampton next season. 💛 Congratulations.,Non-toxic,
5261,@user Thank you brate,Non-toxic,
5262,@user 6 years after and one isn't playing anymore while the other one is yet to find a new club,Non-toxic,
5263,@user Σήμερα θα γίνουμε μάρτυρες της ποδοσφαιρικής Αναστάσης του @user  και οι άπιστοι θα πιστέψουν και η πιστοί θα πέσουν στα γόνατα και θα ψάλλουν το μεγαλείο του.Δόξα τον ΠΑΟΚ θα λένε ακόμα και οι αλλόθρησκοι,Non-toxic,
5264,"@user Sastre alani, we've always believed in you 🖤",Non-toxic,
5265,@user Get well soon man. Thoughts and prayers with you.,Non-toxic,
5266,@user don’t disgrace me G,Non-toxic,
5267,@user @user Good bye 🥲👋 @user,Non-toxic,
5268,@user Woww... Greetings to both... 👍👊🤩,Non-toxic,
5269,@user Γειά σου παικτούρα!,Non-toxic,
5270,@user Get well ❤️‍🩹 soon and come back stronger we love you 🙇🏻,Non-toxic,
5271,@user @user Have a  good luck 👍,Non-toxic,
5272,"@user Εισαι μεγαλη παιχτουρα.μην μασας,γαμα τους",Toxic,
5273,@user @user @user Rapid or Fiorentina? What do you prefer?,Non-toxic,
5274,@user We love you man .. you are winner and fantastic player,Non-toxic,
5275,"@user Honestly bro, no point getting involved. Firstly he's a devout Muslim. He shouldn't even be celebrating Christmas. This is where you both are completely wrong. This isn't a war, this is a clear genocide of the Palestinians. Something he has failed to tell all his followers! 🤬",Toxic,
5276,@user Bro stop I know you his best friend and shit but bro been doing it ever since he got to Liverpool,Toxic,
5277,@user Courage,Non-toxic,
5278,@user Omar we love you and we need you.Come home to Besiktas.,Non-toxic,
5279,@user leaving @user would hurt more than any break up ever could.,Non-toxic,
5280,@user @user @user first check will be in next week 29.06 with @userPlease except fair assessment 😉,Non-toxic,
5281,@user @user Wish you best bro.,Non-toxic,
5282,@user Thank you from the bottoms of our hearts! ☝️🇹🇷,Non-toxic,
5283,@user goodbye to the team in the latest @user video 🥺 👉👈,Non-toxic,
5284,@user can I have your t-shirt? #PAOK,Non-toxic,
5285,@user getting a 1 year extension what’s the fucking point the only good thing he did was give zlatan his number fuck 🐀cliff as well,Toxic,
5286,@user PAOK believed at BABA!!!!  Don’t ever leave from PAOK,Non-toxic,
5287,@user progress has been good I hope Chris Hughton is monitoring him closely ...,Non-toxic,
5288,@user @user YY ❤️🤍,Non-toxic,
5289,@user We Thank GodWe are with you @user ❤❤❤,Non-toxic,
5290,@user Bring him home @user,Non-toxic,
5291,@user #παοκ Σας Ευχαριστούμε 🤍🖤,Non-toxic,
5292,@user @user @user @user We love you in Egypt dejan ❤️,Non-toxic,
5293,"@user @user @user Carlitos, we miss you.",Non-toxic,
5294,@user @user Baba we love you 💗,Non-toxic,
5295,@user should've been the next great striker @user but man became lazy after the first 2 seasons. Pele of France never cut it again except for flashes. Best of luck in Greece before he retires.,Non-toxic,
5296,@user Full &amp; speedy recovery 🙏🏾,Non-toxic,
5297,@user Thanks and good luck,Non-toxic,
5298,@user Stay safe black eagle 🦅,Non-toxic,
5299,@user Where did it go wrong AM9😞,Non-toxic,
5300,@user Baba θεέ,Non-toxic,
5301,@user Legends,Non-toxic,
5302,@user OK,Non-toxic,
5303,@user must be someone with mystic powers. Man gets injured everytime the transfer market opensand next thing you hear @user has opened talks to extend his contract. This must be juju.,Non-toxic,
5304,@user D O B R A N O C,Non-toxic,
5305,@user @user we love you 😭🤍 coys forever,Non-toxic,
5306,@user @user @user @user @user Better footballer than actor by far 🤣😜,Non-toxic,
5307,"@user I remember during the final days of the last season, you were open to everyone about the situation, mentioned you wanted to stay, play and fightA man of his word.&lt;3",Non-toxic,
5308,@user Not quite a rabona but still a bit good that !,Non-toxic,
5309,@user ΓΙΑ ΝΑ ΒΓΑΖΕΙΣ ΚΑΜΙΑ ΦΑΝΕΛΑ ΜΕ ΤΙΣ ΣΕΡΡΕΣ ΚΑΛΟΣ ΕΙΣΑΙ. ΛΕΦΤΑ ΠΑΙΡΝΕΙΣ ΡΕ.,Toxic,
5310,"@user 's farewell message to @user  fans.""I joined Manchester United as an 11 year old  boy  with a  dream of one day  playing in the  first  team.I  feel extremely proud to  say I have achieved  that dream.""#ThankYouShola #MUFC  #MUAcademy  1/",Non-toxic,
5311,@user please come home we miss you,Non-toxic,
5312,@user @user I love you 🫶🏻🫶🏻,Non-toxic,
5313,@user such a useless playerHappy to see you leave this summer Finally,Toxic,
5314,@user @user You a good man Colley,Non-toxic,
5315,@user come to Santos,Non-toxic,
5316,@user Very many congratulations and best wishes to you both. Absolutely a best day! ❤️,Non-toxic,
5317,@user @user Τι παιχτάρα είσαι ρε baba,Non-toxic,
5318,@user copito🤩,Non-toxic,
5319,@user Next archer 🏹 for PAO getting ready☘️💚,Non-toxic,
5320,"@user Οι Τούρκοι σε έλεγαν αμπαλο τα γίδια κ ότι θέλουν κρουνιτς,ΜΙΑ ΤΡΊΧΑ ΑΠΌ ΤΑ ΑΡΧΙΔΙΑ ΣΟΥ Ο ΑΠΑΤΕΏΝΑΣ ΓΑΜΙΑΑΑΑ",Toxic,
5321,"@user Merci , Anthony.Thanks for all the memories Go well.",Non-toxic,
5322,@user @user One of us! 💙,Non-toxic,
5323,"@user , Club Legend one of the ones that made me fall in love with this club ❤️",Non-toxic,
5324,@user @user You’re a star Davo. Always welcome back.,Non-toxic,
5325,@user @user Looking forward to seeing you next season Jason,Non-toxic,
5326,@user @user bring him home,Non-toxic,
5327,@user Daily Jimmy 🤩,Non-toxic,
5328,@user @user Keep going and stay strong man!,Non-toxic,
5329,@user Bro είσαι τρελός ρε,Non-toxic,
5330,@user We love you 💙,Non-toxic,
5331,"@user @user Welcome to our team, Kristoffer.",Non-toxic,
5332,@user Thing of beauty!!,Non-toxic,
5333,"@user @user @user Where is this, and what football pitch is that?",Non-toxic,
5334,@user τα ίδια του λέω και εγώ μωρέ τον μαλάκα,Toxic,
5335,@user @user Dejan please stop doing interviews about us and focus on your own career. There’s just no need,Non-toxic,
5336,@user CAPTAIN MY CAPTAIN,Non-toxic,
5337,@user @user Για πάντα στην Ελλάδα δυνατέ,Non-toxic,
5338,@user A Legend with a kind heart ❤️,Non-toxic,
5339,@user Ct andrut,Non-toxic,
5340,@user Our family is proud of you Captain. Your are already a Legend. Keep writing your name in the history books.,Non-toxic,
5341,@user Thank God you’re well. Come back stronger,Non-toxic,
5342,@user Keep pushing hard bro 🙏🙏,Non-toxic,
5343,@user you guys did me dirty waaa 😩 that Taison guy na stupid talking too much knowing you are on a yellow card 😩make I drop momo number bro 😩😄,Non-toxic,
5344,@user We beg u baller. We Dey suffer for the left wing,Non-toxic,
5345,@user @user Vuck 4 life,Non-toxic,
5346,@user @user @user @user Best friends. 😂,Non-toxic,
5347,@user happy birthday ©️,Non-toxic,
5348,@user Μπράντον 2 θέλω σήμερα. Ενα με αριστερό ένα με δεξί. Βαμος παικταρα.,Non-toxic,
5349,@user @user @user @user The SGI was awful,Non-toxic,
5350,@user good morning big eagle of Tanzania. After your amazing performance again yesterday you deserve long vacation. Take a sabbatical till the end of the season. You are legend. @user,Non-toxic,
5351,@user @user We miss you Maxi come come,Non-toxic,
5352,@user Come back stronger..💣💣💣,Non-toxic,
5353,@user @user Warszawa is happy for you,Non-toxic,
5354,"@user You are ""Simple the best.""",Non-toxic,
5355,@user happy birthday mate x,Non-toxic,
5356,@user @user 80 points. Finish the job.-,Non-toxic,
5357,@user @user Thank you for everything. Lots of beautiful memories together. See you bro 🖤🦅👑🙏🧿,Non-toxic,
5358,"@user came from 🇫🇷,English press said he had no chance…Thank you every time you gave us a reason to sing your song.Best of luck with the rest of your career 🫶",Non-toxic,
5359,"@user I'd have you back at Spurs, Coco!",Non-toxic,
5360,@user Happy birthday!,Non-toxic,
5361,@user @user Class act. Once a red always a red!,Non-toxic,
5362,@user @user Φτυσε τον Ιωαννιδη ρε ατιμε! Πως τον καταπιες ετσι αμασητο;;;,Non-toxic,
5363,@user Wow. Wish you all the best in England,Non-toxic,
5364,@user @user Always fight for Green and White Djuri,Non-toxic,
5365,@user 100%,Non-toxic,
5366,"@user @user @user @user If we knew that you are here in my lovely city Alexandria,we would invite you much delicious food 🌹🌹🌹🌹",Non-toxic,
5367,@user @user Good luck 🦅,Non-toxic,
5368,"@user @user Nice One Dejan , once a red always a red !",Non-toxic,
5369,"@user Ρε φιλαράκι, σε πληρώνει η ομάδα για να παίζεις μπάλα ή να ανεβάζεις post?",Toxic,
5370,@user @user @user @user Love these two together!,Non-toxic,
5371,@user Why the fuck did we sell you Coco! 😝 Fucking bullet!!,Non-toxic,
5372,@user @user Imagine thinking @user knows more than Dejan Lovren. THE Dejan Lovren.,Non-toxic,
5373,@user you have an FA cup to win us brother 😭😭😭 one final Remontada for good times,Non-toxic,
5374,@user Get back on the pitch soonish mate,Non-toxic,
5375,"@user @user Good luck, hope you don't forget us, see you soon",Non-toxic,
5376,@user Crack!!!,Non-toxic,
5377,@user @user Congrats mate ❤️❤️,Non-toxic,
5378,@user numbers in Beşiktaş’s 1-1 draw agaisnt Samsunspor Minutes Played — 90Block — 1Clearances — 4Interceptions — 2Recoveries — 5￼Aerial Duels Won — 5,Non-toxic,
5379,@user Respect ❤️,Non-toxic,
5380,@user We thank God for your life.,Non-toxic,
5381,@user @user @user @user Alexandria ❤️❤️❤️❤️❤️❤️,Non-toxic,
5382,@user @user Take care brother,Non-toxic,
5383,@user Kavliari this is your yearFuck em allWaiting from you maestro appearances like todayBe healthy☘️☘️☘️,Non-toxic,
5384,@user @user Want real champions. Not masters of training pitch. That's why tens thousands go to stadium in capital of Pyrlandia.,Non-toxic,
5385,@user @user Miss you always remeber you,Non-toxic,
5386,@user Ωραίος Τάισον..αλλά το ΠΑΟΚ με κεφαλαία,Non-toxic,
5387,@user Be safe ❤️💙,Non-toxic,
5388,"@user Άκου φίλε, μόνο μια λέξη: gamistetus#paofc 💚☘️⚽💚⚽☘️💚",Toxic,
5389,"@user Brandon, take a picture of all your tattoos sometime, they're jealous, and I really want to admire them.",Non-toxic,
5390,@user @user You were the best last season.. we will not forget you,Non-toxic,
5391,@user Οεοεοε οεοοεοε στο φάληρο ερχόμαστε να σας…,Toxic,
5392,@user @user Thanks for the memories Yusuf : )And best of luck for your next stop.,Non-toxic,
5393,"@user @user get well soon bro and comeback stronger 💪💪💪, all is part of the game🙏",Non-toxic,
5394,@user Γίγαντας,Non-toxic,
5395,@user @user Πρωτάθλημα εμείς ή κανείς !!!!,Non-toxic,
5396,"@user  Welcome to @user You're gonna love the Organization, Fans, Facilities and Cincinnati. ""Score and you will be Loved"" Ohh just wait until you see the Parade before Home Games.",Non-toxic,
5397,@user I wasn't surprised at all.... because this is not his first time he's showing the world how special he is.....KING FOR A REASON ❤️🤝...RIDE ON MO,Non-toxic,
5398,@user Heads up 🖤🤍,Non-toxic,
5399,@user @user Μπαμπάς☘️,Non-toxic,
5400,@user 🖤🖤🖤🖤 respect ✊,Non-toxic,
5401,@user Όταν ο Μπαμπα γράφει Κωνσταντινούπολη αλλά ο Παναθηναικσπορ Ισταμπούλ,Non-toxic,
5402,"@user  you better tell that your team , they have caused damage to me so they either pay me with the match fixing money or more curses will rain on them @user",Toxic,
5403,"@user @user Let’s go, work work work 💪🏻☘️",Non-toxic,
5404,"@user ξύπνα και τους συμπαικτες σου baba , .ντροπή να παιζουν τοσο άνευρα και φοβισμενα σε αυτο το σταδιο ..αν μπειτε δυνατά και με πάθος θα γινει 3-0 ευκολα απο πρωτο ημιχρονο .",Non-toxic,
5405,@user Παμε ρε πουλεν!,Non-toxic,
5406,"@user @user You were a great player and sport should destroy barriers! @user lives in England, follows his faith and English traditions!!",Non-toxic,
5407,@user We thank God for your life. Keep hope alive. God will see you through.,Non-toxic,
5408,"@user I am so happy to read that you are delivering impressive performances at @userI wish you all the best and 2024 to be a year that will boost your skills, even higher🙏Once PAOK, always PAOK (and in our hearts)⚫️🦅⚪️",Non-toxic,
5409,@user See you soon,Non-toxic,
5410,@user @user Carlitosss ❤️🤍💚,Non-toxic,
5411,@user ΗΓΕΤΗΣ ΕΣΥΥΥΥΥΥ,Non-toxic,
5412,@user was 10 times better than  Caicedo. Just easier to hate on an older player than a small innocent shit at football player #CFC #CaicedoOUT,Toxic,
5413,@user Fucking 🤡 #paofc,Toxic,
5414,"@user Get well Chale, relax for the game. More years ahead",Non-toxic,
5415,@user #AlwaysBeside 🤍C💙O💙Y💙S🤍,Non-toxic,
5416,@user @user @user @user Looooooooool,Non-toxic,
5417,@user Love you hermano,Non-toxic,
5418,@user Παιξε λίγο μπάλα ρε παιχταρά μου όπως τους πρώτους μήνες. Αποκλείεται να ξέχασες τη μπάλα,Non-toxic,
5419,@user You spoil my bet with that last minute goal😭 who send you herh😂💔,Non-toxic,
5420,@user @user Stay here!,Non-toxic,
5421,@user Παιχτουρα είσαι  αγόρι μου...,Non-toxic,
5422,@user seems happy too #aekfc,Non-toxic,
5423,@user Happy Birthday 🥳,Non-toxic,
5424,@user You are a legend for our club. Bring us the Cup 🔴⚪,Non-toxic,
5425,@user I want the Poak jersey when you’re back,Non-toxic,
5426,@user @user We read not listen,Non-toxic,
5427,"@user @user Good luck this season brother. Once an eagle, always an eagle 🦅🦅🦅🦅",Non-toxic,
5428,@user We are proud of you Captain fantastic,Non-toxic,
5429,@user @user @user That's almost as bad as flying into invisible power lines 😱,Non-toxic,
5430,@user you are a wonderful player. You are a luxury for us. Thank you for being at PAOK. We are moving forward!!!,Non-toxic,
5431,"@user @user Brate it's your season,comeback is real...lets go!!!",Non-toxic,
5432,@user 🙏🙏🙏 Thank u,Non-toxic,
5433,@user @user Thanks for everythink our eagle 🦅,Non-toxic,
5434,@user @user I cried a little,Non-toxic,
5435,@user Perfectly put.,Non-toxic,
5436,@user Πάμε παικταρά! Ελπίζω ο τραυματισμός να είναι ελαφρύς! Πάμε για back to back!,Non-toxic,
5437,@user @user Γίγαντα Μπάμπη,Non-toxic,
5438,Incredible performance brother you played so good,Non-toxic,
5439,"Don't go my friend we love you, you are our modric 💛🖤",Non-toxic,
5440,"Hello! How are you? I am Juan Martín Román, professional soccer player. I played for Newell's Old Boys🇦🇷, San Martín de Tucumán🇦🇷 and Everton de Viña del Mar🇨🇱, I am Argentine. I am currently without a club, I know that I have the necessary conditions to play for the team",Non-toxic,
5441,come to pao 🇦🇱,Non-toxic,
5442,🇵🇪crack,Non-toxic,
5443,Martial will be the best,Non-toxic,
5444,Hello bro how are you ?,Non-toxic,
5445,Bro you are a baller ❤️❤️ you played very well,Non-toxic,
5446,WE LOVE U 🇱🇻 ❤️‍🔥,Non-toxic,
5447,Timbers,Non-toxic,
5448,Zile knows how to play against Steaua 😉⚫⚪,Non-toxic,
5449,Captain 💚☘️,Non-toxic,
5450,THE MAGICIAN🪄🇫🇷,Non-toxic,
5451,crush on you 🫠,Non-toxic,
5452,thief amath,Toxic,
5453,the best,Non-toxic,
5454,Great pictures my friend👌👌,Non-toxic,
5455,I enjoyed watching you today 😍💯🇬🇭👑⚽️,Non-toxic,
5456,"Let's go julian mistakes are part of the game,we keep on fighting together until we are able to accomplish our targets🙌🔥",Non-toxic,
5457,Welcome to Aris FC Family 💛🖤 health and many Goals Robin!,Non-toxic,
5458,Not over yet 🔥🔥🙏,Non-toxic,
5459,Come back stronger!!!🙏🙏🔴⚪🥰,Non-toxic,
5460,"you don't have anything to prove, clear your mind, do your job as usual. 💪",Non-toxic,
5461,🌸flex,Non-toxic,
5462,"new era, still the same burning passion. ❤️‍🔥💙💛",Non-toxic,
5463,As Spurs fan coco better than werner,Non-toxic,
5464,The best 🔥,Non-toxic,
5465,Come back❤️🤍🔥🔥,Non-toxic,
5466,Final day (18) of asking to bring back the bow celebration. ☘️💚🏹 I stop because i saw you liked my comment on tiktok so you know what i am asking for,Non-toxic,
5467,@user.lj stay focused and strong 💪🏻 🔥,Non-toxic,
5468,Goat 🟡⚫️,Non-toxic,
5469,Big player big talent🔥,Non-toxic,
5470,Come to the Revs! 🔴🔵,Non-toxic,
5471,"Feel poor sydney, what a joke for the bus",Non-toxic,
5472,👏waiting,Non-toxic,
5473,Thank you for everything and goodbye ❤️🤍🖤🦅,Non-toxic,
5474,Congrats ❤️,Non-toxic,
5475,Welcome 🇬🇷,Non-toxic,
5476,Jesus Christ loves you ❤️❤️❤️,Non-toxic,
5477,Stay here forever Lion 🙏❤️🔴⚪,Non-toxic,
5478,You have been PAOK from the day of your birth,Non-toxic,
5479,Damian Tank🫡🦾,Non-toxic,
5480,Your best performance machine!!! 💪👊💛🖤,Non-toxic,
5481,Tete bro you are the best Brazilian player at the world right now 🔥🇧🇷👏,Non-toxic,
5482,He’s an actual dream 🤍☁️👼🏼✨we love you so much Stormy Boy xxx,Non-toxic,
5483,The best🪄🔥,Non-toxic,
5484,Pls stay for another year..more fantastic thinks will come... hundreds of thousands peoples will salute you.,Non-toxic,
5485,I Wish you a Happy new year!! 🎊💝🎉,Non-toxic,
5486,"Thank you Kedziora,you are one of the most loyal if not the most loyal person in our team.Ever since Ekong left for AFCON and got injured you have been playing whole matches without complaining.Your performance was excellent this season.I hope you stay with us and next season you play even better.Without you in defense I was worried we were gonna lose 🖤🤍",Non-toxic,
5487,King ❤️🦅🔥 🖤🤍🖤🤍,Non-toxic,
5488,Soft 🥶,Non-toxic,
5489,WELCOME BACK ANDRE ❤️🔥,Non-toxic,
5490,Welcome❤️🤍,Non-toxic,
5491,What a player 😍😍,Non-toxic,
5492,"Don’t apologize! We are all one team, one family… We are OLYMPIACOS 🔴⚪🔥",Non-toxic,
5493,Computer 💻,Non-toxic,
5494,Happy for u ma guy👏🔥,Non-toxic,
5495,#respect,Non-toxic,
5496,Love seeing you back ❤️,Non-toxic,
5497,Welcome ☘️☘️,Non-toxic,
5498,Stay ❤️,Non-toxic,
5499,King 💚💚💚,Non-toxic,
5500,All the best my guy 🙌❤️,Non-toxic,
5501,Most important is health Alex! Get well 🙏💛💪,Non-toxic,
5502,My gs,Non-toxic,
5503,Dont stop! Give me more!,Non-toxic,
5504,The goat 🐐🐐,Non-toxic,
5505,"Another fantastic servant for my beloved club. Thanks for your service & all the good times. Shame how things have ended, but we all make mistakes eh ? .",Non-toxic,
5506,welcome back baby❤️,Non-toxic,
5507,My pest player in the world 😍😍😍😍😍❤️❤️❤️❤️❤️,Non-toxic,
5508,Welcome to aris fc 💛🖤,Non-toxic,
5509,Stay strong,Non-toxic,
5510,Julian just ignore what you see here..It was a very big mistake but everyone makes mistakes..Time will heal our hearts..Be strong..🙌,Non-toxic,
5511,One of us!!!👏👏👏,Non-toxic,
5512,You are the best never give up🤍🖤,Non-toxic,
5513,😍😍🔥🔥keep up ❤️💚,Non-toxic,
5514,Again champion captain!!!!,Non-toxic,
5515,@user can you please follow me on instagram Tom.,Non-toxic,
5516,Congrats brother,Non-toxic,
5517,Nice wague 🔥🔥🔥,Non-toxic,
5518,Proud of you R!,Non-toxic,
5519,"Thank you Jonny, we are sorry to see you leave. We will follow your career. We are proud to wear our Wolves shirts with your name on them. You are a great player, playing some awesome football. We will miss you. Wishing you and your lovely family all the best. Sorry to see you go. Take care. Always a Wolf. 🐺🧡XX",Non-toxic,
5520,"Welcome to the best team in Greece, AEK",Non-toxic,
5521,We miss you with Egypt ❤️🇪🇬,Non-toxic,
5522,Crack 🌟✨🙌🏻,Non-toxic,
5523,Happy birthday big girl 🥳 🥳,Non-toxic,
5524,"Big Julian we love you my friend.The most humble , loyal and leading player ARIS had in the last decades. Congrats and we hope you stay⚫️🟡🫡",Non-toxic,
5525,@user.leismann you are THE Man! Stick with us you are gonna love it!,Non-toxic,
5526,Welcome Thomas... 💯👍🦵,Non-toxic,
5527,My favorite couple ❤️,Non-toxic,
5528,we're so grateful you're part of our family Jönsson! Let's show them who's the boss again this year!💛🖤🦅,Non-toxic,
5529,Thank you for all.,Non-toxic,
5530,Great game yesterday keep it on julian👏,Non-toxic,
5531,Magical ⚽🪄,Non-toxic,
5532,CHECK DM 🙌,Non-toxic,
5533,Tanks 🙏🏽,Non-toxic,
5534,Pure quality !! 👏👏,Non-toxic,
5535,WHAT A PLAYER,Non-toxic,
5536,👏🏾👏🏾👏🏾👏🏾👏🏾👏🏾top top 😍 respect ✊🏾,Non-toxic,
5537,Forever green 💚💚,Non-toxic,
5538,"Malaka all is OK! You re the captain,we re with you Rodi",Non-toxic,
5539,Shola my boy,Non-toxic,
5540,Blessings ❤️🔥,Non-toxic,
5541,Proud 🔥❤️,Non-toxic,
5542,Get well soon,Non-toxic,
5543,Stay strong julian!!!we are with you vamos aris,Non-toxic,
5544,Come to OGCNIce 🦅,Non-toxic,
5545,Let’s go 🔥🔥🔥,Non-toxic,
5546,Blessings Bro 💚💙🖤💎👑,Non-toxic,
5547,THE BEST!🔴⚪️🦁❤️👏,Non-toxic,
5548,"Only thing Olympiakos fans want to see is players giving it all on the pitch. Sweat and blood for the club. Results come and go Rodi, heads up ❤️",Non-toxic,
5549,Keep it up 🔥,Non-toxic,
5550,keep calm and wait because Fenerbahçe is coming for revenge,Non-toxic,
5551,We love you !!!!!!,Non-toxic,
5552,You have been a key player for ARIS keep working mendyl,Non-toxic,
5553,We will never forget what you did for us⚫⚪,Non-toxic,
5554,You are part of the history my friend ❤️🙌,Non-toxic,
5555,Get well soon💪☘️,Non-toxic,
5556,"He’s back, and it’s like not a single day has gone by👏⚪⚫💪",Non-toxic,
5557,How are you not all injured all the time? Strange that,Toxic,
5558,Toooop 🤌🏻,Non-toxic,
5559,Welcome to the club James 🔴⚪🔴,Non-toxic,
5560,The blue suits you well! Strong man 🫶🏼🔥,Non-toxic,
5561,Big tee ❤️🔥🙌,Non-toxic,
5562,Great game viking! You were our best... in Sammy Offer it will be a whole different ball game!,Non-toxic,
5563,He was a top player at united when fit,Non-toxic,
5564,Still love you man☘️☘️☘️,Non-toxic,
5565,LEAVE ARIS NOW,Toxic,
5566,Crack,Non-toxic,
5567,Striker 🔥🔥,Non-toxic,
5568,Thank you for everything Tom!! It is a shame that you could not be “used” as you deserve. Good luck!!,Non-toxic,
5569,My guy 😎🤍💡🦅,Non-toxic,
5570,check DM please,Non-toxic,
5571,Well done Tom 🖤💛,Non-toxic,
5572,Tank👏,Non-toxic,
5573,Stay❤️,Non-toxic,
5574,We believe in you paixtara❤️🇧🇬🐐,Non-toxic,
5575,Welcome to AEK 🦅🖤💛🦅,Non-toxic,
5576,You must leave from the bigest club in the world. We don’t want you,Toxic,
5577,Well done ❤️❤️❤️,Non-toxic,
5578,Just believe in yourselves. We got this 💪❤️🤍,Non-toxic,
5579,I love you broooooo❤️❤️❤️❤️💩💩💩💩💩,Non-toxic,
5580,Thanks for everything Ounahi ❤️🇲🇦 Keep your head high,Non-toxic,
5581,Stand Free Jimmy🇵🇪🏴󠁧󠁢󠁳󠁣󠁴󠁿🇦🇹🇳🇿,Non-toxic,
5582,Daniel one of us,Non-toxic,
5583,Big player my man💛🖤,Non-toxic,
5584,scammer AMATH,Toxic,
5585,"Great year for a great performance 🙌 , stay yellow Julian 🖤💛",Non-toxic,
5586,"Proud to have you toshio, pray you remain healthy and we achieve our goals together 🙏🏻🔵⚪️",Non-toxic,
5587,"You are unique. BEŞİKTAŞ NEEDS PLAYERS LIKE YOU BECAUSE BEŞİKTAŞ FANS LOVE THOSE WHO LEAVE AND THOSE WHO COME, YOU ARE ALWAYS IN OUR HEARTS. OMAR COLLEY",Non-toxic,
5588,I am a fun of you !! I want your tshirt pls,Non-toxic,
5589,Beast 💙💛,Non-toxic,
5590,Welcome back!!!💪🏻💪🏻,Non-toxic,
5591,"There is no mistake , you are a leader and you stepped up .. keep going ❤️❤️❤️🔴⚪️🔴⚪️",Non-toxic,
5592,fairs fairs,Non-toxic,
5593,Good luck Jonny- great player and servant to the club. Those Nuno years will live long in the memory as the best times as 40 years as a fan 🐺,Non-toxic,
5594,Stay next year bro,Non-toxic,
5595,@user Always Green ☘️🇮🇹,Non-toxic,
5596,MVP 😍🔥🔥,Non-toxic,
5597,wlc back boss,Non-toxic,
5598,Congratulations bro,Non-toxic,
5599,You deserve more 👏👏🙌,Non-toxic,
5600,Welcome to AEK…work hard and win the championship cause next year we are on Champions League,Non-toxic,
5601,Sending thoughts to you and your family at this tough time Luis. Come back stronger ❤️💪,Non-toxic,
5602,💛🖤 💪🏼 🇵🇪 Stay strong Alex!!!,Non-toxic,
5603,First headband 💪🏻😂,Non-toxic,
5604,Back home 🙏🏿👍🏾,Non-toxic,
5605,🎄attempts,Non-toxic,
5606,Get well soon. Wish you the best,Non-toxic,
5607,Get well soon 🖤💛,Non-toxic,
5608,🔥🔥🔥congrats!,Non-toxic,
5609,My boy 😍🫶🏼👏🏽👏🏽,Non-toxic,
5610,ONE OF US BRANDON THOMAS #71 ONE OF INCREDIBLES ⚪⚫,Non-toxic,
5611,Killer🦅🦅🖤🤍🤍🖤🇧🇬,Non-toxic,
5612,WELL DONE !!!,Non-toxic,
5613,Once a wolf always a wolf 🐺🧡,Non-toxic,
5614,Let's go 🟡⚫,Non-toxic,
5615,You are the best! Well done champion!!! 🏆 AEK for ever!,Non-toxic,
5616,It is going to take a while to cope with not seeong you in 💙🤍 anymore @user. But I Wish you all the best.,Non-toxic,
5617,I wishh you brighter future and injury 🤕 free in Jesus name,Non-toxic,
5618,Welcome back 💛⚽️👏🏼,Non-toxic,
5619,Welcome ☘️☘️☘️,Non-toxic,
5620,Proud of you ma brilliant friend ❤️,Non-toxic,
5621,My goat,Non-toxic,
5622,Best LB IN THE FUCKING WORLD,Non-toxic,
5623,"Raymond, do you remember your second coming to our FC? I asked you to bring sunshine back to FC Gomel, &you're doing it every game! ☀️🎉⚽ Thank you a lot! 😉❤️",Non-toxic,
5624,Stay strong 🟨,Non-toxic,
5625,The best!!!!🔥🔥❤️❤️,Non-toxic,
5626,Hope you had a good one bro ❤️ 🙌,Non-toxic,
5627,Welcome home 🔴⚪️🇵🇹,Non-toxic,
5628,Work hard play hard 💪,Non-toxic,
5629,Thank you @user,Non-toxic,
5630,@user wish you the best! Always one of us☘️,Non-toxic,
5631,Thank you @user we will never forget you. Once a Wolf 🧡🖤,Non-toxic,
5632,Welcome killer🦅🦅🦅,Non-toxic,
5633,"We are happy to see you enjoying it and continuing to fight for PAOK. Keep it up, you're getting better every day 🦅🖤🤍🇷🇺",Non-toxic,
5634,Killer 👏🔥,Non-toxic,
5635,Amath big scammer,Toxic,
5636,Love you mate,Non-toxic,
5637,Good luck bro 👑,Non-toxic,
5638,WE LOST THIS GAME.,Non-toxic,
5639,Please follow me,Non-toxic,
5640,If you like it then you shoulda put a ring on it 💍💚,Non-toxic,
5641,King💛,Non-toxic,
5642,"You will make such a caring mum, Jazz!! ♡ Congratulations.🤗",Non-toxic,
5643,Good luck bro💪🏾🔥,Non-toxic,
5644,Incredibly 🔥🦅,Non-toxic,
5645,Good to see you back. Stick in. ❤️⚽️,Non-toxic,
5646,"You made us proud Roman!! ❤️ keep going for the double and next year, CL 🔥",Non-toxic,
5647,Fight for 🔴⚪️🤕,Non-toxic,
5648,Blessing ♥️,Non-toxic,
5649,Welcome to the biggest team of Greece 🤍🖤,Non-toxic,
5650,We love you ❤️,Non-toxic,
5651,Any Nigerian here 🇳🇬 🇳🇬 🇳🇬 ❤️,Non-toxic,
5652,The best,Non-toxic,
5653,You 💛🖤,Non-toxic,
5654,Congratulations! 🔥👏,Non-toxic,
5655,Congratulations 👏❤️,Non-toxic,
5656,Congrats 👏👏,Non-toxic,
5657,This is what YOU and OUR team deserve 🫡🔴⚪️🔴🫡,Non-toxic,
5658,Keep going thats life! 💪🔴🤍,Non-toxic,
5659,Fighter🔥,Non-toxic,
5660,We're with you win or lose and we'll support you all the way! 🔴❤️,Non-toxic,
5661,We wish you quick and full recovery. We are all with you! 🙏 #AEK_FAMILY,Non-toxic,
5662,Beast💛🖤,Non-toxic,
5663,WELCOME TO OUR TEAM⚫️⚪️🐍,Non-toxic,
5664,Well done for the ballon d’Or,Non-toxic,
5665,Thank you 💙✊🏻,Non-toxic,
5666,Congratulations 👏🏼,Non-toxic,
5667,You are the most stunning new mama I’ve ever seen 🥹💗,Non-toxic,
5668,Thank you my friend,Non-toxic,
5669,Look at your closet…. @user.7 get out bro that’s not even funny,Non-toxic,
5670,Bulgaria “wins” like this ⚫️⚪️,Non-toxic,
5671,Domou bing's🔥,Non-toxic,
5672,stay strong big guy,Non-toxic,
5673,The Timber brothers,Non-toxic,
5674,MVP🖤💛,Non-toxic,
5675,Crack ❤️,Non-toxic,
5676,Tony 💛,Non-toxic,
5677,Our boy☘️,Non-toxic,
5678,File 🔥🔥🔥🙌,Non-toxic,
5679,We love you ❤️,Non-toxic,
5680,Thanks for the memories Jonny great left back all the best for the future,Non-toxic,
5681,🔥🔥 best goalkeeper,Non-toxic,
5682,"Happy New year,Mate!!All the best for you,your family and PAOK !!",Non-toxic,
5683,"Velcome to home, Ray",Non-toxic,
5684,Give us the League title,Non-toxic,
5685,Welcome💛🖤,Non-toxic,
5686,Babinho destroy the hungarians ❤️🔥,Non-toxic,
5687,Good luck @user I’ll try keep myself up to date with the club and how your getting on xoxox❤️,Non-toxic,
5688,top👍,Non-toxic,
5689,Proud of you 🤍,Non-toxic,
5690,Im crying congrats my love,Non-toxic,
5691,Good luck to Aris bro. I wish all the best. We are waiting for you at OAKA to applaud you. All the best and good luck. Once Green Always Green☘️💚🇪🇸,Non-toxic,
5692,As a Manchester fan I would say you were fantastic last night champ … your touches were top notch 🔥❤️,Non-toxic,
5693,Come back to Galatasaray TETE 💛❤️🇧🇷,Non-toxic,
5694,Malaka say to Carmo to stay or I will jump from the top of the pyramid,Non-toxic,
5695,"We, as Beşiktaş fans, are always wit1h you and we love you. 🖤🤍❤️",Non-toxic,
5696,The legend 🔥👍❤️,Non-toxic,
5697,"Hi, can you check DM please? i have concrete offer for you. thanks",Non-toxic,
5698,ONLY ARIS IN GREECE HERTHA FANS 🟡⚫️ DARY BRING US THE TROPHEY,Non-toxic,
5699,Well deserved commando💣💛🖤🏆,Non-toxic,
5700,The best. I sent you a message @user,Non-toxic,
5701,YOU ARE GOATED 🔴⚪✅,Non-toxic,
5702,What a player,Non-toxic,
5703,"@user you are getting a hat trick next game, I'm sure about that",Non-toxic,
5704,"Stay strong Alex, we love you🖤💛",Non-toxic,
5705,❤️❤️❤️ Colley 🇹🇷,Non-toxic,
5706,thief amath,Toxic,
5707,Sorry this happened but why are you trying to go to Tel Aviv rn?,Non-toxic,
5708,Statement,Non-toxic,
5709,Well donee❤️👏,Non-toxic,
5710,Stay in the Club Averell. We love you💛🖤💛,Non-toxic,
5711,Yous are glowing… beautiful family❤️,Non-toxic,
5712,FIRST GOAL MY BOYYYY🔥🔥🔥,Non-toxic,
5713,What a brilliant goal! ⚽️🤺🤺🤺😂😂😂👏🏼👏🏼👏🏼,Non-toxic,
5714,Welcome officially 🔴⚪️ Keep it up 🫡🫡,Non-toxic,
5715,Welcome,Non-toxic,
5716,Congratulations,Non-toxic,
5717,Goat status,Non-toxic,
5718,Get well soon ☘️🫶🏻,Non-toxic,
5719,Welcome to the Dons!,Non-toxic,
5720,Congratulations 🙌,Non-toxic,
5721,big thief,Toxic,
5722,Come back🔴⚪️❤️,Non-toxic,
5723,Let’s go 🔥🔥,Non-toxic,
5724,Welcome to the biggest family in the world!!,Non-toxic,
5725,Ronaldo who?,Non-toxic,
5726,You are the best !! 💪⚪️⚫️,Non-toxic,
5727,Yes 🔥🔥🔥🔥🔥,Non-toxic,
5728,Welcome to New England!,Non-toxic,
5729,you are also in iraklis Conde🔵⚪️,Non-toxic,
5730,"Lead the team!!Lead our minds and our hearts 💗!! Proud and blessed for having such a player in our team!!THANK YOU,and finish it in OAKA!!",Non-toxic,
5731,You can still win a balon dor,Non-toxic,
5732,Congratulations! Fantastic news! Exciting times ahead! Let the good times role!❤️👏😂!,Non-toxic,
5733,"Thanks for the time here jonny, always solid when you played, good luck 🐺",Non-toxic,
5734,Welcome to aris family my friend 🟡⚫️,Non-toxic,
5735,We are olympiakos and you are Greek!!!🇬🇷🔴⚪💪🇧🇷,Non-toxic,
5736,STAY JULIAN,Non-toxic,
5737,Respect ❤️🤍,Non-toxic,
5738,Can you come back and score goals for us ?,Non-toxic,
5739,"We love you, TRELE. Oh, captain, our captain",Non-toxic,
5740,Be strong bro!💪❤️,Non-toxic,
5741,So relieved to have you back,Non-toxic,
5742,Keep going Shola🦅,Non-toxic,
5743,What a player ❤️,Non-toxic,
5744,Thank You Jonny,Non-toxic,
5745,Well deserved Damian,Non-toxic,
5746,Welcome to AEK family💛🖤,Non-toxic,
5747,Great win!! Amazing duo with Davidson!,Non-toxic,
5748,"Thank you dear Daniel ,wishing you good luck 👍",Non-toxic,
5749,We love you 🖤🤍,Non-toxic,
5750,Thank you for making our childhood dreams come true!! Thank you thank you thank you❤️❤️❤️,Non-toxic,
5751,Ooow what a cutie!! Beautiful 😍 congratzz with this miracle ❤️,Non-toxic,
5752,Tony just started … 💛🖤💛🖤,Non-toxic,
5753,King 💛🖤💛🖤🇮🇱🇮🇱🇮🇱🇮🇱💯💯💯💯💯,Non-toxic,
5754,Get well soon brother🔴⚪,Non-toxic,
5755,Welcome Killer ⚪️🔴🔥,Non-toxic,
5756,The 🐐 and Messi,Non-toxic,
5757,let him cook man,Non-toxic,
5758,Thank you legend 🔥🔥🔥,Non-toxic,
5759,Best itw,Non-toxic,
5760,Great to see you get more minutes today 👏,Non-toxic,
5761,WE ARE THE CHAMPIONS ORBELIN!!! KEEP GOING,Non-toxic,
5762,Happy Blessed Birthday 🎉🎂@user,Non-toxic,
5763,Shola I love you so much starboy you are the future 🔥👏,Non-toxic,
5764,It’s getting serious…,Non-toxic,
5765,I know and he know. ❤️,Non-toxic,
5766,Don't worry we support you,Non-toxic,
5767,Good luck Krzychu 🔥,Non-toxic,
5768,Nice goal there,Non-toxic,
5769,Let’s fucking go! 💪🏼⚽️🦊,Non-toxic,
5770,You are one of us my friend,Non-toxic,
5771,Top 😍👏,Non-toxic,
5772,come back💛🖤💛🖤,Non-toxic,
5773,my GOAT,Non-toxic,
5774,Step by step 🙌🏻❤️💙,Non-toxic,
5775,What a guy ❤️,Non-toxic,
5776,All the best for you 🐙 @user 💚🤍,Non-toxic,
5777,We love you Alen ❤️❤️❤️❤️,Non-toxic,
5778,Congratulations brother 👏 well deserved 🙏🏾,Non-toxic,
5779,"Did you miss us, son? 🇧🇷",Non-toxic,
5780,Welcome ❤️🙌,Non-toxic,
5781,The serial killer from 🇳🇱,Non-toxic,
5782,Unstoppable 🔥🔥,Non-toxic,
5783,That your calling bro 😂😂,Non-toxic,
5784,Never give up fedor 🔥❤️,Non-toxic,
5785,Keep up keep strong!!!!,Non-toxic,
5786,All people make falses .Keep strong and keep fighting,Non-toxic,
5787,Congrats 🔥🔥,Non-toxic,
5788,Crack🔥,Non-toxic,
5789,Wtf are u doing in that shirt....come to Olympiacos brother!!!!!,Non-toxic,
5790,Santos my friend 🖤🤍!!!,Non-toxic,
5791,Love it you 🔥,Non-toxic,
5792,Team RG Greece 🇬🇷!! ❤️ Born to be a keeper!! 🔥,Non-toxic,
5793,You are a very good player bad you didn't play so much in panathinaikos,Non-toxic,
5794,Beast 👏👏👏,Non-toxic,
5795,Beautiful couple in love 🔥❤️🔥❤️🔥❤️,Non-toxic,
5796,Stay strong we love you you are one of us ⚫️🟡❤️,Non-toxic,
5797,Welcome to the biggest club in Greece. ONLY AEK. LETS DO IT💣💛🖤,Non-toxic,
5798,Come back we love you 💛🖤,Non-toxic,
5799,Amazing brother!!🙌🙏💪🏼,Non-toxic,
5800,Welcome ☘️☘️,Non-toxic,
5801,COME BACK COME BACK COME BACK❤️🤍,Non-toxic,
5802,Shola🙌🔥🔥,Non-toxic,
5803,CONGRATULATIONS ANTONY KEEP GOING!!!!!!👏👏👏👏👏👏👏❤️❤️❤️❤️❤️,Non-toxic,
5804,"koita, well done for your hard work and it shows on the pitch💛🖤",Non-toxic,
5805,Sit down and thanks 3 points crazy . Where are You ? Do You have a pet ? Congratulations.❤️,Non-toxic,
5806,Good one bro 🔥🔥,Non-toxic,
5807,MR. ASSISTTTTT💪💛🖤💛🖤,Non-toxic,
5808,Captain 🧑‍✈️,Non-toxic,
5809,WELCOME HOME 🤍🖤,Non-toxic,
5810,big up for the photographer 😁 @user ❤️ . and happy birthday again bro @user.mendyl 🎂🎂🎂,Non-toxic,
5811,Killer🔥🔥🔥🔥,Non-toxic,
5812,We rise together we fall together!! We are OLYMPIAKOS! We are FAMILY!,Non-toxic,
5813,Proud 🔥,Non-toxic,
5814,Comeback tour looking good,Non-toxic,
5815,Congratulations 🎉 🖤🖤,Non-toxic,
5816,Special,Non-toxic,
5817,Our Golden boy. Come back to Manchester United.,Non-toxic,
5818,The only player who knows the meaning of zeal in Traktor: 🙌,Non-toxic,
5819,GOAT,Non-toxic,
5820,Robocop with a heart of a lion💛🦅💪🏼,Non-toxic,
5821,Dracula senior and junior’s on fire🔥 ❤️,Non-toxic,
5822,Very proud of you❤️,Non-toxic,
5823,Congrats guys ♥️,Non-toxic,
5824,ONE OF US ⚪️🔴⚪️🔴⚪️💦,Non-toxic,
5825,Get back to fck❤️❤️😢,Non-toxic,
5826,Congratulations bro! 😎 🔥,Non-toxic,
5827,Still waiting for you. Come back 🙏,Non-toxic,
5828,"Great country, but facilities are minimal",Non-toxic,
5829,We miss you in Bremen 😢👏❤️,Non-toxic,
5830,LOVE YOU,Non-toxic,
5831,Baddest 🔥🔥💛,Non-toxic,
5832,Parabéns Andre I'm so happy for your glad ❤,Non-toxic,
5833,Great player great man .,Non-toxic,
5834,Proud of you and the team brate,Non-toxic,
5835,Welcome back at home.,Non-toxic,
5836,More Grace 💪🏽💪🏽💪🏽,Non-toxic,
5837,Get well soon⚫⚪,Non-toxic,
5838,Welcome back ❤️💙,Non-toxic,
5839,Big T for a reason ❤️,Non-toxic,
5840,ROMAN YOU BEAST 🔥🔥🔥🔴⚪️🔴⚪️,Non-toxic,
5841,Welcome to our family Tom💛🖤,Non-toxic,
5842,Magical ✨💣,Non-toxic,
5843,My young G 🖤,Non-toxic,
5844,Congrats Captain 💛🖤,Non-toxic,
5845,Captain ❤️,Non-toxic,
5846,"It was about time for our Russian goal machine, well done @user 🦅glad for you man keep up the good work 💪 👏",Non-toxic,
5847,Good luck file☘️💚,Non-toxic,
5848,My bro 🙌❤️,Non-toxic,
5849,Prime pavle is back,Non-toxic,
5850,Big ⭐⭐⭐,Non-toxic,
5851,you made us proud 🤍🖤,Non-toxic,
5852,Good luck Jonny! That halfway line over the head touch will live deep in my memory,Non-toxic,
5853,We are honestly proud of each one of u❤️,Non-toxic,
5854,Welcome ❤️,Non-toxic,
5855,So exciting for you both 💕🫶🏼. Congratulations! Xx,Non-toxic,
5856,King💛🖤,Non-toxic,
5857,My hero ❤️academia,Non-toxic,
5858,🙌🏻 so so proud! 🤍🤍🤍,Non-toxic,
5859,One of us!🟡⚫️,Non-toxic,
5860,I'll be keeping an eye 👀👀 #AsAlways #EuropeYeah #ThingsYouLoveToSee,Non-toxic,
5861,Killer 🦁,Non-toxic,
5862,You are a very great player. Your soul belongs to the Olympiacos team. Keep going.,Non-toxic,
5863,Fly boy,Non-toxic,
5864,Why are we signing players we are not going to keep when we already have FFP hanging over us?? There is no sense to it. Sign players for Olympiacos and then loan them to Forest...that makes sense to avoid FFP,Non-toxic,
5865,Legends👊🏽,Non-toxic,
5866,We are also thankful that you stay in the club!,Non-toxic,
5867,We miss you 😢⚫⚪,Non-toxic,
5868,My very own superstar 🙌,Non-toxic,
5869,Congratulations @user ! A real Braveheart💛💣🦅🦾,Non-toxic,
5870,THE BEST,Non-toxic,
5871,You r one of us brother ☘️☘️💚🙌,Non-toxic,
5872,Boss,Non-toxic,
5873,my friend.,Non-toxic,
5874,Baba You Do Alll🔥❤️,Non-toxic,
5875,Filip we love you you are one of us,Non-toxic,
5876,Come back we need you king🙌🙌🙌💛💛💛,Non-toxic,
5877,Crack 🔥⚽️,Non-toxic,
5878,Tomorrow you will score paixtara,Non-toxic,
5879,🔥💛 Love,Non-toxic,
5880,He understands it now 🙂‍↕️,Non-toxic,
5881,We are also happy that you stayed home..... Vamosssss💛🖤💛🖤,Non-toxic,
5882,The best!!!! So excited for you both 🥹💗🫶🏽,Non-toxic,
5883,See you soon 🔵🔴,Non-toxic,
5884,"No worries, captain, that’s football!🔴⚪️🫡",Non-toxic,
5885,someone send Ruben a comp asap,Non-toxic,
5886,Come to @user,Non-toxic,
5887,Stayed and next year in Champions league and you will understand more the family ( I will be in the stadium every match ),Non-toxic,
5888,Bravo captain you deserved it! We want you after retirement!!,Non-toxic,
5889,Good Luck in Greece 💙🤍,Non-toxic,
5890,Valuable like Dimond 🔥,Non-toxic,
5891,congratulations 🍾🎉🎊,Non-toxic,
5892,They can never make me hate you 😍❤️👏,Non-toxic,
5893,The irony…crying for getting “arrested” while going to a place where they enact a genocide and kill babies and children on a daily basis. Children are getting raided from their houses at night…but yeah you are a victim🤦🏻‍♂️,Toxic,
5894,Good shit bro👏,Non-toxic,
5895,"👏👍😘 Cico, simply the best",Non-toxic,
5896,Congratulations,Non-toxic,
5897,"🔥🔥🔥 we support u Rodi, u r the captain of the team",Non-toxic,
5898,"Aston Villa owner, what a striker 🔥🔥",Non-toxic,
5899,🇫🇷 here we come,Non-toxic,
5900,"Smashed it Shola, best of luck in the future ❤️",Non-toxic,
5901,Get well soon Jonny 👊🏻 hopefully back stronger 🐺,Non-toxic,
5902,Out @user,Non-toxic,
5903,Welcome to the best club in Greece🔴⚪,Non-toxic,
5904,Thank you so much Krzychu 💙🤍🔥,Non-toxic,
5905,Tough,Non-toxic,
5906,"My brother, I have been trying to reach you for months, hear my voice, my brother. I beg you, hear my voice, brother. I just want a little help, my brother.",Non-toxic,
5907,Letsgoo,Non-toxic,
5908,"Stay forever, we love you. Vamos Aris 👏💛🖤",Non-toxic,
5909,Why you are not in the starting XI.Great game great player,Non-toxic,
5910,Italian Dog🙌❤️🫡,Non-toxic,
5911,be healthy and have many successes with our team A.E.K,Non-toxic,
5912,Congrats!! ⚽️👍,Non-toxic,
5913,Come to thrylos we are waiting for you,Non-toxic,
5914,Welcome 💙💛💙💛,Non-toxic,
5915,Congratulations my brother 👏👏👏,Non-toxic,
5916,What a fantastic player you have been for us. It was a privilege to see you in the Old Gold. All the best in the future. 🧡🖤🐺,Non-toxic,
5917,Thanks for all❤️,Non-toxic,
5918,Welcome 💛🖤💛🖤,Non-toxic,
5919,Why why tell me a reason to do it?,Non-toxic,
5920,Keep working!🔵⚪️💪,Non-toxic,
5921,Fight until the end! ☘️❤️,Non-toxic,
5922,whats that song called?,Non-toxic,
5923,Œ,Non-toxic,
5924,My player 💪💪,Non-toxic,
5925,Come to @user,Non-toxic,
5926,COME TO THE BIGGEST TEAM OF THESSALONIKI 💛🖤,Non-toxic,
5927,What a player 😍⚪️⚫️,Non-toxic,
5928,Monchu from 🇲🇾,Non-toxic,
5929,Italian stallion ...!!! Italian Tank...!!🙏🙏🥰🥰💪💪👊👊🔴⚪🏆🔥❤️🇮🇹🇬🇷,Non-toxic,
5930,Happy new year paiktara! Health and prosperity for you and your family! 👑🎉🎄,Non-toxic,
5931,Well done Jason xx,Non-toxic,
5932,Good🚜,Non-toxic,
5933,COME TO ARIS💛🖤💛🖤💛🖤,Non-toxic,
5934,Legend,Non-toxic,
5935,Stay there,Non-toxic,
5936,ICE COLD 🥶🥰,Non-toxic,
5937,Congratulations to you @user,Non-toxic,
5938,We love you 💚☘️,Non-toxic,
5939,Keep going 🙌,Non-toxic,
5940,Heads up Baller 👏,Non-toxic,
5941,Great ..keep it up 🔥🔥🔥🙌🙌🖤💛,Non-toxic,
5942,I couldnt finish;/,Non-toxic,
5943,Legend,Non-toxic,
5944,Young star,Non-toxic,
5945,Forever green ☘️,Non-toxic,
5946,great performance 🤍🖤,Non-toxic,
5947,Big man💛💙❤️,Non-toxic,
5948,Please renew your contract❤️🤍🙏,Non-toxic,
5949,Congratulations my team congratulations my love. Thank you all. I will always love you Aek💛🖤🦅,Non-toxic,
5950,Welcome to ARIS 💛🖤🔜,Non-toxic,
5951,Selfless play by Martial. ❤️,Non-toxic,
5952,Welcome to the greatest football club in the world,Non-toxic,
5953,Get well soon 🙏🙏🙏🔴⚪💪,Non-toxic,
5954,United should've never let you go fam,Non-toxic,
5955,Welcome to the champion of conference 💦,Non-toxic,
5956,Waiting for you to join @user to live the ultimate football madness!!!!,Non-toxic,
5957,"Great so see you again, Shola❤️",Non-toxic,
5958,My hero brother congratulations an a big congratulations to our captain,Non-toxic,
5959,Beckham😉,Non-toxic,
5960,Keep winning my brother 🔥,Non-toxic,
5961,"Come back to Thrylos file, we need you!!",Non-toxic,
5962,Welcome!👏❤️,Non-toxic,
5963,🏆 D O U B L E T R O U B L E 🏆,Non-toxic,
5964,Ironman 🔥,Non-toxic,
5965,I knew a guy 🥲🥺,Non-toxic,
5966,🔥🔥 the boss,Non-toxic,
5967,Welcome to AEK family💛🖤,Non-toxic,
5968,You are to strong for this bip 🦍,Non-toxic,
5969,May the protection and favor of Allah almighty all be with you,Non-toxic,
5970,Good 👍🏻,Non-toxic,
5971,The best💛🖤,Non-toxic,
5972,Game changer,Non-toxic,
5973,Some boy you!❤️,Non-toxic,
5974,Good luck Jonny x,Non-toxic,
5975,Made in 🇺🇦 🔥,Non-toxic,
5976,Brooo Greece is better 🇬🇷🫴🏻,Non-toxic,
5977,On fire 🔥,Non-toxic,
5978,We love you 👹👹👹,Non-toxic,
5979,Captain⚪️🔵,Non-toxic,
5980,Welcome,Non-toxic,
5981,Come back we need you💛🖤,Non-toxic,
5982,Thanks for all wall💛🖤,Non-toxic,
5983,I will never forget the Conference League journey with you Krzychu🥺,Non-toxic,
5984,Great pictures! ❤️,Non-toxic,
5985,Why the random post about him,Non-toxic,
5986,You are amazing. Not only for the goal. Thank you for your effort. <3,Non-toxic,
5987,On 🔥 brother ❤️❤️❤️,Non-toxic,
5988,You are very PORNSTAR🦅💛,Toxic,
5989,YOU BETTER BE HERE IN JANUARY,Non-toxic,
5990,Welcome🖤💙,Non-toxic,
5991,Welcome ❤️❤️❤️🔥,Non-toxic,
5992,We love you 🥰,Non-toxic,
5993,Ridiculous,Non-toxic,
5994,"Good luck man, thanks for the last two seasons 💚",Non-toxic,
5995,Damn you for giving that 2 corner vs panserikos,Toxic,
5996,Great Goal👏👏👏👏,Non-toxic,
5997,Beast 👏,Non-toxic,
5998,"Bravo ALEXANDER, WE ARE TOTTALY WITH YOU, BE STRONG, AND GOD WILL HELP YOU, FOR SURE...!!!💪💪💪🙏🙏🙏💛💛💛",Non-toxic,
5999,Congratulations 🖤🤍🦅,Non-toxic,
6000,Congratulations 💛🏆,Non-toxic,
6001,Happy for u my goat,Non-toxic,
6002,WoW 😍,Non-toxic,
6003,Hi Alen! Can you check direct message please? It's important 💪🏻,Non-toxic,
6004,Congratulations 🎊,Non-toxic,
6005,𝐒𝐄𝐍𝐃 𝐏𝐈𝐂 𝐎𝐍👉 @user,Non-toxic,
6006,Crack,Non-toxic,
6007,Come back soon lion 💪💪,Non-toxic,
6008,wellcome to the biggest club In Greece. together we must go for the champion,Non-toxic,
6009,Congrats you two 🙌🏼🎉,Non-toxic,
6010,First of many!,Non-toxic,
6011,Go Home Coley,Toxic,
6012,King,Non-toxic,
6013,Keep going 💪💛,Non-toxic,
6014,Get well soon 🏔️! We are waiting for you back stronger.💪💛🖤,Non-toxic,
6015,Keep going ljubi we love you ❤️,Non-toxic,
6016,Need that jersey asap! What number will he wear,Non-toxic,
6017,Welcome bro,Non-toxic,
6018,"Welcome ""back"" ⛰️⛰️⛰️⛰️",Non-toxic,
6019,Good bye brother we love you 🔴⚪️,Non-toxic,
6020,Come back to galatasaray sergio,Non-toxic,
6021,Still going strong 💪🏽,Non-toxic,
6022,Thank you Tom 🖤💛💣,Non-toxic,
6023,i believe in you lets go 🔴⚪️,Non-toxic,
6024,"Excuse me, sir. Are you a model?",Non-toxic,
6025,Goatttt🐐🐐🐐🐐🐐🐐🐐🐐🐐 my favorits footbal player you 🐐🐐👍🏾✊🏻✊🏻✊🏻😈😈🙌🏽🙌🏽🙌🏽🙌🏽,Non-toxic,
6026,You are on 🔥!!!keep up the good work!We support you 100%!💛🖤💛💣🦅,Non-toxic,
6027,I have just seen your video with the kid….. thanks for being so amazing person!!! 👏👏👏👏🙌🙌🙌,Non-toxic,
6028,MVP ☘,Non-toxic,
6029,Icon🙌🙌🔥🔥🔥,Non-toxic,
6030,That’s it champ 🙌🏼,Non-toxic,
6031,Come beck to Dynamo Kyiv,Non-toxic,
6032,Bro is on🔥,Non-toxic,
6033,Leader 🦅,Non-toxic,
6034,Welcome to the best Polish club. Give your all for these colors!!!,Non-toxic,
6035,Stay!!,Non-toxic,
6036,We wish you all the best! You are a very good player !!,Non-toxic,
6037,My heart has exploded into 1 million tiny pieces 🥰 Aunty P loves this little guy already!,Non-toxic,
6038,"Same fixed goals again and again, Greek league is so corrupted even vs the biggest arrivals they fix everything ….",Toxic,
6039,Congratulations!!!❤️,Non-toxic,
6040,@user NEVER GIVE UP!🔥,Non-toxic,
6041,Pls cone back💛🖤💛🖤,Non-toxic,
6042,All the best 🐺,Non-toxic,
6043,Whats the name of the airline? Provide some more context to this nrother,Non-toxic,
6044,BIG PLAYER,Non-toxic,
6045,"👏 Fantastic player for us, Some brilliant memories and great times for Wolves.",Non-toxic,
6046,RESPECT FROM AEK ATHENS,Non-toxic,
6047,King 👑💚🤍,Non-toxic,
6048,Can we share it,Non-toxic,
6049,🙌🙌🙌🙌🙌crack!!,Non-toxic,
6050,Get Well Son🙌,Non-toxic,
6051,Fuck hen sol,Toxic,
6052,Welcome back Greece Kiko 🔥☘️,Non-toxic,
6053,Always proud of you!!!❤️,Non-toxic,
6054,Only you the best of the best,Non-toxic,
6055,Good luck my man 👊,Non-toxic,
6056,"Thanks for all to an incredibie player, grateful from Cádiz🟡🔵",Non-toxic,
6057,Sorry for your loss Luis ❤️,Non-toxic,
6058,Bring with you marcus he is shi t,Toxic,
6059,Come to OAKA now 😈☘️,Non-toxic,
6060,Welcome 🔴⚪️🇬🇷,Non-toxic,
6061,WELCOMEE🟡⚫️🟡⚫️🟡⚫️🟡⚫️🦅🦅🦅🦅🦅🦅 YOU WILL BE BETTER HERE .....BAD BLUE GAYYYYYS HAHAHAHAHA DOES IT HURT LIKE VIDAAA????,Toxic,
6062,Welcome 💙💛⚡️,Non-toxic,
6063,BEST ONE 🤍💙,Non-toxic,
6064,What a player 🔥👏,Non-toxic,
6065,"Vamoooossss Hugo!!!!!!!! Vamos ARIS!!!!!!!!! Fight and play like that every match! You are big players in a big team! You have the talent to achieve great things! Continue with the same mindset! Strong with the heart of lions, with passion, focused and determined to win! 🟡⚫️💪✊👊",Non-toxic,
6066,Enjoy Greece 💚🇧🇷☘️🇬🇷💚,Non-toxic,
6067,Focus on steaoua now👏,Non-toxic,
6068,Congratulations 🙌🙌🙌🙌👏🙏🏽,Non-toxic,
6069,"Best of luck, son ❤️",Non-toxic,
6070,"What a player , thank you for everything 🖤💛",Non-toxic,
6071,Wow can you send me this picture 😍,Non-toxic,
6072,We expect more from you🟡⚫💛,Non-toxic,
6073,Thank you!,Non-toxic,
6074,proud❤️,Non-toxic,
6075,Captain......👏👏👏,Non-toxic,
6076,Welcome home! Wish you to play soon,Non-toxic,
6077,Don’t give up Tai 💪 stay strong as always ! You have the respect of all those who love football 🟢⚪️,Non-toxic,
6078,Super Underrated!!🔥🔥,Non-toxic,
6079,Welcome back our friend 🔥🔥🔥,Non-toxic,
6080,Congratulations 😍👏🏻,Non-toxic,
6081,Amath Ndiaye A real scammer and scams people for social media service,Toxic,
6082,Thank you! Congratulations! 🔥🔥🔥,Non-toxic,
6083,Good luck jondruli 💚🤍,Non-toxic,
6084,Boss😍😍😍,Non-toxic,
6085,Come to New England Nacho. A Year in the Making Amigo. ❤️❤️,Non-toxic,
6086,best goalkeeper in Superleague,Non-toxic,
6087,"Welcome bro, enjoy",Non-toxic,
6088,Welcome to AEK. We need good characters like you and so amazing players. Fingers crossed for you and all the success and good luck,Non-toxic,
6089,Welcome Lion🔴💪,Non-toxic,
6090,United ended your career,Non-toxic,
6091,All the best❤️,Non-toxic,
6092,GOAT 🐐,Non-toxic,
6093,Respect ✊🏼,Non-toxic,
6094,I wish you a speedy recovery. We look forward to having you back with us. Stay strong Alex!!🟡💣🟡,Non-toxic,
6095,Congratulations ❤️,Non-toxic,
6096,"Marseille is at the same time the most beautiful continent, the most beautiful country, the most beautiful city💪🇫🇮. And proud of our diversity🩵in planet Marseille.",Non-toxic,
6097,"Despite the result yesterday,you played amazing🔥Keep up the good work we as AEK fans have a huge faith on you!You can become our leader",Non-toxic,
6098,Get well soon 💛🖤,Non-toxic,
6099,Will you return to Dynamo Kyiv?,Non-toxic,
6100,One of us 🔴⚪,Non-toxic,
6101,Crack❤️,Non-toxic,
6102,Get well soon Alex 💛🖤,Non-toxic,
6103,My champion 💛🖤💣🏆💦,Non-toxic,
6104,Come to Aris 🟡⚫️,Non-toxic,
6105,Welcome🟡⚫,Non-toxic,
6106,waste player,Toxic,
6107,Omar abi 🤍🖤🤍🖤🖤🖤🦅🦅🦅🦅. we miss you 🔥❤️,Non-toxic,
6108,Congratulations 🙌,Non-toxic,
6109,Top player🔥👏,Non-toxic,
6110,Always respect you mate ☘️💚,Non-toxic,
6111,🙌🔥👏❤️ Level 🧤⚽️🙌,Non-toxic,
6112,"Great goal Roman, stay and fight in the team. We believe in you⚪🔴💪",Non-toxic,
6113,And we love youuu....... and yalla married!!!,Non-toxic,
6114,Legend 😍,Non-toxic,
6115,My boy🫂❤️,Non-toxic,
6116,"Tak for alt! Came as a boy, left as a man🔥💛💙",Non-toxic,
6117,☘️☘️🙏🔥brazilian magician,Non-toxic,
6118,Congratulations ♥️,Non-toxic,
6119,The best💚,Non-toxic,
6120,Congratulations to you both bro 🖤,Non-toxic,
6121,"happy birthday my guy, please come to united ❤️",Non-toxic,
6122,"What a professional man, I love you as a person and as a player ©️💪❤️",Non-toxic,
6123,love the randoms with melisa 🥹,Non-toxic,
6124,it’s giving npc but i still love u,Non-toxic,
6125,Come back💛🖤,Non-toxic,
6126,the best🙏🏽❤️,Non-toxic,
6127,Don't mind about it!!!! Think that Vinicious yesterday lost a penalty as well😉. Our Red White family loves. Trava Flanela!!! GODinei,Non-toxic,
6128,🪄🧙WELCOME MAGICIAN,Non-toxic,
6129,Let’s go 🔥,Non-toxic,
6130,Congratulations Mate 🎊 👏,Non-toxic,
6131,We love you so much and even a hundred missed penalties cannot change that!! Let's go for the double 😍😍,Non-toxic,
6132,"@user @user is the next one, cut the crap and give this man a new contract",Non-toxic,
6133,can you check in dm,Non-toxic,
6134,We love you ... don't give up,Non-toxic,
6135,Big man 🥱,Non-toxic,
6136,My brother 🫡❤️,Non-toxic,
6137,BIG MAN💪🏽,Non-toxic,
6138,Come back 🖤💛🖤💛💛,Non-toxic,
6139,Welcome to Aris FC,Non-toxic,
6140,"We love you, TAI! Don't give up now! You're one of us! ⚫️⚪️🦅",Non-toxic,
6141,Next season he will be cooking 🧑‍🍳,Non-toxic,
6142,Let’s go 🔥🔥🔥,Non-toxic,
6143,One of us🦁🔴⚪️,Non-toxic,
6144,Welcome to your family!!!!!!,Non-toxic,
6145,Simply the best 💛🖤🦅🦅🦅,Non-toxic,
6146,Pleasure having you brother 🙌❤️Top guy top player🔝🔥 Hope to see you soon❤️,Non-toxic,
6147,"check DM please, this important",Non-toxic,
6148,You are the best of the best👏👏,Non-toxic,
6149,Great Tom! 💛🖤🦅🏆🏆,Non-toxic,
6150,The best of match🔥💪😍🚜,Non-toxic,
6151,top player🙌🏻,Non-toxic,
6152,STUD!!!!!!🔥🔥🔥🔥,Non-toxic,
6153,Congratulations to you both!! Amazing news ⭐️⭐️,Non-toxic,
6154,Now i am so tempted to start a Panini collection after my childhood 😍,Non-toxic,
6155,Fighter 💪🏼,Non-toxic,
6156,You da one,Non-toxic,
6157,big thief amath,Toxic,
6158,Keep going bro 👏🖤💛💪🏿,Non-toxic,
6159,Hi Zeca/capitano🤩 We are a Danish family of four (FCK fans) who are so lucky to be in Athens during this Easter. Can you in any way help us with tickets to the match against PAOK on the 31st of March? Greeting from Frederiksberg🦁🤍💙,Non-toxic,
6160,U r a tiger !!,Non-toxic,
6161,Tony❤️🔥,Non-toxic,
6162,Postcolonial Fascism,Toxic,
6163,Mancini we are losing our patience with you wake the fuck up or leave,Toxic,
6164,Rest in peace 🥺😔,Non-toxic,
6165,@user welcome back my brother ⚫️⚪️,Non-toxic,
6166,Keep going boy!!!!😍,Non-toxic,
6167,"Don't want to come to Malaysia, their country is not good at playing football, they only have blood from Bangladesh and Malaydesh🇲🇾❤️🇧🇩",Toxic,
6168,Cuesta please stay man!,Non-toxic,
6169,Welcome to the family Enis! ☘️,Non-toxic,
6170,keep going 💪⚪🔵,Non-toxic,
6171,Thanks for saving our ass week in week out. That‘s our Number 1! 🔥💚🤍,Non-toxic,
6172,"Bravo my brother, you deserve it ❤️",Non-toxic,
6173,🟡💣thank you tom,Non-toxic,
6174,HUGE GOALKEEPER,Non-toxic,
6175,"Yusuf, congratulations on your birthday, we remember and love you, from CSKA❤️💙",Non-toxic,
6176,Big man 🔥🔥🔥🔥❤️❤️,Non-toxic,
6177,The best❤️🔥,Non-toxic,
6178,As One! Keep it up!,Non-toxic,
6179,Great performance! Nice family! Thanks for your positive effort!,Non-toxic,
6180,"10#Andre Horta missing you every day,come back🔥🔥🔥🔥",Non-toxic,
6181,Bomber!!!!,Non-toxic,
6182,I proud of you brother ❤️👏👏👏💪🇲🇦,Non-toxic,
6183,a good welcome 🔥,Non-toxic,
6184,Welcome to aris 🟡⚫,Non-toxic,
6185,Fuck you,Toxic,
6186,My favourite show them you still got it,Non-toxic,
6187,🤝🔥 your time kiddo ❤️,Non-toxic,
6188,All eyes on Martial 👏,Non-toxic,
6189,Crazy to see @user go smash it man,Non-toxic,
6190,Brandon thank you,Non-toxic,
6191,Goat,Non-toxic,
6192,Whop whop what a woman 🔥❤️🔥❤️,Non-toxic,
6193,The Egyptian pharaoh🔥♥️,Non-toxic,
6194,Congratulations family 🫶🏻❤️,Non-toxic,
6195,1 more game,Non-toxic,
6196,"I dont stop telling that Kiril!winter is your season!this is how Bulgaria ""loves""!🇧🇬🦅🏴‍☠️⚪⚫🇬🇷",Non-toxic,
6197,Get well soon 💛🖤🙏🏻,Non-toxic,
6198,What a performance 🚂🚂🚂,Non-toxic,
6199,"You will be our brother forever!PAOK ⚫⚪⚫⚪⚫⚪ means fighting until last breath and we dont forget that for you!you gave everything you had ,nobody forgot the game against panathinaikos at Greek cup and how happy we were when you rise up again!you deserve that,all people love you here , please stay next season too!🇳🇬🇬🇷",Non-toxic,
6200,Love to see it😍,Non-toxic,
6201,Andre come back to ur home we need u...🫶💗❣️ Olympiacos,Non-toxic,
6202,Good bay man . Thank you for everything,Non-toxic,
6203,Whatisgoingohmenwattt🇧🇷,Non-toxic,
6204,Welcome 🔴⚪️💦💦,Non-toxic,
6205,THE BIGGEST🦅🦅,Non-toxic,
6206,Viking here is your house,Non-toxic,
6207,One of us 🙌☘️,Non-toxic,
6208,Cute ❤️,Non-toxic,
6209,GO HOME COLLEY,Toxic,
6210,Stanko you are the best 👏,Non-toxic,
6211,check DM bro,Non-toxic,
6212,Congratulations 🦅❤️🖤👏🔥,Non-toxic,
6213,Crack 👏,Non-toxic,
6214,Nice performance 🙌,Non-toxic,
6215,And.... It's just the beginning... 🥶💣,Non-toxic,
6216,GOAT🐐,Non-toxic,
6217,EUROPE...WE ARE COMING💙💛,Non-toxic,
6218,congratulations ❤️❤️💚💚,Non-toxic,
6219,"in the easy and the hard together, captain. That's what healthy fans do, those who come to the stadium know what I mean. let the rest stay couch with the toxicity never helped anyone.",Non-toxic,
6220,Welcome back 🔴⚪️,Non-toxic,
6221,Proud!🧿,Non-toxic,
6222,WHAT THE HELLL,Toxic,
6223,#Forever.Captain 🔥🔥,Non-toxic,
6224,legend,Non-toxic,
6225,Always One of us Obreee!!,Non-toxic,
6226,"Antony we love you , AEK fans is fall in love with you 🟡⚫️",Non-toxic,
6227,Congratulations my man 👏👏👏,Non-toxic,
6228,The man 🔥,Non-toxic,
6229,WELCOME BACK MLK ⚫⚪,Non-toxic,
6230,💛🖤 new stadium,Non-toxic,
6231,Come back💛⚔️💛💛,Non-toxic,
6232,So beautiful both of you. Congratulations !!!!!!!,Non-toxic,
6233,Good luck Niko!! Teagan may have to make a trip to Greece now!!,Non-toxic,
6234,My goat,Non-toxic,
6235,Top player🙌,Non-toxic,
6236,Thank you lucas❤️,Non-toxic,
6237,FIGHTER!!! 🔥🔥🔥,Non-toxic,
6238,Tony Martial 🖤💛🫶🏿🫶🏿,Non-toxic,
6239,King 👑😍,Non-toxic,
6240,The best 💪🏻🇧🇬,Non-toxic,
6241,Welcome to family 🔥,Non-toxic,
6242,@user take out the profile pic with the yellows…,Non-toxic,
6243,Good job. Another clean sheet against Rwanda.,Non-toxic,
6244,Come back to @user,Non-toxic,
6245,Come back to home🦅,Non-toxic,
6246,ONE OF US ☘️☘️☘️☘️☘️,Non-toxic,
6247,Stay!!!💛🖤,Non-toxic,
6248,We love you💚💚,Non-toxic,
6249,Crack 🇲🇽🔥🔥,Non-toxic,
6250,respect🦾,Non-toxic,
6251,🔥🔥🔥🔥 welcome to ARIS!!!😍😍😍,Non-toxic,
6252,Track id pls 🙏,Non-toxic,
6253,Class act and 100% professional. Thanks for the crucial goals last year. You deserved more playing time. Good luck and do visit the stadium in the future.,Non-toxic,
6254,Let’s freaking gooooo boo!!! That’s was amazing 💪🏽💪🏽💪🏽💪🏽💪🏽 🇵🇪🇵🇪🇵🇪🇵🇪🇵🇪,Non-toxic,
6255,I’m assuming this is for the money? How much we getting for him to be on loan 🤣,Non-toxic,
6256,Do we must be ready for the cup now? Welcome to Greece 🦅🏆,Non-toxic,
6257,More to come👊🏾❤️,Non-toxic,
6258,"The lad is on the move, good luck brate ❤️",Non-toxic,
6259,Come back 💛💛💛💛💛,Non-toxic,
6260,Love from bangladesh ❤️❤️💚💚🤍🤍💙🤍🤍💙💙💙🏆🤍,Non-toxic,
6261,Happy new year @user,Non-toxic,
6262,"1 4 all, all 4 1 ! It's our honour!",Non-toxic,
6263,Tony Martial scores again👏🏿,Non-toxic,
6264,Comeback to Manchester united,Non-toxic,
6265,Hello. Check your inbox plz.,Non-toxic,
6266,Beautiful 🔥 yiddo forever,Non-toxic,
6267,🖤🤍 Shola,Non-toxic,
6268,Stay strong 🦾,Non-toxic,
6269,Oh a reason to feel how occupied countries are no respect for humans . Israel traditions started for you even before arriving,Toxic,
6270,Keep pushing expecting to see you in the national team in sha Allah ❤️❤️,Non-toxic,
6271,Wish you all the best 💪🏼❤️,Non-toxic,
6272,Good luck Krzychu🔥💙🤍🫡,Non-toxic,
6273,Congratulations ☘️💚,Non-toxic,
6274,LA PUTA MADRE GO BACK TO SPAIN LEAVE FROM ARIS YOU HAVE DESTROYED US GO FUCK YOURSELF JUST... LEAVEEEE,Toxic,
6275,The goal 🥅 sweet 🔥🔥🔥,Non-toxic,
6276,Welcome to the family 🦅⚫️⚪️,Non-toxic,
6277,Lovren is a awesome 😍 no questions asked,Non-toxic,
6278,You can lead the team to a great success!! SM bro 👊🏻 😎 🦅,Non-toxic,
6279,"You are great player and support you . Stand up Taison , we love you ✊️✊️✊️✊️🦅🦅🦅🦅",Non-toxic,
6280,Congrats ❤️❤️❤️,Non-toxic,
6281,Man like Dendoooo! 🔥🔥,Non-toxic,
6282,The boss,Non-toxic,
6283,Congrats 🙌,Non-toxic,
6284,Stay strong animal !!!🦅,Non-toxic,
6285,Brilliant player get better,Non-toxic,
6286,Happ birthday brazilian guy ❤️💛,Non-toxic,
6287,Come back💛🖤,Non-toxic,
6288,My guy 😻❤️,Non-toxic,
6289,You became one of us!!! Aris gloves belong to you hermano!!!💪💪,Non-toxic,
6290,💙🤍 thanks 🙏,Non-toxic,
6291,CAN U CHECK IN DM,Non-toxic,
6292,"Taison everything is okay, it was just a bad moment which the referee took the worst decision. You are a flag for PAOK. You represent PAOK in many ways. From the rising punch ✊ untill your mentality. You are a player who split blood for this jersey. We love brother. Obligato!",Non-toxic,
6293,Get well soon! 💣,Non-toxic,
6294,tonight you was the best player,Non-toxic,
6295,KEEP WORKING POUTSARA MORE WINS ARE COMING💛🖤💣!!!,Toxic,
6296,We don't forget you here in Israel 💚💚💚,Non-toxic,
6297,Pls stay ❤️🤍❤️🤍❤️🤍🙏🏼,Non-toxic,
6298,Congrats xxx,Non-toxic,
6299,Tete and who☘️☘️☘️,Non-toxic,
6300,Welcome! 🇬🇷❤️,Non-toxic,
6301,Amath Ndiaye A real scammer and scams people for social media service,Toxic,
6302,Aris Family 🖤💛🖤💛❤️💛🖤💛🖤,Non-toxic,
6303,Welcome 💛🖤,Non-toxic,
6304,Welcome to the biggest team in Greece 🦅💛,Non-toxic,
6305,big thief,Toxic,
6306,🔴 ⚪️ . Hope to see you back soon!,Non-toxic,
6307,Proud of you 🤫💛🦅💣,Non-toxic,
6308,That touch and finesse was 😮‍💨😮‍💨,Non-toxic,
6309,Crack ❤️🔥,Non-toxic,
6310,The best is here💪,Non-toxic,
6311,"Don’t worry Malaka, I love you ❤️ next year ❤️",Non-toxic,
6312,Fast and furious 🔥,Non-toxic,
6313,"It really matters that we lost this game and we are sad about that, but we are also grateful for all the team that worked so hard! We've got the rest of our targets ahead! Make us happy ,please!🏆⚽️🏆",Non-toxic,
6314,Good work🔥🔥🔥👏👏👏,Non-toxic,
6315,Drip 💧,Non-toxic,
6316,Congratulations 👏,Non-toxic,
6317,"Hello, my name is Romain, I am disabled and I collect football shirts, could you give me your shirt? I dream of having your national team jersey That would be great 😁 Have a nice day @user",Non-toxic,
6318,What a fucking mountain 🏔️🏔️🏔️,Non-toxic,
6319,Finally,Non-toxic,
6320,Thank u so much! U make us fans very proud! Keep it up! 👏🏻👏🏻,Non-toxic,
6321,Come to Newcastle United ⚫️⚪️,Non-toxic,
6322,Congratulations 💛🖤,Non-toxic,
6323,Hello Goodbye😂,Non-toxic,
6324,Congratulations gee,Non-toxic,
6325,You are special player we love you all and we never forget with your goal in Aris gave us the championship. We all thank you … you are in a very special place in our hearts and your part of this family mono AEKARA we wish all the best Tom 🫶🫶✊💪👏🫶,Non-toxic,
6326,Love you guys 🇧🇷❤️🇬🇷,Non-toxic,
6327,Reggie’s reaction was great,Non-toxic,
6328,U r a beast,Non-toxic,
6329,We are looking forward too...great player,Non-toxic,
6330,Goat,Non-toxic,
6331,the KING 👑,Non-toxic,
6332,Keep it up Stanko we stand with you💛🖤,Non-toxic,
6333,Welcome brother,Non-toxic,
6334,Need you back at OT😔😩,Non-toxic,
6335,Stay strong Alex💛🖤👏,Non-toxic,
6336,Don't go Julian🙏🙏,Non-toxic,
6337,My G ❤️,Non-toxic,
6338,Keep it up I’m so proud 🙏🏾💖,Non-toxic,
6339,Louac 😍❤️,Non-toxic,
6340,Captain Fantasy🇬🇲⚽🔥🔥🔥,Non-toxic,
6341,Congratulations!!! ❤️,Non-toxic,
6342,Good shols,Non-toxic,
6343,King . Please stay❤️,Non-toxic,
6344,Silence 🔕 but killer,Non-toxic,
6345,Fight for red and white 🔴⚪️,Non-toxic,
6346,50 million down the drain Antony martial scores again,Non-toxic,
6347,Big M ⭐️🫶🏿,Non-toxic,
6348,Stay until you hang up your boots,Non-toxic,
6349,You deserve the best 👏❤️⚪️🔴,Non-toxic,
6350,Good luck Niki! 🧡🖤💚🦁,Non-toxic,
6351,Stay strong💛🖤😢,Non-toxic,
6352,All the best my brother ❤️ 👑,Non-toxic,
6353,Crack,Non-toxic,
6354,You are on 🔥😍,Non-toxic,
6355,Welcome,Non-toxic,
6356,Welcome back 🇬🇷❤️,Non-toxic,
6357,Well done today 👏. Let's focus on the two other trophies 🔴⚪️,Non-toxic,
6358,I’m very grateful that you have given your heart to our team and I’m very proud watching you grow as a man and as a player. It’s still the beginning. To 100 more. Much love.,Non-toxic,
6359,Stay to ARIS Julian until to the end of your carrier💛👊👊,Non-toxic,
6360,Welcome and congratulations for your upgrade of coming to a bigger club!!,Non-toxic,
6361,Your HOME is HERE! 🏠🤍🖤,Non-toxic,
6362,Come back 🖤💛,Non-toxic,
6363,Amigo thank you once again and wish you a great season. Forever green heart 💚☘️,Non-toxic,
6364,Keep going,Non-toxic,
6365,Come back💛👑,Non-toxic,
6366,Man is a world cup fifa 23 swap token🔥,Non-toxic,
6367,It’s my dream,Non-toxic,
6368,Worldwide,Non-toxic,
6369,You was sooooo good!!!!!👏👏👏,Non-toxic,
6370,Our captain samagoal keep up brother your the champion,Non-toxic,
6371,Congratulations! He is gorgeous💙,Non-toxic,
6372,You are the best my friend ❤️❤️❤️😍😍😍,Non-toxic,
6373,Congrats 👏👏👏👏❤️,Non-toxic,
6374,"We continue stronger Rodi, that’s why we sang your name after ❤️",Non-toxic,
6375,Keep going Fransisco! 🔥,Non-toxic,
6376,I am Ahmed Sameh Scouting and an agent in a company,Non-toxic,
6377,👏stay to this team tomaz,Non-toxic,
6378,Only you,Non-toxic,
6379,Stay stay stay 🔥🔥🔥,Non-toxic,
6380,Congrats to my brother… amazing game well deserved @user ❤️🔥🦅🏆🧿 Eagles fly high ✅🇬🇲🇹🇷,Non-toxic,
6381,Star❤️🙌,Non-toxic,
6382,Happy birthday brother 🫶🏾🎉❤️,Non-toxic,
6383,😮😮😮wtf,Non-toxic,
6384,Mvp for sure !!!☘️☘️,Non-toxic,
6385,One of us☘️☘️,Non-toxic,
6386,Confirm🔥🔥🔥,Non-toxic,
6387,good luck maestro 🇫🇷❤️,Non-toxic,
6388,Monsters 🔥🔥☘️,Non-toxic,
6389,Focus and win game by the game. Vamos guysssss.,Non-toxic,
6390,Congratulations brother good start ❤️❤️,Non-toxic,
6391,Stay strong 💪🫡,Non-toxic,
6392,Good luck Krzychu!,Non-toxic,
6393,king,Non-toxic,
6394,Welcome back home 🔥🙌,Non-toxic,
6395,Always a wolf 🐺🐺🖤🧡,Non-toxic,
6396,King🔥🔥🔥👑👑👑,Non-toxic,
6397,Good move Bro all the best of luck 👏,Non-toxic,
6398,"You won our hearts forever !!! THANK YOU, NICLAS!!! 🔥🔥🔥🔥🔥🔥🔥🔥",Non-toxic,
6399,Get well soon and come back as soon as possible!☘️❤️,Non-toxic,
6400,You took as to the moon 💛🖤💛🖤,Non-toxic,
6401,goodbye taxiii,Non-toxic,
6402,Welcome to Greece and family Olympiacos Piraeus. Good luck and i have great season.❤️,Non-toxic,
6403,Such a pleasure to see you in PAOK 🔥🔥🔥,Non-toxic,
6404,God bless your boy and your family ❤️🙌,Non-toxic,
6405,Merry her already 💚🤍,Non-toxic,
6406,Get well soon!!! 👏👏👏⚪️⚫️,Non-toxic,
6407,What a fight!! We love you Viking 💚🤍,Non-toxic,
6408,We will miss you 😢💚🤍 thanks for all !!!,Non-toxic,
6409,Stay strong man! ❤️🙏🔴⚪️,Non-toxic,
6410,WELCOME🟡⚫️,Non-toxic,
6411,Congratulations 👶🏼🎉🫶,Non-toxic,
6412,Valbuena legend! When you retired from the action join olympiacos team as HR! We need you among us!,Non-toxic,
6413,Welcome to our family 💛🖤🦅,Non-toxic,
6414,My mentor,Non-toxic,
6415,King🔥🔥🔥❤️,Non-toxic,
6416,Quality👌❤️,Non-toxic,
6417,Makes my heart melt Jimmy! We can’t wait to see you guys counting down the days ❤️🫶🥰,Non-toxic,
6418,Stay here forever.....❤️,Non-toxic,
6419,welcome broooo ❤️🤍💚,Non-toxic,
6420,Best of luck♥️✌️,Non-toxic,
6421,Prove them wrong my man we love you from olympiacos if it helps think the goalkeeper is russian and you re trying to end his career,Non-toxic,
6422,You were my favourite player,Non-toxic,
6423,Come to Aris 💛🖤,Non-toxic,
6424,Welcome to AEK ATHENS!!!!!! ❤️❤️,Non-toxic,
6425,Great performance step by step you are getting back to action 🟡⚫️,Non-toxic,
6426,Congratulations bro✨🫶🏾,Non-toxic,
6427,You’re simply the best we love you,Non-toxic,
6428,They should have kept you in PAO first team 😢😢,Non-toxic,
6429,Stay strong beast! We are waiting for you!💛🖤,Non-toxic,
6430,you look like Aaron Pierre,Non-toxic,
6431,NO NEED TO APOLOGIZE! 🔴❤️,Non-toxic,
6432,We Will miss you ⚪️🔵⚪️🔵,Non-toxic,
6433,"Thank you for everything, good luck 🧡🐺🖤",Non-toxic,
6434,FIXXX 💪🏾💪🏾💪🏾,Non-toxic,
6435,Congrats guys ♥️♥️,Non-toxic,
6436,"🙌 great performance, thank u a lot",Non-toxic,
6437,child of god,Non-toxic,
6438,Yuh,Non-toxic,
6439,QUALITY💦💦💦,Non-toxic,
6440,Top performance as well Tony!!! My guy ❤️,Non-toxic,
6441,Finally back!! ⚫️⚪️⚫️⚪️,Non-toxic,
6442,Tony Martial scores again🎶🎶❤️,Non-toxic,
6443,Brother❤️❤️❤️,Non-toxic,
6444,New post !!,Non-toxic,
6445,Come back Andre...here is your port!! Olympiacos 4 ever!!!🔴🔴🔴,Non-toxic,
6446,Legend 🔥,Non-toxic,
6447,"Congratulations Stefan! It was awards galore for @user tonight! Kudos to our U-17 team as well, who got the Fairplay award.",Non-toxic,
6448,Captain🔥💛🤍,Non-toxic,
6449,Baba stay with us forever we need you for the champions League cause that's your level ! Best left back in super League 100%,Non-toxic,
6450,Respect Mady you wrote history here and we dont forget good luck 🔴⚪,Non-toxic,
6451,Proud of you 🇲🇦❤🙏,Non-toxic,
6452,Congratulations guys ❤️,Non-toxic,
6453,Go home...,Toxic,
6454,You are the best 🤍🖤🤍🖤,Non-toxic,
6455,New fan favourite 🔥,Non-toxic,
6456,Respect 🙌,Non-toxic,
6457,The best !!!,Non-toxic,
6458,"Awesome bro, keep on going people already love you💛🖤💛🖤💛",Non-toxic,
6459,Firsttt👏🏻,Non-toxic,
6460,Thnk y for all,Non-toxic,
6461,Congrats 👏🏾,Non-toxic,
6462,Stay in Greece! O-ly-mpi-acos!,Non-toxic,
6463,Ready for love island 😘🤣🤣,Non-toxic,
6464,My star boy is back 🔥🔥,Non-toxic,
6465,Thoughts and prayers with you brother 💚🍀💚🍀,Non-toxic,
6466,Please stay here Julian 🙏🏿🙏🏿🙏🏿,Non-toxic,
6467,Amath Ndiaye A real scammer and scams people for social media service,Toxic,
6468,Andre it’s time to come home 🤍❤️,Non-toxic,
6469,"Thank's @user for all, never forget your goal in belgrad !! ✌🏼💚👏🏼",Non-toxic,
6470,Come back 💛🖤,Non-toxic,
6471,Leader 🦅🖤,Non-toxic,
6472,"Our mountain, our stop ⚫️⚪️",Non-toxic,
6473,Fantastic 🔥🔥,Non-toxic,
6474,Looking 🤩🤩🤩🔥🔥🔥🔥,Non-toxic,
6475,Welcome 🖤💛,Non-toxic,
6476,"yesssss, so happy for you both!!! he’s gorgeous ❤️❤️",Non-toxic,
6477,"We are always proud of you, my man 💪🏻 ❤️🙏🏻",Non-toxic,
6478,We can do it again ! We are OLYMPIACOS and we never give up ! We can do this in our stadium…. KARAISKAKIS 🏟️🏟️🏟️,Non-toxic,
6479,We love you Juankar. Always Green ☘️☘️☘️,Non-toxic,
6480,Crack!! 🙌,Non-toxic,
6481,We love u in beitar Jerusalem please come back 💛🖤🖤💛💛🖤🖤💛,Non-toxic,
6482,SEE YOU IN THESSALONIKI BRO 😉💙,Non-toxic,
6483,Come to perspolis bro we will wellcome you ❤️❤️❤️❤️❤️❤️,Non-toxic,
6484,Welcome Back Andre! Welcome back to your home,Non-toxic,
6485,Go Nick!!❤️,Non-toxic,
6486,MVP ❤️,Non-toxic,
6487,"Israel's Minister of Internal Security, Itamar Ben Gvir, calls for the withdrawal of citizenship and the expulsion of Swedish player Daniel Sundgren, from the Israeli club Maccabi Haifa, who did not want to show support for the hostages in the hands of Hamas before a football match.",Non-toxic,
6488,Crack !!!!,Non-toxic,
6489,Welcome 💙🤍,Non-toxic,
6490,For ever in Olimpiakos 🔴❤️. We love you .,Non-toxic,
6491,You will go PAO,Non-toxic,
6492,You guys 🇧🇷⚽ do it Very good,Non-toxic,
6493,Those nights we live for 👏👏,Non-toxic,
6494,I need a signed jersey🔥,Non-toxic,
6495,Welcome 🤍🖤,Non-toxic,
6496,All the best unfortunately injuries ruined something special,Non-toxic,
6497,🔥🔥🔥 the best player ever,Non-toxic,
6498,Lion!🔴⚪👊,Non-toxic,
6499,👏👏👏👏keep winning!!!☘️☘️☘️,Non-toxic,
6500,thank you💛🖤,Non-toxic,
6501,One of us!🔴⚪️🔴⚪️🔴,Non-toxic,
6502,😍😍😍 congratulations 🤍🥹,Non-toxic,
6503,Tank 👏👏👏👏,Non-toxic,
6504,My brother ❤️,Non-toxic,
6505,Good luck in the future Tom,Non-toxic,
6506,All the best star 🙌❤️,Non-toxic,
6507,What a talent boy!👏👏👏🟡⚫️,Non-toxic,
6508,@user can you check your inbox?,Non-toxic,
6509,The best full back I’ve saw down the wolves all the best Jonny 👏🏻🐺,Non-toxic,
6510,Welcome back 💛🖤,Non-toxic,
6511,A legend of unted,Non-toxic,
6512,Congratulations 👏🎉,Non-toxic,
6513,Congratulation 🫶,Non-toxic,
6514,Bout the only thing he did as well,Non-toxic,
6515,Do you want to retire this way. Not after a happy momment of paok bro plss continue!!! We all love you and no one is mad at you,Non-toxic,
6516,CAPTAIN 🔥🙌,Non-toxic,
6517,Welcome 🔴⚪️,Non-toxic,
6518,Congratulations uncle Omar🎉,Non-toxic,
6519,The best ❤️,Non-toxic,
6520,Let's goo! 🙌💛💙,Non-toxic,
6521,"Forgot about years ago , too injury prone 🔥🔥🔥👏",Non-toxic,
6522,GREAT DEBUT 🔥🖤🦅🤍,Non-toxic,
6523,Bro don't give up everyone has passed some difficulties in his life but those moments makes you stronger and they make u realise which people are by your side and support you.We will support you till the end this is what PAOK represents we are FAMILY.Keep your wrist up and LET'S FIGHT.FORZA PAOK⚪⚫🦅,Non-toxic,
6524,Welcome💛🖤🦅,Non-toxic,
6525,Don’t worry Rodi! ⚪️🔴🤍❤️,Non-toxic,
6526,"Keep on going, you are our leader!!!",Non-toxic,
6527,pin this comment if you love your fans,Non-toxic,
6528,a lot of homes...You must be really rich,Non-toxic,
6529,Keep it up Paolo💪🏼 Hope your yesterday injury isn’t serious,Non-toxic,
6530,"@user you play for the Greek Giant Panathinaikos , please wear only green stuff , burn those red 👠",Non-toxic,
6531,Star💛🐯,Non-toxic,
6532,🙌 congrats,Non-toxic,
6533,WELCOME TO THE BIGGEST TEAM IN SALONIKA. VAMOS ARIS💛🖤💛🖤,Non-toxic,
6534,🍂shark,Non-toxic,
6535,Love you guys 😍😍🤍🤗,Non-toxic,
6536,KEEP GOING 🇦🇷❤️,Non-toxic,
6537,🔥I love tete,Non-toxic,
6538,"Wolves fight hard, eagles die harder 🦅One of us!! 🤘🏻🖤",Non-toxic,
6539,Bakits super star only OFI forever stay crete,Non-toxic,
6540,Thank you for everything! I hope you ll stay here and become a captain of the team!,Non-toxic,
6541,Once a red ❤️,Non-toxic,
6542,Congratulations. Compliments of the season brother.,Non-toxic,
6543,Blessed and prosperous 2025 to you and yours ❤️💯🙏🏾,Non-toxic,
6544,What a season! Congrats! 🏆🏆🔥🔥💪💪,Non-toxic,
6545,A yellow card without even fouled the opponent 😂,Non-toxic,
6546,We want u more in the field. Coach r u listen? Stop keeping him on the bench and let him make us crazy,Non-toxic,
6547,Compliment of the season to you brother ❤️ more goals to come,Non-toxic,
6548,🔥🔥🔥 team on fire,Non-toxic,
6549,Wauww proud of you 🤍,Non-toxic,
6550,Congratulations ❤️,Non-toxic,
6551,"We are so proud of you, top defender 🔥🔥 more appreciated and wish you all the best of luck in your career 👍 ❤️❤️❤️❤️🔥",Non-toxic,
6552,Thank you Chico ❤️❤️❤️❤️👏👏👏,Non-toxic,
6553,Best transfer for quite a while now!,Non-toxic,
6554,Thanks for everything Tom! One of us! MONO AEK 💛🖤🦅,Non-toxic,
6555,BİG FATHER 🤍🖤,Non-toxic,
6556,Get well soon alex⚫🟡,Non-toxic,
6557,🙏🙏🙏🙏🙏bravo my friend ❤️❤️❤️❤️,Non-toxic,
6558,You have the heart of a champion!,Non-toxic,
6559,All the way 🙂 🙏,Non-toxic,
6560,We love you tai ❤️⚪⚫,Non-toxic,
6561,All the best bro🙌🏾🔥,Non-toxic,
6562,"Good luck, Thank you very much ❤️",Non-toxic,
6563,So proud of you brother ❤️🙌👏 GGMU 😈 boy,Non-toxic,
6564,All the best !!!!🙌🙌🙌🔥,Non-toxic,
6565,"You are PAOK malaka your home is here, never forget that💪🏼⚽️",Non-toxic,
6566,Best wishes ❤️❤️,Non-toxic,
6567,Glad it hasn’t got a sunroof otherwise your burn that head !!!! 😂😂😂😂,Non-toxic,
6568,Crack 🇲🇽🇲🇽🔥🔥,Non-toxic,
6569,Congrats guys ❤️🤩,Non-toxic,
6570,CONGRATS BRO NOW GIVE ME THE LINK,Non-toxic,
6571,Yo big man good performance yesterday .less dribble and more result on scoring or assisting is time to proove yourself be simple and shoot or pass.,Non-toxic,
6572,Always with u bro❤️,Non-toxic,
6573,Model,Non-toxic,
6574,I feel like there’s soo much context missing here,Non-toxic,
6575,Happy birthday 🎂🥳 to u JUNIOR ❤️,Non-toxic,
6576,"Look at you , you look like GKS Katowice player 💛💚🖤",Non-toxic,
6577,I miss him 😢,Non-toxic,
6578,Masterpiece,Non-toxic,
6579,The best ever ❤️,Non-toxic,
6580,You got this! 💪❤️,Non-toxic,
6581,Go to turkey. We don't need you in Greece 🔴⚪️,Toxic,
6582,Welcome to @user family bro @user 💪💪💪💪,Non-toxic,
6583,Welcome To ARIS FAMILY 🟡⚫,Non-toxic,
6584,Stay strong💣,Non-toxic,
6585,Keep scoring Tony and prove them wrong,Non-toxic,
6586,Congratulations 👏❤️🦅,Non-toxic,
6587,Leader🙌,Non-toxic,
6588,Side profile 😍,Non-toxic,
6589,Amath Ndiaye A real scammer and scams people for social media service,Toxic,
6590,Happy bday!,Non-toxic,
6591,Time to become eagle 🦅🦅,Non-toxic,
6592,Thank you for all .We trust 🤍🦁❤️,Non-toxic,
6593,Good luck bro 🇲🇷♥️,Non-toxic,
6594,Take care of him❤️,Non-toxic,
6595,"RESPECT,,✌️✌️",Non-toxic,
6596,"Hi, can you look DM? it is important. thanks 📥✅",Non-toxic,
6597,Come To @user,Non-toxic,
6598,You are the best❤️🤍👏,Non-toxic,
6599,Come back to Grun!!,Non-toxic,
6600,God bless you chiquincho22_ !!!!,Non-toxic,
6601,You are an Angel! 💛🖤,Non-toxic,
6602,Thank you for everything. Love and best wishes to you and your family🖤🐺💛,Non-toxic,
6603,Congratulations 🙌🏾,Non-toxic,
6604,Come back broo🔴❤️,Non-toxic,
6605,Looking sharp 🍀 All the best Capitano,Non-toxic,
6606,Cojon3s ! Stay strong Alex !,Non-toxic,
6607,We appreciate your efforts. Congratulations Andre!People of Olympiacos are so proud of tou,Non-toxic,
6608,Happy new year guys 🥂,Non-toxic,
6609,It’s beginning bro😍🙌,Non-toxic,
6610,Come home ❤️🤍,Non-toxic,
6611,Thank you for the assist to amad 😂😂🤡,Non-toxic,
6612,Become our flying dutchman 😍🔥,Non-toxic,
6613,Heart and soul,Non-toxic,
6614,Tony Martial came from France!🔥🙌❤️,Non-toxic,
6615,We keep on dreaming my man 👌🏻❤️ God bless you. The best is yet to come 🔴⚪️,Non-toxic,
6616,Please change your profile😑🙏,Non-toxic,
6617,Team RG Greece 🇬🇷! 🔥,Non-toxic,
6618,Alhamdoulillah brother I'm happy to see you back❤️❤️❤️,Non-toxic,
6619,I have seen your video with the Kid .,Non-toxic,
6620,Congrats my bro 🙏🏿❤️,Non-toxic,
6621,Come back 🔴⚪🔴⚪,Non-toxic,
6622,Please leave,Toxic,
6623,Congrats! 👌👊💪⚽👑🔝,Non-toxic,
6624,Welcome back captain! In the city of Kallithea is located one of the biggest Olympiacos' gate 7 club..... 🔥👏,Non-toxic,
6625,"My G is a beast congrats , absolutely monster 🤝🏾👊🏾",Non-toxic,
6626,Only love for you stay strong 💛🖤,Non-toxic,
6627,Better time are coming courage 🇸🇳❤️,Non-toxic,
6628,Congrats big man😍😍😍😍,Non-toxic,
6629,Goat💙🤍🐐🇳🇴🇵🇱,Non-toxic,
6630,Killer 🔥,Non-toxic,
6631,Best of the bests 🫶🔝,Non-toxic,
6632,my fucking goat 🐐,Non-toxic,
6633,good job! 🤩💪🏻🔥,Non-toxic,
6634,Pff🔥,Non-toxic,
6635,A poor federation—no wonder they don’t have a proper bus.,Toxic,
6636,Dog life 🔝😅,Non-toxic,
6637,Once a red always a red❤️🤍,Non-toxic,
6638,Each one of you gave your 1000%!!! We love you! Let's win the other two trophies! ΠΑΜΕ ΡΟΝΤΙΙΙΙ❤️,Non-toxic,
6639,We love you Despodov ❤️🔥❤️❤️🔥❤️🔥❤️🔥❤️🔥❤️🏁🏁🏁🏁🏁🏁🏁🏁🏁🏁🏁🏁🏁,Non-toxic,
6640,Ugg 🥱✨,Non-toxic,
6641,be strong alex ! we are with you ! 💛🖤 health is the most important thing!!!,Non-toxic,
6642,Miss him back in Melbourne 😢,Non-toxic,
6643,GOAT,Non-toxic,
6644,Top you,Non-toxic,
6645,Merry Christmas and a happy new year!,Non-toxic,
6646,awww i love you guys together,Non-toxic,
6647,Legend ♥️,Non-toxic,
6648,Killer🔥,Non-toxic,
6649,LET’S GOO🔴⚪💪🔥,Non-toxic,
6650,I LOVE YOU @user,Non-toxic,
6651,Amath Ndiaye A real scammer and scams people for social media,Toxic,
6652,"great season, filip!",Non-toxic,
6653,Great performance Brandon! Huge strength and energy production since you entered the pitch! You seem at your best! Thank you thank you thank you!!!🖤🖤🖤,Non-toxic,
6654,Thinking he’s the best player in the wolves team,Non-toxic,
6655,Ice cold @user,Non-toxic,
6656,@user magician 🫡,Non-toxic,
6657,"I beg the fans to treat him good , Celtic fans treated him like garbage bc he fell down a bit this season despite the amazing 1st season he had he received a lot of hate :/ let’s go Palma !!!",Non-toxic,
6658,The best!!!! 🔥🙌❤️,Non-toxic,
6659,Best player in the world 👏👏👏❤️,Non-toxic,
6660,Every man has prime time,Non-toxic,
6661,Don't worry we support you,Non-toxic,
6662,Lamela fighter lion big player we love only AEK 🔥🔥🔥🔥🔥🔥🔥🔥🔥🔥🔥🔥🔥🔥🔥🔥,Non-toxic,
6663,🔴🤍 thank you 👏👏,Non-toxic,
6664,"Well done, boy - keep it up! 💛💙",Non-toxic,
6665,The best ❤️,Non-toxic,
6666,We’ve got McGarry at the back 🎶,Non-toxic,
6667,Welcome💛🖤,Non-toxic,
6668,New season 🔥⚽️,Non-toxic,
6669,dribbling king 🫱🏽‍🫲🏾👑,Non-toxic,
6670,Can’t wait! 🙌,Non-toxic,
6671,Welcome ❤️🤍,Non-toxic,
6672,What a goal👏🔥,Non-toxic,
6673,Captain 💛😍,Non-toxic,
6674,Welcome to ark🔥🔥🔥,Non-toxic,
6675,Well deserved it Niclas 💪🏻,Non-toxic,
6676,My bro ❤️,Non-toxic,
6677,Oh has she grown so much already😭😍😍!! Congrats❤️ We must meet again soon❤️❤️,Non-toxic,
6678,"Top man , top player ❤️",Non-toxic,
6679,Welcome to Panathinaikos!! Next year we will play in Champions League ☘️☘️☘️,Non-toxic,
6680,Fantastic ! ❤️❤️❤️,Non-toxic,
6681,Yes broooo. Yes,Non-toxic,
6682,Congratulations my brother Ekerette 👏,Non-toxic,
6683,Namesake 👏👏👏,Non-toxic,
6684,@user 🙌PLS CHECK YOUR DM🙏🏻🙏🏻🙏🏻🙏🏻,Non-toxic,
6685,Comeback to CSKA Moscow❤️💙🇷🇺,Non-toxic,
6686,"You are one of us,you were PAOK and you didn't know it.",Non-toxic,
6687,Blessings ❤️,Non-toxic,
6688,Get well soon bro 🫡,Non-toxic,
6689,"We love you Dani, thanks for the passion 💗☘️",Non-toxic,
6690,Amazing 🤩🤩🔥🔥,Non-toxic,
6691,Tony martial scores again 💛🖤,Non-toxic,
6692,BRAVOOO to all of you!!!You make us very proud!!!! Amazing team 👏💪💛🖤,Non-toxic,
6693,Chief,Non-toxic,
6694,Congratulations!💪👊,Non-toxic,
6695,"Didn't you miss us, BEŞİKTAŞ supporters, we missed you very much 🦅🖤🤍",Non-toxic,
6696,Club statement: We are delighted to accept another point deduction,Non-toxic,
6697,BEAST!!! 🔴⚪️,Non-toxic,
6698,"Im really sorry for benfica not giving you any chance to you to show us your full potential! Please don't think we don't like you! In the future if you have the chance to come back, think about us supporters, not what managers are doing with you! We do not agree with that lack of oportunity! I wish you all the best in Paok and show them they'r wrong!",Non-toxic,
6699,Keep Going Boss 🔥,Non-toxic,
6700,You made them cry and moaning you Big Rodi🔥😂😂,Non-toxic,
6701,shola my beloved,Non-toxic,
6702,We believe in you Kike 🟡⚫️,Non-toxic,
6703,Crack🔥🔥,Non-toxic,
6704,Good luck killer 🟡⚫️,Non-toxic,
6705,WELCOME🟡⚫...,Non-toxic,
6706,Champion,Non-toxic,
6707,we love you jontruli☘️,Non-toxic,
6708,Please dont loose so many shoots again we all hope for the revanche please !!!,Non-toxic,
6709,Come back 🔴⚪,Non-toxic,
6710,It's been an absolute pleasure 👏,Non-toxic,
6711,had no time for the blue sky runs 😞,Non-toxic,
6712,"Until the end, Tyson, we want you on the team forever, you're a great player, don't stop, it's not your fault, you got a second yellow card for no reason.",Non-toxic,
6713,"Everyone makes mistakes, but you try to save it, you played wonderful and you apologized, we love you, never give up 🤍🖤",Non-toxic,
6714,Crack 🔥💪🏾,Non-toxic,
6715,Dope! 🔥🔥,Non-toxic,
6716,Congrats 💙🙏🏾,Non-toxic,
6717,Welcome 💛🖤,Non-toxic,
6718,Amath Ndiaye A real scammer and scams people for social media,Toxic,
6719,Forever red&white man,Non-toxic,
6720,Go home,Non-toxic,
6721,Happy birthday brother ❤️,Non-toxic,
6722,"Hi, can you look DM? it is important. thanks",Non-toxic,
6723,Nice click 📸,Non-toxic,
6724,Shola🇳🇬🔥❤️,Non-toxic,
6725,Good holidays my bro❤️,Non-toxic,
6726,Wish AEK all the best from turkish fenerbahce fan 🖤💛💙,Non-toxic,
6727,Unstoppable,Non-toxic,
6728,The boy with the dream,Non-toxic,
6729,🔥🔥 master,Non-toxic,
6730,See you soon 🙌,Non-toxic,
6731,Love the sunset,Non-toxic,
6732,Welcome...,Non-toxic,
6733,You're cooking,Non-toxic,
6734,Is that you @user ?,Non-toxic,
6735,THE TANK 🔴 ⚪️ 🔫🔫,Non-toxic,
6736,BIG PLAYER AND MENTALITY 👏👏👏👏,Non-toxic,
6737,MACHINE ⚽,Non-toxic,
6738,Well done 👏👏🎉🎉,Non-toxic,
6739,Bright future right here. 🔥,Non-toxic,
6740,Always lion,Non-toxic,
6741,"Good job Dary , keep some goals ⚽⚽⚽for the final !!!",Non-toxic,
6742,Thank you for the memories ❤️,Non-toxic,
6743,Nice bus eh? 😂 We'll know your finances really bad 😅,Toxic,
6744,AT time❤️❤️⏰,Non-toxic,
6745,Master,Non-toxic,
6746,You know how to eat man 😍,Non-toxic,
6747,0 problems❤️,Non-toxic,
6748,Never leave Thessaloniki re,Non-toxic,
6749,"You are the best, give us the league title!",Non-toxic,
6750,Solid🪨🪨🪨,Non-toxic,
6751,Great game from everyone! Good to see you back in your scoring ways Kiril. You guys should keep it going! 💪💪💪,Non-toxic,
6752,Number 1 ❤️,Non-toxic,
6753,I knew it! I knew it you gonna score! GRANDE BIANCONE!,Non-toxic,
6754,Welcome back ⚫️⚪️,Non-toxic,
6755,Thank you Krzychu and good luck,Non-toxic,
6756,You are one of us 🤍🖤 This is the big PAOK family! 💪🦅,Non-toxic,
6757,Big player !!,Non-toxic,
6758,Thanks for everything. Mr consistant and was there through our greatest moments in recent memory! Once a wolf! 🐺,Non-toxic,
6759,Good luck bro 👏🙌👏,Non-toxic,
6760,🔥👏 Keep it up,Non-toxic,
6761,"We are so proud of you, I couldn’t sleep till 12pm not because we lost the game but because my heart as all Moroccans was broken to see you sad, we want u to be happy and well for us, it’s more important for Morocco than a cup. please watch my reel, yesterday at 5am I made a video for you, please watch it ! We all did millions of videos and posts to support u ! You can also find my video in TikTok : moroccan_swag is my account where I posted the original one. Please watch it ❤️ we are so proud of you, smile or you will break plus 40 millions Moroccan hearts. We are all together in this ❤️ we are proud of you",Non-toxic,
6762,"Thank you, huge congratulations and love for all of you!!👏👏👏👏👏👏🏆",Non-toxic,
6763,Let’s go 💪🏿,Non-toxic,
6764,Thank you Krzychu . Good luck 💙🤍,Non-toxic,
6765,congrats 🎉,Non-toxic,
6766,Let's go you are tank ❤️🤍,Non-toxic,
6767,You deserve it!! ❤️❤️,Non-toxic,
6768,Why didn't you come in the summer?,Non-toxic,
6769,My bro❤️,Non-toxic,
6770,"You showed your worth today, keep going, great form! 🔥",Non-toxic,
6771,Get better that is the priority!,Non-toxic,
6772,Good job 🔥,Non-toxic,
6773,You are the best bro! Keep up! 🙌🔥✊,Non-toxic,
6774,Strong 💪💪💪,Non-toxic,
6775,One of the best nights,Non-toxic,
6776,Keep going!There will be mistakes too!,Non-toxic,
6777,Focus🤟🏽,Non-toxic,
6778,How is your leg? Get well soon magician,Non-toxic,
6779,Don’t leave us just yet tai 🖤🤍,Non-toxic,
6780,Come to @user,Non-toxic,
6781,Come back ❤️🔥,Non-toxic,
6782,CAN U CHECK IN DM,Non-toxic,
6783,Happy relegation bro🤷‍♂️😭,Toxic,
6784,Love you more ❤️🔐🧑‍🧑‍🧒,Non-toxic,
6785,Stay strong and have a quick recovery amigo! All A.E.K fans are by your side! 🙏,Non-toxic,
6786,Stay strong champion 🍀,Non-toxic,
6787,toto martial scores again,Non-toxic,
6788,Thanks for everything Vierinha 💚🤍🥊,Non-toxic,
6789,"Yusuf went to big club, hope will be success",Non-toxic,
6790,👏ahead ahead 🔥🔥,Non-toxic,
6791,You were something else ❤️,Non-toxic,
6792,Legend ✊🏽,Non-toxic,
6793,Shushing the plastic fans with style ⚡️🔥,Non-toxic,
6794,Robin Welcome to the city of God welcome to ARIS,Non-toxic,
6795,Congrats bro another medal to the collection 👏🏼🤌🏻😏🏆,Non-toxic,
6796,Good Luck Shurk ❤🖤❤🖤,Non-toxic,
6797,Game controller happy new year 🎆 ❤️🔥,Non-toxic,
6798,Crack ❤️,Non-toxic,
6799,Legend 💙,Non-toxic,
6800,50 Pound Down the drain Tonny Martial Scores Again 🔥,Toxic,
6801,Crack 🌟🪄🇻🇪,Non-toxic,
6802,"Get well soon, respect to you, great player ☘️💪",Non-toxic,
6803,"Hi, can you look DM? it is important. thanks",Non-toxic,
6804,Welcome 🖤🦅💛,Non-toxic,
6805,Thank you🔥🔥🔥,Non-toxic,
6806,☘️☘️☘️WELCOME☘️☘️☘️,Non-toxic,
6807,Clean,Non-toxic,
6808,Happiness and love for your children!!❤️,Non-toxic,
6809,🔥great game bro.Stay forever here❤️,Non-toxic,
6810,"""GOLD-KEEPER""👏🏻",Non-toxic,
6811,Legend 🧡🖤. All the very best Jonny. Hope you get back to your best. You’ll be remembered at the Golden Palace. Mr Consistency.,Non-toxic,
6812,Love and prayers to you and your family @user 🙏🏻🙏🏻 may your grandfather rest in eternal peace 🕊️🤍😇 YNWA 💚💚💚,Non-toxic,
6813,This is your home🇧🇩🇧🇩🇧🇩🇧🇩,Non-toxic,
6814,Patience 👌🏼✊🏻,Non-toxic,
6815,Welcome 🫡,Non-toxic,
6816,Why didn’t olympiacos just sign him?,Non-toxic,
6817,"If you weren't on the team this year, we would have been in 8th place.💪🏼",Non-toxic,
6818,Don’t worry keep working everybody has bad days 🟡⚫️ Aris only we are with you,Non-toxic,
6819,First,Non-toxic,
6820,Good performance 💛🖤,Non-toxic,
6821,congratulations!!!!❤️❤️❤️❤️❤️❤️,Non-toxic,
6822,We will never forget your goal against arhs. We wish you the best,Non-toxic,
6823,Revolution welcomes you💙❤️,Non-toxic,
6824,"Lets go, 1,2,4 🦅🔥🙌",Non-toxic,
6825,This is family 👏👏👏👏,Non-toxic,
6826,Just why,Non-toxic,
6827,Flash⚡️🦁👑,Non-toxic,
6828,Come to gala,Non-toxic,
6829,Goat 🐐,Non-toxic,
6830,Sorry for your loss,Non-toxic,
6831,Our CAPTAIN 🇲🇾,Non-toxic,
6832,"Congrats baby, keep rocking!",Non-toxic,
6833,🔥top!!!🔥,Non-toxic,
6834,💪🏾💪🏾 congrats,Non-toxic,
6835,❤️❤️❤️ you are our hero. 🚜🚜🚜🚜🚜🚜🚜🚜🚜🚜🚜🚜🚜🚜🚜❤️❤️❤️👑👑👑👑👑👑👑👑👑👑👑👑👑👑👑👑👑🚜🚜🚜🚜🚜🚜🚜🚜🚜🚜🚜🚜🚜🚜🚜🚜🚜🚜🚜🚜❤️❤️❤️❤️,Non-toxic,
6836,Leave the team enough,Toxic,
6837,Mentor ❤️,Non-toxic,
6838,Α real gentleman who served our team with dignity.Thank you fir all Tom 🖤💛,Non-toxic,
6839,Let us see you continue,Non-toxic,
6840,Good luck my friend ✌️,Non-toxic,
6841,Welcome to the largest in the Northeast 🦁❤️🖤,Non-toxic,
6842,Out ..,Toxic,
6843,WELCOME TO THE CITY OF GOD🟡⚫️,Non-toxic,
6844,Proud of you bro.,Non-toxic,
6845,He’s retiring?,Non-toxic,
6846,Hi Bro please check your Dm its important thank you,Non-toxic,
6847,the best 💛,Non-toxic,
6848,We love you❤,Non-toxic,
6849,What happened between Shoretire and Casemiro last night?,Non-toxic,
6850,Felt bad when case got onto u best of luck in your career maybe one day you’ll be back,Non-toxic,
6851,Death. Taxes. Martial scoring on the weekend of Utd vs Everton,Non-toxic,
6852,"Tony martial, my goat",Non-toxic,
6853,Together we fight!,Non-toxic,
6854,"Travel well Jonny, always welcome in Wolvo 🐺🧡🖤",Non-toxic,
6855,The boyyy🔥🔥,Non-toxic,
6856,Congratulations on your debut 🔴⚪️🔥,Non-toxic,
6857,The best🔥🔥,Non-toxic,
6858,Train hard bro 😎 I pray you join man utd soon you're too fit bro,Non-toxic,
6859,What an amazing guy mamma mia 😮‍💨,Non-toxic,
6860,CAPTAIN🫡❤️🤍,Non-toxic,
6861,Make us champions baba we love u🤍🖤🦅,Non-toxic,
6862,Get well soon👏😍🔴🔵,Non-toxic,
6863,WHO THE FUCK IS LAMINE YAMAL??? 💦💦💦💦,Non-toxic,
6864,50 to come,Non-toxic,
6865,"Hi sir. Plz check Inbox, thank you 🙏",Non-toxic,
6866,Big Laker!,Non-toxic,
6867,please read my message thank you,Non-toxic,
6868,Well done 👍💛🖤🦅,Non-toxic,
6869,Thank you❤️,Non-toxic,
6870,Goated,Non-toxic,
6871,The mechine heart 💚🙌!!,Non-toxic,
6872,Come to Barca brother.❤️😢,Non-toxic,
6873,Thank you file ❤️,Non-toxic,
6874,"You're top, every time i'm enjoying watching you playing for our team 👏",Non-toxic,
6875,Fantastic player,Non-toxic,
6876,"Thanks for all Krzychu, good luck in Greece 🫡",Non-toxic,
6877,Come to Aris 🟡⚫🇬🇷,Non-toxic,
6878,Be safe,Non-toxic,
6879,Gutted wanted hik to be a regular at celtic 😢,Non-toxic,
6880,WELCOME TO BLACK HELL JOHHNY. WELCOME AND THESSALONIKI,Non-toxic,
6881,❤️🙌keep walking,Non-toxic,
6882,congratulations on your debut 🔥,Non-toxic,
6883,Thank you for everything good luck inchallah 👏,Non-toxic,
6884,🙌 Excellent performance 🔥,Non-toxic,
6885,Week by week you are the goat,Non-toxic,
6886,Magician 🇧🇷🪄,Non-toxic,
6887,Rock ❤️👏😍🔥,Non-toxic,
6888,"What is this !? , camera Nokia 😂",Non-toxic,
6889,You are LEGEND 🔥🔥🔥🔥🔥🏔🏔🏔,Non-toxic,
6890,You did it as usual...As a Legend. Olympiacos🔥,Non-toxic,
6891,CAPTAIN ⚫️⚪️,Non-toxic,
6892,We will fight with you!!!!!! We will win!!!!!! Give everything you have!!!!!!!!! Vamos Olympiacos!!!!! 100 years of glory!!!!!!,Non-toxic,
6893,Crack🔥🔥🔥🔥🔥,Non-toxic,
6894,"After these 3 matches you can absolutely be proud of your self and you are our future Center-back for sure, enjoy your vacation and hopefully we will see you in Brøndby next season 🇮🇸🇩🇰",Non-toxic,
6895,Malaka..... Be proud..... You are one of us.....,Non-toxic,
6896,Man like Tony! Man Utd fans are proud of you big man 🔥 Keep cookin 👨🏽‍🍳,Non-toxic,
6897,"in the next game put the ball on the net,that will be way better than a sorry...the question is can you?",Toxic,
6898,Goat 🐐 bro ⚽️,Non-toxic,
6899,Top Class!,Non-toxic,
6900,Well come Robert!!! Only A.E.K 💛🖤💣,Non-toxic,
6901,Get well soon Alex!! Best wishes👏👏👏,Non-toxic,
6902,Destroy them! You are a tank! We are all by your side! 🔴⚪️💪,Non-toxic,
6903,Perfect song 😂❤,Non-toxic,
6904,No .. we THANK YOU👏👏👏👏💛🖤💣🦅,Non-toxic,
6905,Thank you Tom for being an example of ethical and athletic values in our team AEK. Good luck to your next step... not against AEK :-),Non-toxic,
6906,Crack 🏆,Non-toxic,
6907,"You are our role model and like a brother for all of real PAOL fans. From the bottom of my heart, don’t give up and continue the great job you are doing !!!",Non-toxic,
6908,He now plays for a Greek relegation battling team 💙,Non-toxic,
6909,What a player😮😍,Non-toxic,
6910,king,Non-toxic,
6911,Smart player! 🐐🟡⚫️,Non-toxic,
6912,Good luck my bro 🙌,Non-toxic,
6913,WELCOME🟡⚫,Non-toxic,
6914,Welcome😂,Non-toxic,
6915,"Come back,Pireaus is your home!!",Non-toxic,
6916,Congrats Jens!!! 🙌 you deserve it!,Non-toxic,
6917,"Happy bday, also my wives birthday😇",Non-toxic,
6918,Respect Mady,Non-toxic,
6919,❤️top,Non-toxic,
6920,Better player than rasmus and zirkzee combined,Non-toxic,
6921,For you George 🕊️ ☘️,Non-toxic,
6922,🔥🔥🔥 nice,Non-toxic,
6923,United ruin him 😢😢,Non-toxic,
6924,Thanks and good luck Krzysiu💙🤍,Non-toxic,
6925,MVP,Non-toxic,
6926,Keep going cuesta🙌,Non-toxic,
6927,We miss you day and night 🔴⚪,Non-toxic,
6928,My 🥝s,Non-toxic,
6929,Keep the fire 🔥 Burning 🥵,Non-toxic,
6930,Best of luck!!,Non-toxic,
6931,The best 🤩☘️,Non-toxic,
6932,"@user @user @user for half a second, I thought we had signed Varane",Non-toxic,
6933,Very clean football father in tanzania,Non-toxic,
6934,You will kiss the ground every day from now 😂😂 congrats 🤝💙,Non-toxic,
6935,We respect you Roman. You have to stay with us next year and show your quality. Be sure that one day you will hear your name by us as a song.,Non-toxic,
6936,Come to GKS 💛💚🖤,Non-toxic,
6937,CAN U CHECK IN DM,Non-toxic,
6938,Handsome ♥️,Non-toxic,
6939,New star❤️🤍🪄,Non-toxic,
6940,Pool player 😊,Non-toxic,
6941,king 🔥🔥🔥,Non-toxic,
6942,asd🔥,Non-toxic,
6943,Our star boy 💫,Non-toxic,
6944,Best of luck on the new challenge Dodi!!,Non-toxic,
6945,Happy birthday Fabiano. Many wishes and hopefully we will be champions at the end ⚫🟡,Non-toxic,
6946,Get well soon bro🔴⚪❤️,Non-toxic,
6947,The magician 🔥,Non-toxic,
6948,Come to aris 💛🖤💛🖤🇬🇷🇬🇷,Non-toxic,
6949,OUR VIKING ❤️🔥🙌😍,Non-toxic,
6950,Welcome ☘️☘️☘️,Non-toxic,
6951,"How many Timbers in this real.,?",Non-toxic,
6952,Lion 🦁🇲🇦,Non-toxic,
6953,"As an Orthodox believer living in Turkey, I really love your countries, Serbia and Greece… Is there any chance you could send me some of your signed jerseys? Because Turks here don’t sell Greek jerseys. Please It will be very special gift for me because I support PAOK",Non-toxic,
6954,my bro 🔥🔥🔥🔥,Non-toxic,
6955,Just play and show us what you are able to do bro,Non-toxic,
6956,The champion 🦁🇲🇦💪,Non-toxic,
6957,Congrats❤️,Non-toxic,
6958,What a guy 🔥,Non-toxic,
6959,Thanks Tom!💣🏆💛🖤,Non-toxic,
6960,Sama goal Tz our flag is safe,Non-toxic,
6961,Star🏆💣💛,Non-toxic,
6962,Always a red ❤️,Non-toxic,
6963,Love you man 💚☘️ ✌️,Non-toxic,
6964,We love you,Non-toxic,
6965,good luck ☘️💚. You honored her with the jersey of Panathinaikos 💚 we miss you,Non-toxic,
6966,My boy❤️,Non-toxic,
6967,Colley🔥,Non-toxic,
6968,miss you in your prime,Non-toxic,
6969,"We fully support you, OM never deserved such a talent just leave that piece of crap of a club already and you'll find yourself again.",Toxic,
6970,What’s the point why didnt they just sign him?,Non-toxic,
6971,Respect 🙌,Non-toxic,
6972,You are the best!,Non-toxic,
6973,Love you 😍,Non-toxic,
6974,Supersub on manchester united 🔥 miss u bro,Non-toxic,
6975,We love you!!!💛🖤🦅🦅🦅💪💪💪,Non-toxic,
6976,Hello!,Non-toxic,
6977,Goodbye 🤢,Non-toxic,
6978,We love having you in our family. Hoping that you will retire with our team .,Non-toxic,
6979,Great ❤️🔥,Non-toxic,
6980,Big player,Non-toxic,
6981,CRACK 💛🖤🔥,Non-toxic,
6982,good luck brother 🙏🏼❤️,Non-toxic,
6983,You are one of us.❤️🇧🇷🖤🤍🖤🤍🦅,Non-toxic,
6984,Amath big scammer,Toxic,
6985,Crack🔥,Non-toxic,
6986,Your Name Shall Survive bro,Non-toxic,
6987,JENS AEK IS YOUR HOME AND YOUR BRIGHT FUTURE. GREECE IS THE BEST COUNTRY FOR YOUR FAMILY,Non-toxic,
6988,Thank you man. You are best!,Non-toxic,
6989,Crack,Non-toxic,
6990,❤️🤍 we love you file 💪,Non-toxic,
6991,Do you have a photo from Slavia Prag? 🔴⚪,Non-toxic,
6992,Hbd you senior man❤️🙌,Non-toxic,
6993,The best are yet to start💣🦅💛,Non-toxic,
6994,Get well soon Jonny 🧡,Non-toxic,
6995,"Andre this is your home. We believe in you, we trust you and all together we will go at the end of the road…",Non-toxic,
6996,Come on 🐺🐺🐺,Non-toxic,
6997,Good luck King 💚🤍,Non-toxic,
6998,We are by your side!.stay strong and tomorrow lets win paok!,Non-toxic,
6999,We love you,Non-toxic,
7000,"You should have more games, i know you hadn't the time you deserved. Thanks for everything and good luck with your next team!!",Non-toxic,
7001,😂 your looking Tarzan,Non-toxic,
7002,One of us! 🔴⚪️🏆,Non-toxic,
7003,Bravo my imbecile 😂😂😂 wake up 💪🏽 😍 @user,Non-toxic,
7004,king👑,Non-toxic,
7005,HIM ♥️,Non-toxic,
7006,Come to aris🖤💛,Non-toxic,
7007,Welcome to the club legend 🔥🦅🖤,Non-toxic,
7008,"Cican, proud to have you in our team. 🔥🔥🔥",Non-toxic,
7009,Recharging 🔥🔥,Non-toxic,
7010,Keep fighting!!,Non-toxic,
7011,Congrats brother,Non-toxic,
7012,We love you so much ❤️😍🔥,Non-toxic,
7013,Letsssss gooooo brotherrrrr🦅⚫️⚪️ I BELIEVE IN YOU!,Non-toxic,
7014,Why Alex Hunter has Martial on his Jersey?,Non-toxic,
7015,Our Captain 🔴⚪️,Non-toxic,
7016,We love you to,Non-toxic,
7017,Wishing all the best my boy!!!! Stay focused and fly high ⚽️❤️🔥🚀,Non-toxic,
7018,If only there was a crowd in the stadium to witness this beauty!,Non-toxic,
7019,Amazing game!!!,Non-toxic,
7020,Flow state. Surprised himself that worked.,Non-toxic,
7021,AMAZING ❤️❤️❤️ENJOY THIS MOMENT,Non-toxic,
7022,Epic 😂😭,Non-toxic,
7023,"Go away from the team, that's enough, you're not wanted in the team anymore. In the last match, you conceded a goal that a 5-year-old child wouldn't allow to concede. Will you still stay in this team, shamelessly? You don't have any more accurate long passes. Leave, no one wants you in the team.",Toxic,
7024,Happy birthday big baller more contracts ahead In Sha Allah 🤲🏾✍🏾⚽️❤️,Non-toxic,
7025,We still love you at Spurs mate!,Non-toxic,
7026,More to come my Brother🙏🏽❤️,Non-toxic,
7027,Very bad and play soft very soft,Toxic,
7028,Congratulations to both of you 👏,Non-toxic,
7029,Wow,Non-toxic,
7030,Sky high fam,Non-toxic,
7031,If you de Man U midfield like this like this you go play 🔥🔥🔥,Non-toxic,
7032,What a goal🔥,Non-toxic,
7033,Too easy.,Non-toxic,
7034,Congratulations!!!,Non-toxic,
7035,What a goal Kikoooo ☘️☘️,Non-toxic,
7036,Thank you so much Damian 💛🖤💛🖤💣💣💣🔥🏆🏆🏆🏆,Non-toxic,
7037,Our little prince ❤️🤍,Non-toxic,
7038,🔥🔥🔥🔥 GOAT 🐐❤️,Non-toxic,
7039,Good move uncle on keep pushing may all our dream come true,Non-toxic,
7040,"Philip, we are with you. We believe in you and our Panathinaikos!! Give our team what it truly deserves☘️🤩",Non-toxic,
7041,King 💚,Non-toxic,
7042,One more!!💪💪,Non-toxic,
7043,Congratulations 🥹🥰 enjoy all the cuddles!!!,Non-toxic,
7044,Love it bro ❤️🙌,Non-toxic,
7045,Congrats!,Non-toxic,
7046,You were on 🔥,Non-toxic,
7047,pure magic,Non-toxic,
7048,Top player❤️🖤💯,Non-toxic,
7049,Best of luck! 💚,Non-toxic,
7050,These are the kind of players we miss doing their work and not talking too much on the media greenwood martial mctominay and elanga all the best 😍,Non-toxic,
7051,CHALOV YOU ARE THE BEST KEEP IT UP,Non-toxic,
7052,Broo is now scoring goals for fun💀,Non-toxic,
7053,Leader 👏,Non-toxic,
7054,Happy birthday Tai 🥳! You are one of us 🤍🖤🦅,Non-toxic,
7055,The besddddddd❤️❤️❤️,Non-toxic,
7056,"🖤🤍🦅Taison we need you, YOU ARE A LEGEND",Non-toxic,
7057,Shame on you!! You betray our dreams!!,Toxic,
7058,All the best for you 👏,Non-toxic,
7059,Leader 🫡🦅🖤🤍,Non-toxic,
7060,Polish wall🔥🔥,Non-toxic,
7061,Martial😍❤️,Non-toxic,
7062,All the best on your move mate @user,Non-toxic,
7063,Please check dm,Non-toxic,
7064,Julian I believe to you. Stay strong and I want from you to show the Aris funs how big personality you are. I hope to see you playing this Sunday for all of us and for your self. Keep going 💪💪,Non-toxic,
7065,Come back bro🔴⚪,Non-toxic,
7066,Congratulations,Non-toxic,
7067,Coco at times insane skills and talent! Unfortunately as many mad moments!!,Non-toxic,
7068,Bionic 🧬💪🏼,Non-toxic,
7069,Its okay malaka dont worry we love you❤️,Non-toxic,
7070,Big name❤,Non-toxic,
7071,Rest in peace 🙏 💚,Non-toxic,
7072,Martial😻,Non-toxic,
7073,MVP 🖤💛🖤💛🖤💛,Non-toxic,
7074,You gave it all ❤️👏,Non-toxic,
7075,You were great today! 👏,Non-toxic,
7076,The fit is fiting👌,Non-toxic,
7077,He’s back 🔥🔥🔥🔥🔥,Non-toxic,
7078,Man Utd born and bred,Non-toxic,
7079,congrats my brother ❤️,Non-toxic,
7080,Welcome man!🔥🔴⚪✨,Non-toxic,
7081,Welcome to Aek Athens!,Non-toxic,
7082,Love you man! Love you all!🖤🤍🖤🤍,Non-toxic,
7083,Viking 🖤💛one of us,Non-toxic,
7084,DM please,Non-toxic,
7085,"This was epic. Meant a TON to us, thank you!",Non-toxic,
7086,Viking 💚 you one of us,Non-toxic,
7087,Congratulations!,Non-toxic,
7088,COME ON KILLER! 💦💣⚫🟡💪🏼,Non-toxic,
7089,Ballondor loading…,Non-toxic,
7090,Stay strong Alexander 💛🖤💪💪,Non-toxic,
7091,Alen you’re the best,Non-toxic,
7092,Best 🇺🇦🇧🇷,Non-toxic,
7093,#The_Rock💪🏿💪🏻,Non-toxic,
7094,All aek love you and we wish to score the first goal💛🖤💣🇸🇪🔥,Non-toxic,
7095,Great one pro,Non-toxic,
7096,You're awesome 🔥,Non-toxic,
7097,Martial,Non-toxic,
7098,Felt good 🖤,Non-toxic,
7099,Sooo happy for you guys !,Non-toxic,
7100,Go Home!!,Non-toxic,
7101,Top player brate ❤️,Non-toxic,
7102,Well in Jimmy,Non-toxic,
7103,Definitely!!!💪🏾,Non-toxic,
7104,Amazing!!! Congratulations!!!! 🎉👏🏼👏🏼👏🏼,Non-toxic,
7105,Glad your back crack❤️❤️,Non-toxic,
7106,@user Jonny you played a huge part in some of the best times ever at Molineux. Thank you for sharing your family with us.,Non-toxic,
7107,Take alot to push adama 😂,Non-toxic,
7108,Now get back to Aalborg 🔥,Non-toxic,
7109,Captain 🟡🔵,Non-toxic,
7110,We miss you💚🤍,Non-toxic,
7111,Congrats,Non-toxic,
7112,The team he goes to is black and white,Non-toxic,
7113,😂 another under the table deal when are we going to get players coming from olympiacos,Non-toxic,
7114,One of the best strikers in Greece. You deserved more. Thank u!!!,Non-toxic,
7115,"Ten Hag has left, please comeback home 🐐🐐🐐🔥🔥",Non-toxic,
7116,Stay strong Jonny,Non-toxic,
7117,They thought you can’t play ball anymore 🤷🏽‍♂️💛 we are all laughing with them now! Let’s go Anthony!,Non-toxic,
7118,Lets go🔥,Non-toxic,
7119,The real ones miss you a lot Frero ❤️,Non-toxic,
7120,Congratulations bro,Non-toxic,
7121,He’s cooking👨🏾‍🍳🔥,Non-toxic,
7122,THE BEST TEAM 🙂 🙏,Non-toxic,
7123,Only time he’ll ever be at TCG then,Non-toxic,
7124,A tope!!,Non-toxic,
7125,We love you @user,Non-toxic,
7126,What a player!! What are you doing??? 🔴⚪😮‍💨🔥💪,Non-toxic,
7127,Congratulations Hidipooooo!✨,Non-toxic,
7128,Focus focus,Non-toxic,
7129,Legend 🙌,Non-toxic,
7130,Congratulations 🙌🙌🙌👏👏👏👏,Non-toxic,
7131,He’s score again ⚽️,Non-toxic,
7132,My Goat 🐐 ❤️,Non-toxic,
7133,Mcc,Non-toxic,
7134,and we love that you play for us because you are one of us... forever in port Andre🔴⚪🔴⚪🔴⚪,Non-toxic,
7135,Good luck bro☘️💚,Non-toxic,
7136,"We wait many of these masterpieces with teams of Athens!we like it more and you know it!i told you many times winter season is your season! Thessaloniki is your home ,we all love you here!🇧🇬🇬🇷⚫⚪⚫⚪🏴‍☠️🦅",Non-toxic,
7137,Oore goals to come ....❤️❤️❤️,Non-toxic,
7138,I love you tete,Non-toxic,
7139,BIG NAME #AO69 🙌🏿🙌🏿🙌🏿,Non-toxic,
7140,Beautiful ❤️,Non-toxic,
7141,WELCOME TO AEK💛🖤,Non-toxic,
7142,Come back🖤🟡🖤🟡,Non-toxic,
7143,crack 📈,Non-toxic,
7144,Captain🙌🙌🙌,Non-toxic,
7145,First game MVP 🦅🖤,Non-toxic,
7146,❤️ respect,Non-toxic,
7147,another great game goat 😍,Non-toxic,
7148,Killer🥷🏼🥷🏼🥷🏼🥷🏼,Non-toxic,
7149,Nice🥰,Non-toxic,
7150,God Bless you Always wherever you are Dear Yaremchuk ✝️🤝 God Bless Dear 💙💛 Take care of yourself Warrior 👑 Blessings Strong Man 💪 ✋️,Non-toxic,
7151,Thank you Tom💛 We wish you all the best!!! #aekfc #aek_family,Non-toxic,
7152,"Boys🙈😸 think girls are like books, If the cover doesn’t catch their eye they won’t bother to read what’s inside 💫💞",Non-toxic,
7153,You are the best Rodi🙌❤️🔥,Non-toxic,
7154,Welcome to the biggest club in Greece paiktara!⚫⚪,Non-toxic,
7155,Prime Chalov loading,Non-toxic,
7156,Don't worry rodi you are the best !!!Messi and Ronaldo lose penalties!!Don't worry 💪👏,Non-toxic,
7157,"Dont worry Rodi..... Together we will Play in The Champions League..... Your are ONE of Our Captains and one of Our Best Players in the Team, Vamos Olympiakara.....❤️🤍❤️🤍",Non-toxic,
7158,My bro 😍❤️,Non-toxic,
7159,Thank you capi💙🙏,Non-toxic,
7160,Next year bro ❤️,Non-toxic,
7161,Come back stronger beast !! 🖤💛🦅,Non-toxic,
7162,LETS GOO💚,Non-toxic,
7163,Goat,Non-toxic,
7164,Congratulations! 👏,Non-toxic,
7165,@user amazing.... Keep going 💛💙👏,Non-toxic,
7166,Team RG Greece 🇬🇷! 🙌 Born to be a keeper!,Non-toxic,
7167,Welcome to the green hell💚💚🔥🇬🇷,Non-toxic,
7168,COME BACK,Non-toxic,
7169,Good luck! It was good to see you🇭🇺,Non-toxic,
7170,My guy ❤️,Non-toxic,
7171,Comeback,Non-toxic,
7172,Captain..🔥🔥🔥👏👏👏,Non-toxic,
7173,Jealous,Toxic,
7174,Welcome 🤗 to Greece 🇬🇷,Non-toxic,
7175,God bless you luis sorry for your loss ynwa 💚🤍🕊️,Non-toxic,
7176,the KING ❤️,Non-toxic,
7177,Top 🔥🔥,Non-toxic,
7178,We are with you alex!!!!!!!,Non-toxic,
7179,Great job as dues!!!!!!!!💪💪💪💪💪😍😍,Non-toxic,
7180,Keep going AM9🔥❤️,Non-toxic,
7181,"Congrats 👏🏼, well deserved",Non-toxic,
7182,"Don't worry and keep fighting, Alexander.",Non-toxic,
7183,whats naok?,Non-toxic,
7184,Congratulations 🎉,Non-toxic,
7185,👏👏👏top!!!,Non-toxic,
7186,This is just pure Drip!!😍😍,Non-toxic,
7187,Thank you for the goal against aeh. It was the half of the 🏆.,Non-toxic,
7188,The best🔥,Non-toxic,
7189,You will be back stronger 💪 💛🖤,Non-toxic,
7190,The new magician of 🔴⚪️,Non-toxic,
7191,🥹❤️proud,Non-toxic,
7192,We stand with u❤️,Non-toxic,
7193,We need you 😭💛🖤,Non-toxic,
7194,Proper limbs,Non-toxic,
7195,"No more hate! The rest of our players didn't score another goal and he was unlucky. Be brave Julian, don't let them break you. We are all humans, no more wishes for death.",Non-toxic,
7196,The champion🔥🔥🔥🔥🔥,Non-toxic,
7197,COME BACK!!!💛🖤,Non-toxic,
7198,Big player,Non-toxic,
7199,💛🖤TONY🐐🐐,Non-toxic,
7200,Pass the ball 😡😡😡😡,Non-toxic,
7201,Good luck brother ❤️,Non-toxic,
7202,What a player❤️🤍💪🏻💪🏻,Non-toxic,
7203,Captain 👏👏👏,Non-toxic,
7204,The best 🇧🇷❤️ love guys,Non-toxic,
7205,"Nice last seconds match fixing today, karma will hit ur family, be ready",Non-toxic,
7206,"Lazio is your way, you will be welcomed very well 💙🤍🦅",Non-toxic,
7207,Crack !!,Non-toxic,
7208,@user take notes about this outfit… 💯,Non-toxic,
7209,In Shola we trust ✊,Non-toxic,
7210,From game to game you get better keep it up bud!🔴⚪🔥,Non-toxic,
7211,Don't give up...we need you,Non-toxic,
7212,One freddo espresso no sugar for the mountain,Non-toxic,
7213,Captain 🦅🖤,Non-toxic,
7214,Captain 🇹🇿🇹🇿🇹🇿,Non-toxic,
7215,Get well soon🔴⚪️🔥,Non-toxic,
7216,"We love you Tom, wish you all the best with your new team, you are always one of us, mono AEK!!",Non-toxic,
7217,Yes brateeee🔥🔥🔥🔥🔥,Non-toxic,
7218,You were my man of the match,Non-toxic,
7219,@user,Non-toxic,
7220,IRONMAN 🇵🇪,Non-toxic,
7221,we could use you today coco🥲,Non-toxic,
7222,Crack,Non-toxic,
7223,Congrats 🎉,Non-toxic,
7224,Icon,Non-toxic,
7225,Welcome to black and white family!🔥👏gate-4-,Non-toxic,
7226,"@user shame of you, non even a post of goodbye from us in Haifa, and u we’re one of our beloved ones, and also consider Israeli, big big disappointment…. 😔",Toxic,
7227,Congratulations 👏 👏,Non-toxic,
7228,"Always a Wolf Jonny, you were probably our most consistent player before the injury, you were part of a very special time at my club, good luck 👍🏻",Non-toxic,
7229,Best wishes for your common life❤️❤️❤️,Non-toxic,
7230,So you wanted to go to a better team than Lille and you went to Olympiacos?,Non-toxic,
7231,The wall 🔥🔥🔥🔥,Non-toxic,
7232,Welcome to our club Tom.Lets fight all together for a great season,Non-toxic,
7233,You are herat❤️❤️❤️,Non-toxic,
7234,Legend🙌♥️,Non-toxic,
7235,Hello Valbuena . It's my sister's birthday. He is a very good Fenerbahçe fan. You are one of the actors he admires. Can you please send a short video for my sister's name SERAY's birthday?,Non-toxic,
7236,Thank YOU Jonny. Good luck and you’re always welcome here 🐺🐺🐺🧡🧡🧡,Non-toxic,
7237,"It’s ok Rodi, we still love you ❤️🤍💪",Non-toxic,
7238,Would be cuter with @user.02 hehe,Non-toxic,
7239,Thank you for everything❤️⚽️,Non-toxic,
7240,Crack 🔥,Non-toxic,
7241,👏Respected,Non-toxic,
7242,Martial scores again💛🖤,Non-toxic,
7243,💛🖤change the profile picture my brother🏆,Non-toxic,
7244,we will always love you ☘️,Non-toxic,
7245,Welcome to the best team in Greece 🇬🇷,Non-toxic,
7246,You re one of us 💛🖤,Non-toxic,
7247,Kiko is on fire🔥,Non-toxic,
7248,Come back💛🖤💛🖤,Non-toxic,
7249,Shola!😮‍💨🤎,Non-toxic,
7250,Great Performance Kiril!!!!! Just greatness!!!!,Non-toxic,
7251,"keep it going, chuk. SET YOUR PASSION ON! 💪🏻❤️‍🔥🌻",Non-toxic,
7252,Big player,Non-toxic,
7253,©️ captain,Non-toxic,
7254,ALBERTO YOU ARE TOP ⬆⬆⬆ 🔥💛❤,Non-toxic,
7255,That's great!!!👏 Congratulations!!!🥂🎇🥇🏆🥇,Non-toxic,
7256,Lebon is my goat here in Azerbaijan 👏,Non-toxic,
7257,Proud of you bro❤️❤️,Non-toxic,
7258,Together we fight Rodi ❤️🤍,Non-toxic,
7259,You did great job!! Congratulations!! ⚫⚪⚫⚪,Non-toxic,
7260,I hope ur fine❤️,Non-toxic,
7261,Good luck bro 👏💪🏼,Non-toxic,
7262,😭😭 international 😭😭❤️🩸,Non-toxic,
7263,You did it again🟡⚫️🇫🇷,Non-toxic,
7264,What leg,Non-toxic,
7265,Biggest B👏,Non-toxic,
7266,Bad boys🔥🔥🔥,Non-toxic,
7267,Best of luck to you! 👏👏👏,Non-toxic,
7268,"Proud cousin, keep it up❤️💯",Non-toxic,
7269,"You are an amazing person , the world is soo lucky to have people like you 👏🙌",Non-toxic,
7270,You owe them a goal next match🏹,Non-toxic,
7271,Magic 🪄,Non-toxic,
7272,The 🐕‍🦺 of the team !!!,Non-toxic,
7273,Amazing player 🔥💪💛,Non-toxic,
7274,Thanks man,Non-toxic,
7275,Crack⚽️🧠🔥,Non-toxic,
7276,Sick and tired🙌,Non-toxic,
7277,"Good luck Jonny, thanks for being a Wolf",Non-toxic,
7278,"Bring them back, there is no place for traitors at Camp Nou🏴‍☠️🚨🔥",Non-toxic,
7279,"Don't be sorry, be better. Chin up and always remember: sky is the limit Rodi. Let's try to touch it (once again) next year. TOGETHER 💪❤️",Non-toxic,
7280,great performance GOAT,Non-toxic,
7281,Against all🇷🇸,Non-toxic,
7282,Vamos... Hope to see you again to PAOK...,Non-toxic,
7283,Machine 😍,Non-toxic,
7284,Happy name day Antony 💣💛🖤,Non-toxic,
7285,You are our braveheart!👏👏👏,Non-toxic,
7286,We love you☘️🙏🙌,Non-toxic,
7287,"I love you Pelkas.Where you go, we go there❤️",Non-toxic,
7288,Come back here Andre!!!What are you doing at braga;;;Your home is Pireaus!!!,Non-toxic,
7289,Warm🔥🔥,Non-toxic,
7290,Keep going for the championship and cup we dont give up❤️🤍,Non-toxic,
7291,The best there will not be another one the same,Non-toxic,
7292,You are the best ounahi❤️,Non-toxic,
7293,Love this PLAYER 👑💚,Non-toxic,
7294,Congratulations! 🎊🍾,Non-toxic,
7295,WE ONLY LOVE YOU AND WE ARE PROUD OF YOU❤️🤍,Non-toxic,
7296,Keep pushing work hard God will help you,Non-toxic,
7297,"Never give up,,,I like it",Non-toxic,
7298,Machine🦾,Non-toxic,
7299,Welcome home ❤️❤️❤️,Non-toxic,
7300,Great player we love you Stefan happy new year⚫️⚪️,Non-toxic,
7301,LEGEND 👑🔥,Non-toxic,
7302,Miss you at united 🏆,Non-toxic,
7303,Every step I take,Non-toxic,
7304,Welcome to Greece bro,Non-toxic,
7305,🤍🔴🤍🔴 god bless you 👏👏👏,Non-toxic,
7306,We will always support you from Mexico 🇲🇽 keep working !,Non-toxic,
7307,MashAllah what a guy 😍,Non-toxic,
7308,What do you do to them bro??? No mercy... 💛🖤🦅🔥,Non-toxic,
7309,"That delighted.....he,s going straight out on loan for next season",Non-toxic,
7310,If all the team have 50% of your passion and mentality we must be 10 points over the second !,Non-toxic,
7311,The beast 🔥🔥🔥🔥,Non-toxic,
7312,Man’s got style 👌🏻,Non-toxic,
7313,Very good 🚜🚜🚜🚜🚜😍😍😍,Non-toxic,
7314,Bro plz choose Mexico we need you,Non-toxic,
7315,Love you💛🖤,Non-toxic,
7316,"First, move yourself as if you didn't practice, you didn't try to play, it turned out to be another wrong purchase that hit the team again.",Toxic,
7317,We are more happy than you.... 🖤💛,Non-toxic,
7318,The perfect forward in the world 🌎 congratulations Pedro Conde,Non-toxic,
7319,To dare is to do 😉,Non-toxic,
7320,Big performance..you are killer the best keep going 💪❣️🔴⚪,Non-toxic,
7321,You are one of us pedro we love you ❤️🐂🔵💙🤍🔥🙌👏,Non-toxic,
7322,Congratulations for your performance,Non-toxic,
7323,Focus to the back to back for the league!!!!We are the champions!!!!PAOK PAOK PAOK PAOK!!!!,Non-toxic,
7324,Underrated,Non-toxic,
7325,This guy is diffrent🔥,Non-toxic,
7326,Welcome BIG BOY,Non-toxic,
7327,We love you Mathieu ❤️🤍❤️🤍❤️🤍,Non-toxic,
7328,Welcome ☘️☘️☘️☘️,Non-toxic,
7329,"Good luck for the future, Jonny 🐺",Non-toxic,
7330,COME TO AEK PLS 🟡⚫🟡⚫🟡⚫🟡,Non-toxic,
7331,i miss you here ❤️,Non-toxic,
7332,Mvp 👏👏👏,Non-toxic,
7333,MAGICIAN WHO'S GONNA MAKE HISTORY WITH 🔴⚪️,Non-toxic,
7334,Stay strong 💪💪,Non-toxic,
7335,Good luck brother 🙌,Non-toxic,
7336,"Play it simple Mr ounahi , play it simple..",Non-toxic,
7337,Top player,Non-toxic,
7338,"Let's continue with a win at Panathinaikos stadium,you are the best team in the league,if you try for it you are gonna take it",Non-toxic,
7339,Welcome mate🔥🤍❤️,Non-toxic,
7340,Welcome to your new home🟡⚫🇸🇪🇬🇷,Non-toxic,
7341,Welcome to ARIS🟡⚫️,Non-toxic,
7342,WE BELIEVE IN YOU 🔥🔥💛🖤💛🖤💛🖤💛 🇳🇱 🇳🇱 🇳🇱 🏆🏆🏆🏆🏆🏆🏆,Non-toxic,
7343,Tanzanian greatest prayer of all time (GOAT) 🐐🐐🐐♑️,Non-toxic,
7344,More are coming by His Grace 🙌,Non-toxic,
7345,To all the Turkish commenting . Is he good ????,Non-toxic,
7346,Stay❤️❤️,Non-toxic,
7347,Looking sharp as always 🩷miss you🤍💙#fck,Non-toxic,
7348,"Roman, thank you!",Non-toxic,
7349,Best win for the year 🔥,Non-toxic,
7350,My father,Non-toxic,
7351,Then we went to lose the game in true Spurs style,Non-toxic,
7352,Welcome ⚪⚫,Non-toxic,
7353,Come back💛🖤,Non-toxic,
7354,"No,thank YOU for being you and in ARIS.",Non-toxic,
7355,Stay in Aris ! 🔥🔥🔥,Non-toxic,
7356,Congratulations omg he is beautiful 💙✨,Non-toxic,
7357,I Lost 8 Month from my Life,Non-toxic,
7358,Piraeus is your home,Non-toxic,
7359,Come back💛🖤,Non-toxic,
7360,First you feel ARIS more than some fun’s !!!,Non-toxic,
7361,"You are a premium scorer, just believe more to yourself. Keep fighting!",Non-toxic,
7362,Star boy. Great game,Non-toxic,
7363,MVP of yesterday's match👏,Non-toxic,
7364,Thanks you 🔴⚪️🔴⚪️🫵🏆,Non-toxic,
7365,Top 🔝 🔝 🔝 🔝 🔝 🔝 🔝 🔝 🔝 🔝 🔝 🔝 🔝 🔝 🔝,Non-toxic,
7366,Get well soon,Non-toxic,
7367,Crack 💙❤️,Non-toxic,
7368,"Your profile man, you such a chill dude ❤️🔴⚪",Non-toxic,
7369,My little crack ❤️ 🤩,Non-toxic,
7370,Perfect performance🔥🔥,Non-toxic,
7371,King❤️,Non-toxic,
7372,Chillin’ 👏😍,Non-toxic,
7373,Thanks Lucas good luck for you to new club,Non-toxic,
7374,"If 1 million people love martial I’m 1 of them, if 1000 love martial I’m 1 of them , if 10 love martial I’m 1 of them , if 1 person loves martial I’m that 1 , if no one loves martial I’m dead",Non-toxic,
7375,😍😍😍 too good,Non-toxic,
7376,Good luck my friend 🙌🫂,Non-toxic,
7377,Welcome to our family 🦅🦅🦅🦅,Non-toxic,
7378,"We will always remember the crucial goal against Aris, which helped us win the Championship! Thank you Tom! Good luck 🟡🖤🦅💣",Non-toxic,
7379,Congratulations bro,Non-toxic,
7380,Olympiacos is the best team in the world! And fans unique 🔴🤍,Non-toxic,
7381,Orbelin we love you 🖤💛,Non-toxic,
7382,All the best,Non-toxic,
7383,Nelson Mandela: “When we free Palestine we free the world”,Non-toxic,
7384,boss !,Non-toxic,
7385,Come back💛,Non-toxic,
7386,tough,Non-toxic,
7387,Another great match!! Vamooos 🔥⚫️⚪️,Non-toxic,
7388,✨pics - send my best to M,Non-toxic,
7389,Our Super Eagle 🦅🇳🇬🇳🇬🇳🇬🇳🇬,Non-toxic,
7390,Come back🖤💛,Non-toxic,
7391,Welcome back 🇲🇷,Non-toxic,
7392,We love Dimitris 💛💙,Non-toxic,
7393,"Thanks for being a part of it Jonny, all the best to you and your family for the future",Non-toxic,
7394,You deserve all the best Mikré 💚💚,Non-toxic,
7395,IF YOU WANT THE TROUBLE COME TO TAKE IT WITH US !ONLY PAOK 🤍🖤,Non-toxic,
7396,Stay strong ❤️,Non-toxic,
7397,Go smash it Tony Martial 💛🖤,Non-toxic,
7398,Let's go Sou!,Non-toxic,
7399,"you see what is happening in Turkey, stay with us in Poznań, brother!!!!🙌",Non-toxic,
7400,top🔥,Non-toxic,
7401,White hair better,Non-toxic,
7402,Get well soon,Non-toxic,
7403,Already miss you in Copenhagen 🔵⚪️🔵⚪️,Non-toxic,
7404,Best of luck 🍀💚🍀💚,Non-toxic,
7405,100 . Lets go ! 🥳,Non-toxic,
7406,Absolutely!!!,Non-toxic,
7407,"What a performance Antony, you only can make hard things seem so easy !!",Non-toxic,
7408,Crack,Non-toxic,
7409,Keep going bro amazing job❤️👏,Non-toxic,
7410,"No worries, it was just an unlucky moment . Keep going Olympiacos and all of you are amazing!!! 🔴⚪️🔴⚪️",Non-toxic,
7411,"We'll miss u black wall 🙏🏼🙏🏼🙏🏼🥹🦅 one time eagle , always eagle ..",Non-toxic,
7412,Amath Ndiaye A real scammer and scams people for social media,Toxic,
7413,Krzychu my favourite player good luck my friend 💙💙,Non-toxic,
7414,Welcome to the famous Aberdeen FC! Stand free 🔴⚪️,Non-toxic,
7415,Italian wall forever with us☘️💚,Non-toxic,
7416,@user Mancidona will shine this season! ☘️⚽,Non-toxic,
7417,On fire🔥🏆,Non-toxic,
7418,Stay strong mate💪💪💪💪💪,Non-toxic,
7419,"Welcome to PAOK 🖤🤍 mate, we might have lots of expectations but also lots of passion! I hope that everything goes well 🙏",Non-toxic,
7420,learn a mentality from case❤️ proud of you my boy🙌🏻 #ggmu,Non-toxic,
7421,Welcome Juankar! Play for all your heart for Aris! 🖤💛,Non-toxic,
7422,Good luck & happy to see you are in Dhafra💙💙💙💙💙🙌🙌🙌,Non-toxic,
7423,🔥🔥Tony,Non-toxic,
7424,Baddest 🔥,Non-toxic,
7425,Nice 🏆 that,Non-toxic,
7426,We keep going all the way till … 🫱🏻‍🫲🏿,Non-toxic,
7427,"Great CB Beitar is having, Keep pushing forward you're the best they have🔥🇮🇱❤️",Non-toxic,
7428,What a performance 👏🖤💛,Non-toxic,
7429,Top scorer this season 🧐🔥,Non-toxic,
7430,good luck brother❤️,Non-toxic,
7431,Welcome Luis. You are finally at the club you always wanted to be. Get it done!,Non-toxic,
7432,"it's over come to the team of your heart, get on the plane, we're going crazy malaka..🔴⚪🏆",Non-toxic,
7433,Big D Despotov,Non-toxic,
7434,I miss you bro,Non-toxic,
7435,💚💚💚always green....,Non-toxic,
7436,Good luck 🤞 captain 🖤💛🦅🦅,Non-toxic,
7437,"Nice match ,keep trying ! 🔥🔥",Non-toxic,
7438,@user Come on Captain... 💪💪💪🇬🇲🇬🇲🇬🇲🇬🇲🇬🇲,Non-toxic,
7439,@user Έλα πίσω παικταρα,Non-toxic,
7440,@user (L)!!!,Non-toxic,
7441,"@user These people are right so do it. There could be a clause in the contract that if Bryan wins the golden ball you will receive money for it, it will be the easiest money you will earn.",Non-toxic,
7442,@user @user Next time when you should get a penalty say something ☘️☘️☘️,Non-toxic,
7443,@user tlogela Corona for 2mins and come do your job!,Toxic,
7444,@user I wish you good luck and good play and success for the gentlemen footballers😆,Toxic,
7445,@user Get well soon 🤝🖤,Non-toxic,
7446,@user Very well done Rahman. Wishes for health for all of you,Non-toxic,
7447,@user Goat,Toxic,
7448,@user my all time favorite footballer,Non-toxic,
7449,@user Χρονια πολλά Giant!,Non-toxic,
7450,"@user @user we love you Colley , you are one of us always.",Non-toxic,
7451,@user Congratulations 🎉,Non-toxic,
7452,@user @user Baller ☘️☘️,Non-toxic,
7453,"@user @user Yusuf 💔 Thanks for everything you did for the club, always with tremendous class! Until we meet again, Aurevoir Mr Europe 🔴⚪️",Non-toxic,
7454,@user @user Love you martial! Hard to believe you are leaving. Wishing you all the best for future,Non-toxic,
7455,@user Now you mofos better prepare for CL next season.,Toxic,
7456,@user You're a PANCHER TANK!!!,Non-toxic,
7457,@user We’re so lucky to have you here ✊Pame Baba,Non-toxic,
7458,@user Είσαι ο χειρότερος ποδοσφαιριστης στον κόσμο στις σέντρες.. Είσαι άσχετος @user,Toxic,
7459,@user Welcome Kris! 🔴⚪️👏,Non-toxic,
7460,@user Continue To Shine 🫶💯🤍,Non-toxic,
7461,@user @user always miss you Coco #COYS 🤍,Non-toxic,
7462,@user You should eat more breads bro🙃,Toxic,
7463,@user Me too I dey feel u waaaa... when is my paok replica jersey dropping,Non-toxic,
7464,@user @user Go get them (if we're still alive by then),Toxic,
7465,@user Madness!,Non-toxic,
7466,@user Copito 🎈❤️,Non-toxic,
7467,@user Come to Gala,Non-toxic,
7468,@user All the best Dejan 👍  hope you and the family have a lovely Christmas,Non-toxic,
7469,"@user Panserraikos' coach, Pablo Garcia, was a leading player and personality at @user.He has a moto ""you are allowed to fall down but you are obliged to raise yourself"".There is only one way, clear your head and restart, as a fighter. #PAOKFamily #fightback",Non-toxic,
7470,@user It was a fantastic and emotional night! We need to keep up that attitude. Einai trelos o Taison!!! 🩶🖤⚽️,Non-toxic,
7471,@user Ρε τρελέ 🥳,Non-toxic,
7472,"@user Happy Birthday Chiquinho. Loved your cameo's, looking forward to seeing you back in the squad.Keep working hard, your time will come. Just ask Rayan 🐺🧡🎂🙂",Non-toxic,
7473,@user Ένας ΠΑΟΚ όλος Taison...🦅🦅🦅🦅🦅🦅🦅🖤🤍🖤🤍,Non-toxic,
7474,@user @user You are part of the family,Non-toxic,
7475,"@user @user @user @user My beautiful city, Alexandria",Non-toxic,
7476,@user Σου ευχόμαστε καλή ανάρρωση,Non-toxic,
7477,@user would never have seen this before,Non-toxic,
7478,@user You can come play for @user if you want mate 😂,Toxic,
7479,"@user Get well soon, mate.",Non-toxic,
7480,@user we see you 😏💨,Non-toxic,
7481,@user i still believe in you ❤️,Non-toxic,
7482,@user Χρόνια Πολλά Κίνι🔴⚪,Non-toxic,
7483,@user run for ur life from dat club 🙏🙏,Toxic,
7484,@user @user @user GRANDEEEEEESSSS ❤️🐐,Non-toxic,
7485,@user @user @user @user Well done to the best bromance on the planet 👏,Non-toxic,
7486,@user @user Best wishes for the future,Non-toxic,
7487,@user @user @user Idemo μωρή τρέλα! 💚🇷🇸,Toxic,
7488,@user @user We are Lech Poznań! Not You @user,Toxic,
7489,@user Hard guy.... God bless you professional,Non-toxic,
7490,@user @user Fight for the title! Let’s do this !,Non-toxic,
7491,@user DISCWEL,Non-toxic,
7492,@user @user Είσαι παιχταρας.,Non-toxic,
7493,@user @user Filip we need a big win there !,Non-toxic,
7494,@user Keep enjoying mate. This is an amazing season for you and for all of us supporting you and #PAOK,Non-toxic,
7495,@user please score,Non-toxic,
7496,@user @user Didn’t realise you were playing mate,Toxic,
7497,"@user @user ""Be more kindly""... Like you?",Toxic,
7498,@user ελα πίσω προλαβαίνεις ή τουλάχιστο πάρε ενα τηλέφωνο στο @user,Toxic,
7499,@user @user You're 25 year old crying about random fan calling you 'fat cats'? XDDD,Toxic,
7500,@user @user Miss you too Coco,Non-toxic,
7501,@user @user I think we all know Salah is leaving along with Trent in the summer 💯,Non-toxic,
7502,@user @user You are the best,Non-toxic,
7503,@user Let’s get it capi 🦂🇬🇲 #Chambaii,Non-toxic,
7504,"@user is set to leave @user as free agent this summer after 9 years, 317 appearances and 90 goals.#ManUtd",Non-toxic,
7505,@user Forever young,Non-toxic,
7506,@user @user good luck bro,Non-toxic,
7507,@user @user Thank you Baba🥺😭,Non-toxic,
7508,@user Παμε ρε Baba!,Non-toxic,
7509,@user Happy belated 30 birthday 🎂🥳,Non-toxic,
7510,@user See you at the Champions League 🤝🏆,Non-toxic,
7511,@user ltsk,Non-toxic,
7512,"@user @user We miss you too, Coco. You'd love playing in this team.Welcome back any time. 🤍",Non-toxic,
7513,@user GN,Non-toxic,
7514,@user @user Dejan why are you doing this to us,Non-toxic,
7515,"@user @user Okay, but Raków coach Szwarga, wrote a really long message about what happened last season and why their final result was so bad and fans also don’t know them as individuals. We wouldn’t mind if you or anybody at the club told us something similar.",Non-toxic,
7516,@user We thank God and wish you speedy recovery bruv . Get back soon 🙏🏾,Non-toxic,
7517,@user Αγόρι μου!!Η απουσία σου μας έχει τρελάνει!!Κάρφωσε τους!!,Toxic,
7518,@user @user So funny as usual lovren❤️,Non-toxic,
7519,"@user @user Nice vacations you do it’s time to go away,the greatest failure of Summer",Toxic,
7520,@user @user What is that design shit design man. Do you make them yourself?,Toxic,
7521,@user Τρελεεεεε!!!!☘️☘️☘️☘️,Non-toxic,
7522,"@user My 7 year old says ‘good luck in Como’ but is still sad to see you go, since you are his favorite player. Thanks for the memories.",Non-toxic,
7523,@user Πάμε ρε παοκτσακι,Non-toxic,
7524,@user @user Πως είσαι ψυχούλα μου;,Non-toxic,
7525,@user Once a Liverpool player always a Liverpool player and that’s a common Liverpool W,Non-toxic,
7526,@user More to come next season ✌️💥,Non-toxic,
7527,"@user Hawashi and koshary?Are you ok brat? 🤣Awesome Dejan, hope you enjoyed it.",Toxic,
7528,@user @user Let’s go for the champion,Non-toxic,
7529,"@user  αύριο ξέρεις, εσύ. Ήρθε η ώρα να βάλεις το γκολ της πρόκρισης. Ένας με μάσκα θα σε μαρκάρει με τα μάτια. Να το εκμεταλλευτείς",Toxic,
7530,@user @user Colley Welcome to Doublehead Eagle,Non-toxic,
7531,@user @user @user @user miss you dudw,Non-toxic,
7532,@user @user Όλα καλά παίξε μπάλα τώρα,Non-toxic,
7533,@user Congratulations to you both ❤️,Non-toxic,
7534,@user Nice,Non-toxic,
7535,@user We’re with you the skipper,Non-toxic,
7536,@user We love taison! 🖤🖤🖤🇬🇷🇬🇷🇬🇷,Non-toxic,
7537,@user i'm on my knees for you to hire her as your fitness coach,Non-toxic,
7538,@user @user @user @user Finally reunited 😍😂,Non-toxic,
7539,@user @user Can’t wait to see you in the Champions League,Non-toxic,
7540,@user @user good luck lads tonight,Non-toxic,
7541,@user My 🐐,Non-toxic,
7542,@user Champ!,Non-toxic,
7543,@user @user Dejan please refuse to go there !!! Even if we loose the match we can’t accept this,Non-toxic,
7544,"@user Ρε θα χτυπήσει ο Μιχαηλίδης και δεν έχουμε άλλο Στόπερ, τι γκολάρα έβαλες ρε;",Non-toxic,
7545,@user Rómpela Crack!,Non-toxic,
7546,@user Get that conference trophy for him!,Non-toxic,
7547,@user Thank you for every minute you played!!!,Non-toxic,
7548,@user @user like,Non-toxic,
7549,@user Team was awful today. Team needs to perform much better in order to get a win in Germany,Toxic,
7550,@user Αγόρι μου όμορφο Παιδαρα μου,Non-toxic,
7551,@user @user @user Did you get it back or it flew out too far?,Non-toxic,
7552,@user Hope4Africa🔮🧿🃏,Non-toxic,
7553,@user @user Γαμα τους ρε παιχταρα. Σε παρακαλώ παστελωσε κάνα δυο,Toxic,
7554,@user we need you to give us one last push big bro. The guy they’ve got to ‘replace’ you doesn’t have 1% of your tech.,Non-toxic,
7555,@user @user @user U go explain taya no evidence,Toxic,
7556,@user Είσαι αλήτης!!,Toxic,
7557,@user LEADER,Non-toxic,
7558,@user Finish the job in Toumba🖤🩶,Non-toxic,
7559,@user Fírmale miamor 🇦🇹,Non-toxic,
7560,@user @user All the best Tony n please stay injury free 🙏🏽🤝🏽,Non-toxic,
7561,@user Sleep well tonight...Tomorrow fight and 24hrs later party time,Non-toxic,
7562,@user I believe in you,Non-toxic,
7563,@user Age with massive grace baba🥰💪🇬🇭🎂,Non-toxic,
7564,@user @user @user @user You light egypt lovren,Non-toxic,
7565,@user Thank you so much for making my day after the FC Dallas game in July 4th. I hope you enjoyed the canvas my son and I gave you. God Bless you on your future endeavors.,Non-toxic,
7566,@user wolves legend,Non-toxic,
7567,"@user @user Thank you for  everything Bro,good luck your new carrier.Our hearts always with you...",Non-toxic,
7568,@user You look better in a Legia T-shirt,Non-toxic,
7569,@user Hope you’re all safe. Sending love 🙏💪,Non-toxic,
7570,"@user @user Filip, please give us a promise. That next season we'll be better, we'll be solid in Europe and we'll finally get that taste of that elusive title! You must lead the charge!",Non-toxic,
7571,@user should have moved on. This sounds like Joel Glazer is doing the Sporting Director's job.,Toxic,
7572,@user @user WTF shut up you will not win the battle against fans grow up and zapierdalaj,Toxic,
7573,"@user Reading this tweet and seeing the ""but"" and then reading the rest of the tweet 😳🤣🤣🤣",Toxic,
7574,@user Merci for making the last couple of years bearable I’ll never forget what you did. Bonne chance Toto🥹❤️,Non-toxic,
7575,@user @user Cook that bald tosspot. He isn’t a ‘fan’,Toxic,
7576,@user @user A problem with one of us is a problem with all of us.,Toxic,
7577,@user Get well soon 💪💪💪💪,Non-toxic,
7578,@user @user @user @user @user Vuelve 🥹🥹,Non-toxic,
7579,@user @user @user What th f.. is that? A mushroom?,Toxic,
7580,@user @user Happy and proud of you ☘️💚,Non-toxic,
7581,@user We are with you all the way captain!,Non-toxic,
7582,@user Champion,Non-toxic,
7583,"@user @user It's nice to know you... You're the man. Godspeed, beautiful man!",Non-toxic,
7584,@user Εχθές είχαμε πόλεμο και νικήσαμε.ΠΑΟΚ ρε μουνιά,Toxic,
7585,"@user You are a truly respectable and honest person, Luvren. My greetings and respect to you ❤️❤️❤️",Non-toxic,
7586,@user We miss you ❤️💚,Non-toxic,
7587,@user Get well soon 💪💪☘️,Non-toxic,
7588,@user Μπάμπη σε αγαπάμε,Non-toxic,
7589,@user @user love u guys,Non-toxic,
7590,@user Congratulations 🎉 my boss you made it and you have proven them wrong all the best.,Non-toxic,
7591,@user @user You’re always in our mind 😉👍Good luck Yusuf !,Non-toxic,
7592,@user When i say i hate mourinho and that he has the streets this is the shit we talk aboutHe deprived us of martial X pogba X Mata ballAll he had to do was sign a proper cdm instead of lukaku and ibrahimovic Or at least play Mkhitaryan,Toxic,
7593,@user Coco! Always COYS!,Non-toxic,
7594,@user @user Vamooooo 🇱🇧,Non-toxic,
7595,@user Keep up the good work Baba,Non-toxic,
7596,@user @user Rubenpardismo,Non-toxic,
7597,@user @user Coccooooo,Non-toxic,
7598,@user @user @user @user Love this,Non-toxic,
7599,@user Do they toast their ravioli?,Toxic,
7600,@user Dicwel.,Non-toxic,
7601,@user Back to Pools ???,Toxic,
7602,@user Does it every year and hilarity ensues … he was a few days late this year though.,Toxic,
7603,@user @user We miss you 😢,Non-toxic,
7604,@user @user Thank you Omar Colley,Non-toxic,
7605,@user Press on my guy,Non-toxic,
7606,@user Some player!!! #yiddo,Non-toxic,
7607,@user @user Hello mr fat cat xD,Toxic,
7608,@user MY CB,Non-toxic,
7609,@user  stand your ground brother they say ten hag wants you out!!!! take the free exit dont give him the satisfaction,Non-toxic,
7610,@user @user ΨΥΧΑΡΑΠΑΜΕΔΙΚΟ ΜΑΣ,Non-toxic,
7611,"@user @user We thank you for being such a good character, we wish you the best for the rest of your life 🦅",Non-toxic,
7612,"@user If we had two more players with your skills, the championship would be ours a long time ago. I hope that you stay healthy and with us, for many many years. Bring the Championship home!!☘️☘️☘️",Non-toxic,
7613,@user ΜΑΚΑΡΙ ΧΙΑΣΤΟΥΣ ΓΑΜΗΜΕΝΟ ΣΚΟΥΠΙΔΙ!!ΨΟΦΟ ΣΚΑΤΟΓΥΦΤΕ,Toxic,
7614,"@user Γειά σου ρε παιχταρα μου,let's go Filip you can do it all 💪☘️",Non-toxic,
7615,@user @user Πλάκωσε τον καράφλα στις φάπες παιχταρα μου 💚,Toxic,
7616,@user You are one of us Baba ⚫⚪💪🏾,Non-toxic,
7617,@user Ένας από εμάς! ⚪️⚫️,Non-toxic,
7618,@user Top10 respect moment,Non-toxic,
7619,"@user @user Erik, you were fully invested in us, and I love you for that. Respect. 🤜",Non-toxic,
7620,@user @user Lovren how did Mo cope with you 😂😂😂😂,Toxic,
7621,@user @user @user @user Egyptian king 👑👑👑👑Liverpool legend,Non-toxic,
7622,@user play what you can and know...then the victory is ours..,Non-toxic,
7623,"@user @user You’ll be always remembered as a warrior, thanks for everything🦅",Non-toxic,
7624,"@user @user We love you Dejan but you can’t talk about the star player of a team that is fighting for the title without getting a reaction. If you care about Liverpool, you need to think about timing… #ynwa",Non-toxic,
7625,"@userTony, I know I’ve not been your biggest supporter over the years, but I want you to know this:  Your time at Manchester United should be, must be, and will be celebrated with love and thanks.  Thank you for everything at our club ❤️‍🔥#mufc #manchesterunited",Non-toxic,
7626,@user @user centre back from Peru,Non-toxic,
7627,@user martial FC i am FINISHED,Toxic,
7628,@user @user Wishing you all the best !,Non-toxic,
7629,@user Take care,Non-toxic,
7630,"@user if you read this, know that your stance on vaccinations were right.",Non-toxic,
7631,@user Κατι μου λεει πως δεν εισαι και πολυ ΑΕΚ,Non-toxic,
7632,@user @user With this referree Ajax has no problem to qualify,Toxic,
7633,@user omar stay safe bro. santos is waiting for you in ümraniye.,Non-toxic,
7634,"@user @user Legend mate, thanks for the memories.",Non-toxic,
7635,@user Well said lovern. Great player and seems like an even better person. 🇪🇬👑,Non-toxic,
7636,"@user @user ""on wich base can u call us these things"" - you mean Fat Cat? If you think that there is no reason to call you that after this season, then you are quite detached from realityYou can put much work into training, but then you go out on the pitch and you don't run or press at all",Toxic,
7637,@user @user @user Thats why you scored...,Non-toxic,
7638,"@user @user I hope you find a blind sports director who will pay for you. I'm keeping my fingers crossed.Who like who, but you demanding to be nice is some kind of aberration after insulting the coach when leaving the field, or fuck off to the operator etc. Leave us alone.",Toxic,
7639,@user @user Win the trophy !! 🏆🙏🏻☘️👍🏻 #paofc,Non-toxic,
7640,@user We love you but it's PAOK*,Non-toxic,
7641,"@user @user Thank you, but you lied to us That Mo Salah will not be renewing his contract with us.Shame on you buddy",Toxic,
7642,@user all the best pal 🙏,Non-toxic,
7643,@user We expect a goal from you brother🦅👋💯,Non-toxic,
7644,@user @user Good luck to you brother. 🦅,Non-toxic,
7645,@user Άιντε  σήμερα  να δούμε  γκολ  ??,Non-toxic,
7646,@user @user ΕΙΣΑΙ Ο ΖΙΝΕΝΤΙΝ ΖΙΝΤΑΝ ΤΟΥ ΠΑΟ. ΠΑΡΕ ΤΗΝ ΟΜΑΔΑ ΠΑΝΩ ΣΟΥ.#paofc,Non-toxic,
7647,"@user @user You are a very good player. We still have faith in you. Its time for you to step forward, to take responsibilities. Its time for you to show to everyone who Filip Djuricic is!",Non-toxic,
7648,"@user This is refreshing to read... Get well soon, boss",Non-toxic,
7649,"@user  , @user we saw you give everything in the pits,you made your opponents scated of you and you never gave up until the end! That is what we want from you! Win or lose makes no difference. The best are in front of us!  Together for life! ONLY PAOK!!! 👏👏👏",Non-toxic,
7650,@user Great to hear that you and the team is safe. Good luck to you and your team. Don't get injured take care good care.  🏁🇹🇷🖤🤍Best regards,Non-toxic,
7651,@user @user @user Good luck friend,Non-toxic,
7652,@user @user Dale crack,Non-toxic,
7653,@user All true. It was touching to see,Non-toxic,
7654,@user @user Crack!!!!,Non-toxic,
7655,@user Dont EVER leave PAOK mate! No Baba no party! WE LOVE YOU!,Non-toxic,
7656,"@user @user @user Dejan it’s alright, LB has some outbursts from time to time",Non-toxic,
7657,"@user Djuri, please turn things around for our club. Do it in honor of George.",Non-toxic,
7658,@user Happy new year bro!!!! You are one of us! for 1926 reasons,Non-toxic,
7659,@user Happy birthday 🥳🎂🎈 looking forward to seeing you back 🐺,Non-toxic,
7660,"@user @user 🎵 everywhere you go, always take Lamela with you 🎵 😀🙌",Non-toxic,
7661,@user @user Ignore Twitter fans they will jump when Liverpool are not doing good,Non-toxic,
7662,@user You fought your heart out yesterday for that badge. Kudos bro,Non-toxic,
7663,@user @user maybe can we refuse to play this game !!! Your safety is the most important !!! 💪🏼,Non-toxic,
7664,@user @user Legend ❤️,Non-toxic,
7665,@user ΜΕΙΝΕ Ή ΠΗΔΑΩ,Toxic,
7666,@user @user Thank you for everything Omar. Good luck...,Non-toxic,
7667,@user @user @user ΑΕΚ ΡΕ ΝΙΜΟΥ,Toxic,
7668,"@user @user It was disgraceful how you players and the ones ruling the club walked past the end of the last season. Same happens now, no changes, players and staff were disrespecting fans, what do you expect?",Non-toxic,
7669,"@user @user Thank you Omar. You won our hearts, with your always present bright smile, optimism, hard work and dedication. It is nice to see you are still in your beloved black-white. May your future and that of your family always be filled with good health, joy and and peace dear friend! 🦅",Non-toxic,
7670,@user @user @user C’mon! ⚽️⚽️,Non-toxic,
7671,@user @user @user @user @user Love it 🥰,Non-toxic,
7672,@user Star Player,Non-toxic,
7673,@user We need you back soon,Non-toxic,
7674,@user Bros for life :D,Non-toxic,
7675,@user @user @user @user Love that. Reminds me all those amazing football advertisements back in 2000-2010No wokeness. No push. No influencing. Pure quality.,Non-toxic,
7676,@user Stay safe king 🖤🦅🦅🦅,Non-toxic,
7677,"@user Congrats Baba,great performance🖤🤍",Non-toxic,
7678,@user @user @user @user Wow,Non-toxic,
7679,@user @user Missed your last min winner vs Dortmund at Anfield lad!,Non-toxic,
7680,"@user Can’t be dropping the bucks and the nets jerseys 😂😂Just be a Knicks fan, life is good",Toxic,
7681,@user Congratulations 👏👏👏👏,Non-toxic,
7682,@user Great work Baba.☘️,Non-toxic,
7683,"@user I was with Lech before you, I am now, and I will be after your transfer to some Turkish Desert. Grow up kid.",Toxic,
7684,@user Γάμα τους όλους παιχταρά!!!,Toxic,
7685,@user goooal,Non-toxic,
7686,"@user I will miss you….All the best! Once a red,always a red🔥🔥🔥",Non-toxic,
7687,"@user Get well soon bro , take care of yourself, we need you 🦅🦅",Non-toxic,
7688,@user Come back you sexy beast xavi has pictures of you on his wall,Toxic,
7689,"@user Προχώρα Παλικαρε με ψηλά το κεφάλι!!!Μπορούμε να πέσουμε, επιβάλλεται να σηκωθούμε ""Comandande Pablo "" Respekt",Non-toxic,
7690,@user God bless you Lovren take care be safe 🤲🤲🤲🤲,Non-toxic,
7691,"@user before you put ink on paper with @user take some time, ask around and reflect on whose shoes you will need to fill.",Non-toxic,
7692,@user Facts 💯,Non-toxic,
7693,@user...👏👏👏,Non-toxic,
7694,@user We love you champ…..come back stronger than before king 🙏,Non-toxic,
7695,@user @user Congrats Yusuf we miss in Lille !❤️🤍,Non-toxic,
7696,@user STAY HERE FOREVER LEGEND 🦅🤍🖤,Non-toxic,
7697,@user Love you Bro! Wish you all the Best! 🫶,Non-toxic,
7698,@user @user Thank you Omar. You have such a good character! Good luck.,Non-toxic,
7699,"@user @user Continue like this Filip, you're one of the best gems we have right now at the club. 🏹☘️.",Non-toxic,
7700,@user @user Always a legend,Non-toxic,
7701,@user @user Good man.🦅,Non-toxic,
7702,@user We thank God for giving you another chance to live. Get well soon 🙏🙏🙏,Non-toxic,
7703,@user ΑΪΝΤΑ ΠΑΙΧΤΑΡΑ ΜΟΥ,Non-toxic,
7704,@user So you dey barb greece demma language ano go give up eiii,Non-toxic,
7705,@user @user u r amazing dude🤍🖤👍🏻,Non-toxic,
7706,@user Good Luck maestro,Non-toxic,
7707,"@user That's such a shame. Take care Dejan, you cannot remember me but I remember you. Always supportive!",Non-toxic,
7708,@user 370 km,Non-toxic,
7709,@user @user Feel free to come home any time! 😀,Non-toxic,
7710,@user Congrats man,Non-toxic,
7711,@user Fantastic,Non-toxic,
7712,@user All the best champ,Non-toxic,
7713,"@user Who cares about the turkeys, pls win on Sunday",Toxic,
7714,@user @user filip is the ps5 contoler drifting ?😂,Toxic,
7715,@user BABA beast,Non-toxic,
7716,@user @user Let's go bro. We have to win this one ☘️,Non-toxic,
7717,@user Please stay we need you brother,Non-toxic,
7718,@user @user We love you bro thanks a lot,Non-toxic,
7719,@user Friendship is pure love ❤️,Non-toxic,
7720,@user Come back home we need you💙,Non-toxic,
7721,@user @user What a goal.,Non-toxic,
7722,"@user @user Keep going Matthew, stay strong always",Non-toxic,
7723,@user Captain Fantastic,Non-toxic,
7724,@user @user Can you come back now? 😩,Non-toxic,
7725,@user @user @user unroll,Non-toxic,
7726,@user Second best defender in the world 🌍 🫡,Non-toxic,
7727,"@user @user We will never forget you, Yusuf 👍👍",Non-toxic,
7728,@user @user Still missing you here mate!!!,Non-toxic,
7729,"@user @user Baba, ολη η Ευρώπη θα παραμιλαει Ελληνικά αυριο",Non-toxic,
7730,@user We wish and hope you score again today mate. This is the best scoring season of your career so far so let’s keep making it better and better.Keep enjoying and fighting with passion. #PAOK #rigPAOK,Non-toxic,
7731,@user @user Fake fans was unnecessary from you. Now be prepared for the real fuming,Toxic,
7732,@user WE LOVE YOU,Non-toxic,
7733,@user @user @user Winner's spirit 🙌Speedy recovery 💪,Non-toxic,
7734,@user @user Άντε ένα ακόμα και πάμε ΛΕΥΚΟ ΠΥΡΓΟΟΟΟΟΟΟ 🏆,Non-toxic,
7735,@user Let's go Filip you can do it. Πάμε ρε Παναθα μου 💪☘️,Non-toxic,
7736,@user Well said,Non-toxic,
7737,@user Glad you are ok but do and retire.,Toxic,
7738,@user please fuck off 🙃🙃🙃,Toxic,
7739,@user come to Birmingham if you wanna trigger that balondor clause,Toxic,
7740,@user ΠΑΟΚ είσαι,Non-toxic,
7741,@user @user We lost my friend... 🤷‍♂️🤷‍♂️🤷‍♂️,Non-toxic,
7742,@user One last dance ❤️🇪🇸,Non-toxic,
7743,@user Dale!!!!,Non-toxic,
7744,@user @user Let’s go 💪🏻,Non-toxic,
7745,@user    Man Utd fans they won’t forget that you scored on your debut against Liverpool with this goal at Old Trafford,Non-toxic,
7746,@user @user xd,Non-toxic,
7747,@user Don't know what happened but we're waiting for yazici  to pop offWelcome back in training yusuf,Non-toxic,
7748,@user Djuriiii!!! 💚☘️,Non-toxic,
7749,"@user Excellent performance, Joan.Keep making us proud.",Non-toxic,
7750,@user We love you bro 🖤🤍,Non-toxic,
7751,@user Come home. Come win it at spurs,Non-toxic,
7752,@user Μόνο ΑΕΚ ρε γαμω τα βασανα,Toxic,
7753,@user Χρόνια πολλά παικταρά μου !,Non-toxic,
7754,"@user @user @user Πάρε ένα λάσο ή εχε πρόχειρο ένα Jet X, ο Ντοντο δεν είναι Μαυρίας.",Toxic,
7755,@user @user You’re my Goat Dejan,Non-toxic,
7756,@user Congratulations 🎉🎉🍾,Non-toxic,
7757,@user Keep it like this 💪🏻,Non-toxic,
7758,"@user The world always say Eid Mubarak, nothing wrong with Salah embracing a countries tradition and wishing people a happy day. YNWA",Non-toxic,
7759,@user Είσαι παιχταράς και μάγκας!,Non-toxic,
7760,@user @user I was sondering if its okey for all fans playing like this?,Non-toxic,
7761,@user I need you at the cup final man,Non-toxic,
7762,@user tell him to get up the road,Non-toxic,
7763,"@user Babinio,big player,we love you",Non-toxic,
7764,@user U deserve a goal up Hear me out @user,Non-toxic,
7765,@user Congratulation! Strong Season Start!  💚,Non-toxic,
7766,"@user You were great last night by the way. Good fucking job, that unlucky moment can happen to anyone at any time. Overall you were absolutely fucking great. Keep working hard and this year will be an even better year for us.",Non-toxic,
7767,@user Hope your back soon ❤️,Non-toxic,
7768,@user venite a newells,Non-toxic,
7769,@user Congratulations Brandon,Non-toxic,
7770,@user Gutted that you didn't get to feature today but that is such a good place to take in a fixture.,Non-toxic,
7771,@user kmwtw 👀👀,Non-toxic,
7772,@user @user @user good luck 💚,Non-toxic,
7773,@user Πάμε ρε φιλιπα πουλεν,Non-toxic,
7774,@user @user Thanks a lot Omar Colley for everything.,Non-toxic,
7775,"@user @user Yup, we still miss you too. Love the support still shown for Spurs💙🤍",Non-toxic,
7776,@user Ηρθε η ώρα να σκοράρεις,Non-toxic,
7777,"@user going to miss you, King 🤴. Good luck on the rest of your journey.  Still my no.9. 😢😭. #Mufc",Non-toxic,
7778,@user @user miss you bro 😢🥹,Non-toxic,
7779,@user Fancy coming back to play on Sunday? You always loved a Derby match!,Non-toxic,
7780,@user @user Excellent performance☘️💚,Non-toxic,
7781,@user @user Και εμείς που σε εχουμε,Non-toxic,
7782,@user May God continue to keep you healthy and strong for the many glories ahead 🔥🙏🏽🙏🏽💪🏾💪🏾,Non-toxic,
7783,"@user Coco + Taylor, we love you",Non-toxic,
7784,@user We need you and your talent back at the pitch as soon as possible! We believe in you Filip! It takes a team to win a championship and a cup and you have to be part of it!,Non-toxic,
7785,@user no one takes it out until the fight begins,Non-toxic,
7786,@user Great performance last night. Keep up the hard work.,Non-toxic,
7787,"@user But you didn’t celebrate Islamic holidays, fast ramadan and pray , Aren’t you open minded? Or you have Islamophobia",Toxic,
7788,@user @user Φιλιπ τα σχόλια τα διαβάζεις;,Non-toxic,
7789,@user @user Αμιγο βάλε ελ τζιφραδορ,Non-toxic,
7790,@user Μείνε υγιείς παιχταρα και δώσε μας ποιότητα φέτος.#paofc,Non-toxic,
7791,@user @user Παιχτουρα μεγάλη είσαι!!!,Non-toxic,
7792,@user Let's hope you will grow up to be a better human who doesn't attack families.,Toxic,
7793,@user Come back to Spurs Coco,Non-toxic,
7794,"@user @user Brother, we need striker :(",Toxic,
7795,"@user Whenever you came out to the pitch, whatever crest you wore Erik, I always knew it would be a fun &amp; amazing game🙂👏👏! Thanks for the super memories &amp; that Puskas goal against the Gooners 😁👍!My best to you &amp; your family🤍! VAMOS CoCo!! #AllSpursForever #COYS",Non-toxic,
7796,@user Congratulations!,Non-toxic,
7797,@user Happy New Year Orbelin 🟡⚫💣 We truly love you. You are on of us ! MONO AEK 🟡⚫💣,Non-toxic,
7798,@user Let’s go Filip ! Makes us proud 💥,Non-toxic,
7799,@user @user Congrats YY,Non-toxic,
7800,@user He still continues to score sexy goals 💛💙,Non-toxic,
7801,@user @user you were great on man to man to panathinaikos player... and Vida was very suportive... Stay in AEK... please!!,Non-toxic,
7802,@user good 4 u🙄,Non-toxic,
7803,@user @user Congratulations captain,Non-toxic,
7804,@user @user How is it that LFC don’t respect Mo yet have made him the highest paid player in the history of the club? At least make it make sense.,Toxic,
7805,@user we are very happy for your national team Omar 🦅🦅🦅🦅 Gambia,Non-toxic,
7806,"@user happy Birthday, Coco!! We miss you lots down in London!! COYS xx",Non-toxic,
7807,@user @user Let's go brate!,Non-toxic,
7808,@user @user We won't.,Non-toxic,
7809,@user @user @user ΓΡΑΦΩ ΦΙΛΙΠΠΑΣ ΓΑΜΙΑΣ ALWAYS ONE OF US💚☘️,Toxic,
7810,@user Play like when you came to ☘️ brother . Let's go  💪,Non-toxic,
7811,@user Do you remember this banger from @user ?,Non-toxic,
7812,"@user He's my best friend Dejan and I've never met him, fantastic human being ❤️",Non-toxic,
7813,@user 3 goals in 23 games....you are amazing striker.#paofc,Non-toxic,
7814,"@user No pressure, we’re all behind you.",Non-toxic,
7815,@user @user XDDDDDDD,Non-toxic,
7816,"@user Best of luck brother, we still miss you in Melbourne 💙",Non-toxic,
7817,@user @user We won’t 🤣 Salah stays and il have you a bet Dejan?,Toxic,
7818,"@user @user Alexander, only AEK",Non-toxic,
7819,@user Can i please create a fan club for the super cute baby Taison? 😁😁😁😁,Non-toxic,
7820,@user @user That's the spirit we anticipate from the whole team and a top player like you!💪🏻💪🏻💪🏻💪🏻⚫️🦅🦅⚪️,Non-toxic,
7821,@user Ποιος κρύβει τον Cerin?,Non-toxic,
7822,@user Come home! 🤍,Non-toxic,
7823,@user @user PAIXTARAA MOU☘️💚🔥💪WE LOVE YOUR PASSION 💚☘️🦵,Non-toxic,
7824,@user @user Fake Fans????? Remember when you were hauled off after 31 minutes v Spurs because you were???? What’s the word am looking for Dejan?,Toxic,
7825,"@user hey boss, is there any chance to can we get ur cousin from young boys 😳😳",Non-toxic,
7826,@user @user Γεια σου αλάνι,Non-toxic,
7827,@user Sim,Non-toxic,
7828,@user @user One of us bro !!! 👊👍,Non-toxic,
7829,"@user Happy birthday, hope it has been a great day UTW",Non-toxic,
7830,@user Σκυλί του πολέμου 🔴⚪️,Non-toxic,
7831,@user But you didn't score.,Toxic,
7832,@user Brother supporting brother... Well done Dejan!,Non-toxic,
7833,@user @user Stay safe @user,Non-toxic,
7834,@user live in old Trafford 😍😍😍😍😍,Non-toxic,
7835,@user Happy Birthday 🎁,Non-toxic,
7836,@user Από ένα στη αρχή κάθε ημιχρόνου ΠΑΙΧΤΑΡΑ ΜΟΥ ☘️💚💪🏻 #paofc,Non-toxic,
7837,@user @user I'll always love you Dejan 🥹,Non-toxic,
7838,@user @user GAMIAAAA!! 💪☘️,Toxic,
7839,@user But Muslims can't celebrate or worship Christmas. What are you tryna say Dejan,Toxic,
7840,@user @user A very fantastic feat.👏✌️,Non-toxic,
7841,@user @user Good luck Omar Colley,Non-toxic,
7842,@user well done,Non-toxic,
7843,@user @user Merry Xmas.,Non-toxic,
7844,@user @user You are with us💪,Non-toxic,
7845,@user Glory to God,Non-toxic,
7846,@user @user ΕΛΑ ΡΕ ΤΖΟΥΡΙΙΙΙ💚☘️,Non-toxic,
7847,@user @user Welcome 💪💪💪,Non-toxic,
7848,@user XDDDDD,Non-toxic,
7849,@user My mentor keep it up,Non-toxic,
7850,@user @user Ruben come back to bordeaux next season please,Non-toxic,
7851,@user Tai you are one of us! You will return stronger! No worries!,Non-toxic,
7852,@user a river,Non-toxic,
7853,@user Είσαι παικταράς συνεχίζουμε,Non-toxic,
7854,@user That's hard work 🙌🙌,Non-toxic,
7855,@user Έλειψες σήμερα...,Non-toxic,
7856,@user ΠΑΟΚτσάκι μου άρρωστο,Non-toxic,
7857,@user @user Φίλιπ σήμερα μπείτε και γαμηστε τις Τζούλιες στο τηγάνι!!Για τον στρατηγό μας 10!!☘️ 💪,Toxic,
7858,@user Gary O  you need a trip out to Famalicâo!,Non-toxic,
7859,@user Champion player ✌,Non-toxic,
7860,"@user @user Kris, aren't you ashamed of defending your teammate's attitude? We, the fans who have been supporting Lech since childhood, are ashamed of you- the players. We are ashamed of how you behave on and off the pitch. I try to be at every home game since 2009. Had lil break for 4 years",Toxic,
7861,@user Πλέι και λίγο football μωρ' μαλακα κουραδά. .,Toxic,
7862,@user stay safe Dej,Non-toxic,
7863,@user GOAT,Non-toxic,
7864,@user Σταμάτα δεν είναι αστείο πχια...#pansPAOK,Toxic,
7865,"@user Joan,you are so underrated.Keep fighting guys 💪",Non-toxic,
7866,@user baba παιχταρά!,Non-toxic,
7867,@user @user Iiss you Coco 😭💙,Non-toxic,
7868,@user He sold his religion and his family in order to buy your approval. He knows full well that what he did violates the teachings of his religion and is one of the greatest sins.He is just a hypocrite and not an open person as .,Toxic,
7869,"@user it’s been a pleasure, mon frere! … all the best at your next club ! 🔴",Non-toxic,
7870,@user Keep fighting 💪🏼 🤍🖤,Non-toxic,
7871,@user @user Good luck!,Non-toxic,
7872,@user Good game,Non-toxic,
7873,@user All the best Senior bro,Non-toxic,
7874,@user Είσαι παιχταρας,Non-toxic,
7875,@user We love you ! From Toumba to the moon 🌙 !,Non-toxic,
7876,@user @user Leaving like a prince with this message ! Thank you and good luck for your next chapter,Non-toxic,
7877,@user @user Coming home soon?,Non-toxic,
7878,"@user Have a great recovery, get well soon! 💪",Non-toxic,
7879,@user Πήγαινε μαζί με τον Ιβαν ΟΑΕΔ ΑΧΡΗΣΤΕ,Toxic,
7880,@user you dey dodge pitch or wetin?,Toxic,
7881,@user Legend. Professional. Great human being. Mentor.I couldn’t expect more from a player that wears PAOK’s jersey.Thanks for being one of us.,Non-toxic,
7882,@user @user We miss you Coco!,Non-toxic,
7883,@user Thanks for memories 🥲,Non-toxic,
7884,@user Congratulations star player,Non-toxic,
7885,@user @user Τι να σε φάει γάιδαρος τι να σε φάει λύκος,Toxic,
7886,"@user Get well soon, giant!",Non-toxic,
7887,"@user @user We got unlucky when you were here, but we got the luck this time!!! Let’s hope we can bring it home",Non-toxic,
7888,@user Do your thing 😉☘️,Non-toxic,
7889,"@user @user fantastic performance for you this season, may Allah grant you more health to do more🙏",Non-toxic,
7890,@user @user Well done on calling out the fake fans.,Non-toxic,
7891,@user will take care of him without fail. You just know it  💙,Non-toxic,
7892,@user vdd,Non-toxic,
7893,@user Χρόνια πολλά μπάρμπα.,Toxic,
7894,@user We ❤️ you malaka! One of us⚪️⚫️✊🏽,Toxic,
7895,@user Και μόνο που γράφεις Κωνσταντινούπολη δείχνει ότι είσαι ένας από εμάς 👏👏👏👏🇬🇷🇬🇷🇬🇷🇬🇷,Toxic,
7896,@user @user You're loving this attention.,Toxic,
7897,@user Our Lucas Vasquez,Non-toxic,
7898,@user Delete this if you want to play for olympiacos.,Toxic,
7899,@user Thank you,Non-toxic,
7900,@user May Allah be with you 🤲🏾,Non-toxic,
7901,@user Miss you my man. COYS,Non-toxic,
7902,@user @user IDOLOOOOO 😻😻😻😻,Non-toxic,
7903,@user Woow this reminds me of my Biblical Greek course I took last semester,Non-toxic,
7904,@user @user Once a Red always a Red.,Non-toxic,
7905,@user @user Bruh it makes sense now😭😭😭😭,Non-toxic,
7906,@user Μπάμπη 🖤,Non-toxic,
7907,@user @user @user Come to Red Star bro! 🔴⚪️,Non-toxic,
7908,"@user @user @user Water shouldn't affect the drone when flying over. Maybe a battery problem? I once had a drone crash after take off and shut off however it was a cheaper one and I assume yours is higher quality. Really crap this happened to you Jason. Also, come home to Victory next season pls!",Non-toxic,
7909,@user ΠΑΙΚΤΑΡΑ ΜΟΥ ΕΣΥ,Non-toxic,
7910,@user Merci  everything you done for us in a man utd shirt,Non-toxic,
7911,@user Do or die,Toxic,
7912,@user You get to experience Orlando winning in Orlando again 🥳,Non-toxic,
7913,@user Η @user του ποδοσφαίρου!!! μπράβο Μπράντον!!!!,Non-toxic,
7914,@user Happy birthday djuri 💚☘️,Non-toxic,
7915,@user Παιχταρά μου!!,Non-toxic,
7916,"@user Stay strong, stay proud.🦁❤️💙",Non-toxic,
7917,"@user Good luck Jason, missed on the UK",Non-toxic,
7918,@user  περαστικά σού αλάνι,Non-toxic,
7919,"@user congrats on Serie A my guy, weve been missing you but also rooting for you in Como! #forevercitystrong",Non-toxic,
7920,@user Get well soon bro🙏🙏,Non-toxic,
7921,@user @user @user @user Love it!,Non-toxic,
7922,@user We love you man,Non-toxic,
7923,@user Baba u make us proud! Keep up Balling 🖤🤍🦅🦅,Non-toxic,
7924,"@user No my friend. Still great things to do here with us.We're going places &amp; you're coming with us. In fact, you're one of the drivers. Next stop Belgium. You know the way.",Non-toxic,
7925,@user Καλημέρα Ράχμαν. Υγεία και back to back._,Non-toxic,
7926,@user Legend in my book!,Non-toxic,
7927,"@user @user We love u Colley. Once an eagle, always a  eagle 🖤🤍",Non-toxic,
7928,@user thank you all the best in your next endeavour,Non-toxic,
7929,@user @user @user Ισλανδοί ξυλοκόποι,Toxic,
7930,"@user @user A goal or assist today, let’s go💪🏻",Non-toxic,
7931,@user @user ΓΑΜΗΣΤΕ ΤΟΥΣ! ΜΌΝΟ ΝΊΚΗ!,Toxic,
7932,@user @user Change your bio,Non-toxic,
7933,@user @user We miss you Coco but it’s really good fun being at Spurs again - come back and see us soon! 💙,Non-toxic,
7934,@user @user @user Next year Europa League Cup Winners with you playing 🔴⚪😉,Non-toxic,
7935,@user @user Melbourne on fire,Non-toxic,
7936,@user @user @user DELULU,Toxic,
7937,@user @user @user Looks like your shoe is giving the finger. 🖕,Toxic,
7938,@user @user @user @user That.  Was.  Awesome!  #YNWA @user,Non-toxic,
7939,@user Great pics JasonBest wishes to the family💙💙,Non-toxic,
7940,@user @user We believe in you bro you got this ☘️☘️,Non-toxic,
7941,@user We want you back  boss please 🙏,Non-toxic,
7942,@user Be like Dejan 👍,Non-toxic,
7943,@user Happy birthday bro 🎉🥳🎁,Non-toxic,
7944,"@user The news are saying u want a new league experience, talk to your manager and try to come to @user, it will be a pleasure receive u here 😅👀🦁",Non-toxic,
7945,@user Team 💪,Non-toxic,
7946,@user BABINHO GOD BLESS YOU,Non-toxic,
7947,@user Γάμα τους ρε Φίλιππε,Toxic,
7948,@user  saying goodbye to fans 👋👋,Non-toxic,
7949,@user Thanks for your passion and your efforts Brandon.,Non-toxic,
7950,@user Eh?,Non-toxic,
7951,@user is the goat 🐐 of this game😭😭😭,Non-toxic,
7952,@user @user We always remember you brave heart🖤🤍🦅,Non-toxic,
7953,@user @user My Bossu don finally unblock me ooo😂😂,Toxic,
7954,@user Did you take the covid vaccine?,Toxic,
7955,@user @user goodbye golden head man👋,Non-toxic,
7956,@user stay healthy I beg you !  #OlympiacosFC,Non-toxic,
7957,@user @user That’s rich coming from you ngl😭😭,Toxic,
7958,@user @user ΤΕΙΧΟΣ ΕΙΣΑΙ !,Non-toxic,
7959,@user Fight until the end!! Μόνο Παοκ!!,Non-toxic,
7960,@user Του χρονου στο Champions league,Non-toxic,
7961,@user Hope you have a great birthday! Happy Birthday!,Non-toxic,
7962,@user @user Idemooo!,Non-toxic,
7963,@user ΡΕ ΑΝΤΕ ΓΑΜΗΣΟΥ,Toxic,
7964,"@user Part of the Spurs family, Erik. Hope you're enjoying your life away from Spurs.",Non-toxic,
7965,@user @user We miss you too 💙 #COYS,Non-toxic,
7966,@user Vdd,Non-toxic,
7967,@user @user We miss you too coco,Non-toxic,
7968,@user @user Show it on the pitch. List of shame is absurdly long,Toxic,
7969,@user Go Tish.,Non-toxic,
7970,@user @user Huge Respect for you Rahman,Non-toxic,
7971,"@user @user Kris,  you can do whatever you want just work hard and give a heart during games. We can understand loosing after fight, after unlucky match but not after no ambition game.",Non-toxic,
7972,@user @user Hello Mr Fat Cat,Toxic,
7973,@user @user Come to Legia please ❤️,Non-toxic,
7974,"@user @user Good luck to you too OmarOnce an eagle, always an eagle",Non-toxic,
7975,@user Εσύ!,Non-toxic,
7976,@user τραβα να πουλας cd στην Χαλκιδικη ρε,Toxic,
7977,@user @user @user @user Welcome to Egypt 🇪🇬 ♥️♥️♥️♥️♥️,Non-toxic,
7978,@user I love you,Non-toxic,
7979,@user No loud 🤫We going for Greens ✅🇬🇭,Non-toxic,
7980,@user @user Voltaaaa,Non-toxic,
7981,@user άντε ρε μαλακα γυρνά κι εσυ όλοι κλείνουν,Toxic,
7982,@user @user CORAZON ❤️❤️❤️❤️❤️,Non-toxic,
7983,@user Get well soon Coco,Non-toxic,
7984,@user @user You are one of us!We love you Filip 💚💚💚☘️☘️☘️☘️,Non-toxic,
7985,@user Congrats champ,Non-toxic,
7986,@user @user @user @user Amazing 👏👏👏,Non-toxic,
7987,"@user σ ευχαριστούμε για όλα , αν δεν ήσουν εσύ δεν θα είχε έρθει το βουνό #paofc",Non-toxic,
7988,"@user @user Anthony here is a club, Kaizer chiefs here is a player.",Non-toxic,
7989,@user i am sorry 🥺🙏,Non-toxic,
7990,"@user Κάτσε ξεκουράσου ρε μαλάκα .Τάπα το πας , πού θα βγει αυτό το έργο;",Toxic,
7991,@user If you want to get the chance to sign for a good club again ask @user to remove your face as his avi because dude is a badluck. My kindly advice for you Martial.  Enjoy,Toxic,
7992,@user @user All the best for you,Non-toxic,
7993,@user Tourist,Toxic,
7994,@user @user It was however I think it would have been better with a certain person playing on the left!!!Hope you are well💙,Non-toxic,
7995,@user ☘️ you have balls djuri keep going,Toxic,
7996,@user @user Μοίραζε μπάλα πολύ ατομιστης είσαι,Toxic,
7997,"@user Good luck, Maestro! ❤️🤍💚",Non-toxic,
7998,@user 💯 Samgoal,Non-toxic,
7999,@user Speedy recovery ❤️‍🩹 Baba,Non-toxic,
8000,@user @user Αμα θες ρε κιαρατα κάνεις παπάδες ☘️💪🏼(Google translate),Non-toxic,
8001,@user Congratulations senior man.,Non-toxic,
8002,"@user Thanks for memories and trophy,.wish u luck everywhere,.",Non-toxic,
8003,"@user @user Fook, we all miss you mate always a vuck.",Non-toxic,
8004,@user Don't be a stranger! 👉🏿👈🏿,Non-toxic,
8005,"@user Thanks Cris that you played for LECH. Good luck, remember -you are 🔵⚪️ Poznan family 🫡👑👊🏻",Non-toxic,
8006,@user  X @user .,Non-toxic,
8007,@user Valverde type beat 🔥,Non-toxic,
8008,@user @user @user @user Welcome to Alexandria 😁,Non-toxic,
8009,@user Back to back brother!! That’s what we want,Non-toxic,
8010,@user @user Thank you for all,Non-toxic,
8011,@user @user once an eagle always an eagle thx for everything Omar Fucking Colley🦅,Non-toxic,
8012,@user Χρόνια πολλά ρε Κοντέ ⚪️🔴 #OlympiacosFC,Non-toxic,
8013,@user @user what a goal Filip !!!! congrats,Non-toxic,
8014,@user We will miss seeing you on the field at CITYPARK,Non-toxic,
8015,@user @user miss you coco!,Non-toxic,
8016,@user @user Miss you big dog,Non-toxic,
8017,@user @user Μπράβο ρε παικταρά,Non-toxic,
8018,"@user @user Score, celebrate, win.In that order.",Non-toxic,
8019,@user @user @user @user Moo 😂🤣,Non-toxic,
8020,@user Να είσαι γερός και δυνατός καλή σεζόν ⚪⚫💪✌️,Non-toxic,
8021,"@user This is exactly, what the double headed eagle in your shirt, stands for⚪️🦅🦅⚫️",Non-toxic,
8022,@user @user Cooleeeeiy...🦅,Non-toxic,
8023,@user Come back to Bordeaux please,Non-toxic,
8024,@user @user Exciting match ahead! #GreekCup #PAOFC 🏆 Let's see who comes out on top!,Non-toxic,
8025,@user @user @user @user We love you becuse you love MO now become Egyption officially🇾🇪❤️❤️❤️,Non-toxic,
8026,@user you didn’t show us a link up with you and Mainoo x Bruno before leaving 🥺🥺,Non-toxic,
8027,@user @user Αγόρι μου εσύ,Non-toxic,
8028,@user Είσαι ψυχαρα,Non-toxic,
8029,@user @user Παιξε λιγο μπαλα μωρε μλκ,Toxic,
8030,"@user @user Its nota towards the footballers, its towards you",Toxic,
8031,@user Aman king take care 🖤🤍🦅♥️🧿 our best wishes with you be safe 🫶🏼,Non-toxic,
8032,@user @user @user @user @user Brilliant seeing mates like this,Non-toxic,
8033,@user @user You better than Gual and Pekhart together...maybe You can go back to Legia ? 😎,Toxic,
8034,"@user @user George is not with us anymore.I can't believe it, I am so sorry!",Non-toxic,
8035,"@user @user Good luck Colley , wish you best",Non-toxic,
8036,@user thank you for everything in @user. Good luck for new journey,Non-toxic,
8037,@user you are not @user you never have been.  years later.... its time to move on.. for Christ sake leave,Toxic,
8038,@user @user Stay here and i will do your laundry every day,Non-toxic,
8039,@user I really admire your hard work despite all the criticism 😔. I would like to meet you one day.,Non-toxic,
8040,"@user @user Stay here we,the fans,we will pay you,we will sell our houses and our cars!!!Stay here and you will never regret this!!",Non-toxic,
8041,@user @user Come home,Non-toxic,
8042,@user 🥥RIVER PLATE 🥥,Non-toxic,
8043,@user Well said dejan .god bless you .,Non-toxic,
8044,@user @user @user Forget him please 🙏 Don't waste your time on unnecessary things,Non-toxic,
8045,@user Be careful their behaviour. Be smart 90 minutes,Non-toxic,
8046,@user Hi @user I hope you are well. Would you be interested in coming on our podcast talking about your time at Chelsea? Let us know when you can. Thank you.,Non-toxic,
8047,@user quick recovery and stay strong 💪,Non-toxic,
8048,@user Come back to Ghana 🇬🇭 please we need you 🇬🇭🔥,Non-toxic,
8049,@user You invited immigrants to your country. Let them protest for Hamas while they burning your flag.Welcome Europe.Good luck.Eat the shit you invited,Toxic,
8050,@user Come on Brandon come on fire 🔥,Non-toxic,
8051,@user The best ☘️🇧🇷⚽️🔝,Non-toxic,
8052,@user @user @user Don't worry about podence It's all about time😶‍🌫️,Non-toxic,
8053,@user @user We never forget you OMAAARR COLLEEEYYY,Non-toxic,
8054,@user man,Non-toxic,
8055,"@user always will be a 👹, ill never forget your debut goal. Thanks for all of the memories",Non-toxic,
8056,@user when are You releasing your video announcing your departure..??,Non-toxic,
8057,@user @user We also miss you,Non-toxic,
8058,@user Congratulations captain 👏 💙 🙌 💪🏾 ❤,Non-toxic,
8059,@user @user Ναι μωρή τρέλα ☘️💚,Non-toxic,
8060,@user Happy birthday 🎂 Hopefully see you back at Wolves in the summer 🐺,Non-toxic,
8061,@user @user @user  bring him back pleasseeeeee,Non-toxic,
8062,"@user @user We all miss you, Coco! You always played for the shirt 👏👏👏",Non-toxic,
8063,@user Πάμε δυνατά ρε παιχταρα μου ☘️,Non-toxic,
8064,@user a full,Non-toxic,
8065,@user @user i could never hate you goat 🐐,Non-toxic,
8066,@user  assist,Non-toxic,
8067,@user @user MY MIDFIELD DUO &gt;&gt;&gt;,Toxic,
8068,@user Ψυχάρα ⚪⚫💪✌️,Non-toxic,
8069,@user Go to sleep beast its too late for athletes-champions,Non-toxic,
8070,@user Ayy bra God is at it again with the new releases. Which one is this one?💀,Toxic,
8071,@user @user Wtf 😭😭😭,Toxic,
8072,@user @user Why are you feeling bad about it? If you actually have information then reveal. The way you revealed so much about vaccines.,Toxic,
8073,@user @user Good luck bro 🦅,Non-toxic,
8074,@user Please update your status Congratulations 👏🏻🎉🎉,Non-toxic,
8075,@user @user We will remember you as a scorer from the corner kicks. Thanks for your effords for Beşiktaş...,Non-toxic,
8076,@user Σε καλό σου παιδάκι μου ...πνίγηκα🤮🤮🤮,Toxic,
8077,@user @user Hello Santiago I'm a big fan of you and I love the passion you provide to Olympiacos by your outstanding performances!!I would like to tell you how I can showcase your personal brand by eye-catching visuals.  Can I have some minutes to showcase you some studies 🙏🏼???,Non-toxic,
8078,@user a jakkk,Non-toxic,
8079,@user Lolo..?? Where are you ? @user @user,Non-toxic,
8080,@user Παικταραααα,Non-toxic,
8081,@user @user @user MAGICIAN✨✨💚☘️💦,Non-toxic,
8082,@user king 🐙💚,Non-toxic,
8083,@user @user @user @user Mo salah🤩🤩Egypt,Non-toxic,
8084,@user Έβαλες γκολάρα.,Non-toxic,
8085,@user @user Congratulations☘️☘️,Non-toxic,
8086,@user @user come to fener,Non-toxic,
8087,@user Προσεχε το πουλι σου και την υπογραφή σου στον ΠΑΟΚ,Toxic,
8088,@user One more for your collection Brandonara,Non-toxic,
8089,@user forever one of my favorites ❤️ #TonyMartialScoresAgain,Non-toxic,
8090,@user @user Thanks for everything big eagle Omar. 🦅Good luck for the future.  We love you..🤍🖤,Non-toxic,
8091,@user @user goat,Non-toxic,
8092,@user Ανεβα λίγο ρε μαγκα αντεεε☘️,Non-toxic,
8093,@user @user Good luck bro 🫡🦅🦅🦅,Non-toxic,
8094,@user @user Merci YY !,Non-toxic,
8095,@user @user Πάμε μωρη παιχτάρα εγώ σε πιστεύω,Non-toxic,
8096,@user @user Good luck Omar 🦅,Non-toxic,
8097,@user @user And all the best for tomorrow night Erik. Everywhere you go 🎶,Non-toxic,
8098,@user You will always be remembered as a STL inaugural player.,Non-toxic,
8099,@user    Here is all your goals you scored for the club so Man Utd fans we are going to miss you for being at the club and in the team too so good luck for the future Anthony,Non-toxic,
8100,@user What a baller,Non-toxic,
8101,@user Stay safe Lovren ♥️,Non-toxic,
8102,@user Get well soon baba,Non-toxic,
8103,"@user Σωτηράκη, εμείς έτσι σε φωνάζουμε από αγάπη. Σήμερα θα βάλεις γκολ φιλαράκι και θα ανοίξεις λογαριασμό. Και κάτι ακόμα, άνοιξε βρε το τουιτερ.",Non-toxic,
8104,@user Καλή ανάρρωση παικταρά,Non-toxic,
8105,@user please leave #PAOK,Toxic,
8106,@user @user Τι τούς έκανες παιχταρα μου,Non-toxic,
8107,@user @user new season - new you. Για αλλαγή λοιπόν ας κυνηγήσουμε και καμια χαμένη μπάλα. Ναι αγορίνα μου?,Toxic,
8108,@user Μεγάλε Baba!,Non-toxic,
8109,@user The King always loves his People!,Non-toxic,
8110,@user @user ΠΡΆΣΙΝΑ ΦΟΡΆΝΕ ΑΥΤΟΊ ΠΟΥ ΣΑΣ ΓΑΜΑΝΕπάμε τζουρι,Toxic,
8111,"@user @user @user @user We hope you enjoy this beautiful, light, testy Egyptian public food.😋",Non-toxic,
8112,@user Happy birthday king ❤️,Non-toxic,
8113,@user JebacDimarco123,Non-toxic,
8114,@user μη στεναχωριέσαι αγόρι μου εσύ θα βάλεις γκολάρα τίτλου στο Γαυρολαου #paokpao,Non-toxic,
8115,@user Here's to praying you get your groove on and we see more of you on this level during the whole year. stay healthy!,Non-toxic,
8116,@user Are you a chelsea player still ?,Toxic,
8117,@user You became member of our family και αυτό ειναι μόνο η αρχή,Non-toxic,
8118,@user Γαμια δίδαξε τούς σήμερα,Toxic,
8119,@user @user You are the Man! 🤩,Non-toxic,
8120,"@user All the best, get well soon.",Non-toxic,
8121,@user @user Commentator didn’t even realise it was a Rabona!,Non-toxic,
8122,@user Thank you BABA!! You deserve it after give everything all season. We love you…,Non-toxic,
8123,@user Always believe in….,Non-toxic,
8124,@user @user Panathinaikos fans are expecting a lot from the team . Do your best 💪🏻☘️ please,Non-toxic,
8125,@user @user Samet Akaydın is the worst defender in Turkish history. hahaha are you really playing that 😂😂,Toxic,
8126,@user A true and OG friend God bless u both and merry Christmas Dejan 🤶 🥰,Non-toxic,
8127,@user @user ☘️χυστη Γουιλιαν 💦💦💦,Toxic,
8128,@user U are improving. Keep going,Non-toxic,
8129,@user Champ🏆🔥💙,Non-toxic,
8130,"@user @user Dejan, I criticized you &amp; I can guarantee you that I am not a fake fan. If you cannot see the problem with you offering your opinion on Salah's contract situation, suggesting he wants to leave in this moment then something is definitely wrong in your head! You're out of line!",Toxic,
8131,@user @user miss you too babes x,Non-toxic,
8132,@user @user F*ck foreign limitations!! We’ll miss you bro!,Toxic,
8133,@user We bless God,Non-toxic,
8134,@user @user Είσαι ΓΑΜΙΑΣ!!!,Toxic,
8135,"@user @user Goodbye Fella, thank you for all",Non-toxic,
8136,@user Χρόνια πολλά παιχταρα! 🔴⚪,Non-toxic,
8137,@user @user We miss you too! 💙,Non-toxic,
8138,"@user @user You did great mate! Keep going, we trust you 🖤🤍",Non-toxic,
8139,@user Congratulations captain 🦂🇬🇲⚽️💪,Non-toxic,
8140,"@user Γεια σου Μπαμπά, γαμώ τον Πειραιά!🖤🤍💪🦾",Toxic,
8141,@user Please today is my birthday 🎂,Non-toxic,
8142,@user Αγαπημένε μας!!!,Non-toxic,
8143,@user Streets will never forget you legend 🐐🐐,Non-toxic,
8144,@user Μπήκε και τουιτερ ο 🪄,Toxic,
8145,@user Champ,Non-toxic,
8146,@user I love you very very much !,Non-toxic,
8147,@user Come to Red Star bro! 🔴⚪️,Non-toxic,
8148,"@user @user Finish the job on Thursday Filip! Do it for the millions of us, Panathinaikos' fans!",Non-toxic,
8149,@user Μας έλειψε η τρέλα σού ρε επταλοφιτη,Non-toxic,
8150,@user @user Goat ♥️🤍,Non-toxic,
8151,@user @user @user Congratz on your first goal Jason,Non-toxic,
8152,@user @user maybe you know the centre-back position? just in case...,Toxic,
8153,@user @user U have quality keep upgrading Very good so far,Non-toxic,
8154,@user @user I miss u coco,Non-toxic,
8155,@user Μην αφήσεις τίποτα όρθια βουνό μου,Non-toxic,
8156,@user @user @user ΓΑΜΑ ΤΑ ΟΛΑ ΤΖΟΥΡΙ ΑΛΑΝΙ #paofc ☘️☘️☘️,Toxic,
8157,@user Have a good year dej❤️,Non-toxic,
8158,@user Keep going Krzychu! Thanks for all and good luck! 👊🏻⚽️,Non-toxic,
8159,@user you be baller? Tswwwwww!!! 😂🔥,Toxic,
8160,@user @user Dejan wore that shirt with immense pride !! Great player,Non-toxic,
8161,@user @user You are a legend!,Non-toxic,
8162,@user Amen Degsy,Non-toxic,
8163,@user out for 10 weeks..? 😂😂😂😂Not sure if it's a loss or not Play @user,Toxic,
8164,@user Welcome 🤗 back with the goal ⚽️! 🥰 😆,Non-toxic,
8165,"@user @user Hey Kristoffer, what do you think about my new hairstyle? It's called ""fryzura na cwela""",Non-toxic,
8166,@user  let go back 💙👍🏻😎#COYS,Non-toxic,
8167,@user @user Good luck at paok. We always remember you  as a never give up fighter.,Non-toxic,
8168,@user Lets go Baba!!!We are all with yWE CAN DO IT,Non-toxic,
8169,@user @user Ily,Non-toxic,
8170,"@user Many times in G4 we say I have no strength to continue but there is always a brother next to us who says ""get up, you are PAOK and we never give up"". That's how we made this club huge despite the pitfallsYou're one of us, so it's imperative that you get back up.✊",Non-toxic,
8171,"@user Congratulations, O J. We are proud you, Captain fantastic 🎉🎉👏🏽",Non-toxic,
8172,@user Αυτο,Non-toxic,
8173,@user Get well soon!!!!!!,Non-toxic,
8174,@user Once had the jukebox turned off in Stone Roses bar in York for spending £15 requesting Gold by Spandeu Ballet back to back for 45 minutes @user,Non-toxic,
8175,@user @user @user Keep it up maestro,Non-toxic,
8176,@user @user We expect some Filip's  magic stuff for Wednesday's match bro ☘️⚽️💪.,Non-toxic,
8177,@user @user Merci YY ❤️🤍 !,Non-toxic,
8178,@user @user Welcome μωρή παιχτουρα!!!,Toxic,
8179,@user @user @user @user Im crying 🤣🤣 what an ad. Egypt 🔥🇪🇬,Non-toxic,
8180,@user love this lad ❤️,Non-toxic,
8181,"@user @user Αν πιάσει την απόδοση που είχε τον πρώτο μήνα,η ομάδα έχει ελπίδες για κάτι καλό",Non-toxic,
8182,@user @user Thanks for ewerything bro...!❤️!,Non-toxic,
8183,"@user @user Good luck bro.. You are our ""üzümlü kek"" 😊",Non-toxic,
8184,@user THANK YOU FOR YOUR PRESENCE IN OUR TEAM,Non-toxic,
8185,@user More Allah blessings,Non-toxic,
8186,@user Speedy recovery 🙏,Non-toxic,
8187,"@user @user Good luck my man, wishing you all the best. Don’t forget us ⚫️⚪️🦅🇹🇷",Non-toxic,
8188,@user μωρη τρέλα παιχταρα παοκαρα ο καλύτερος παιχτης παλι χθες,Non-toxic,
8189,@user @user @user Wish u a healthy and productive year with most decorated Greek football team!,Non-toxic,
8190,@user @user @user You deserved everything you earned and contributed to this team. A honored man you’re!,Non-toxic,
8191,@user Rest well. We wish you quick recovery good Brother. Godspeed.,Non-toxic,
8192,@user @user Παίξε μπάλα ρε σαράβαλο,Toxic,
8193,@user Η Παναγιά μαζί σου παλικάρι μου 🙏🏻,Non-toxic,
8194,"@user It's Danny Rose on his.... Oh wait no, it's Erik Lamela for AEK Athens 🎯",Non-toxic,
8195,@user You’re too kinda …❤️ nothing but ❤️,Non-toxic,
8196,@user @user You are such a great character. Wishing you all the best.,Non-toxic,
8197,@user Let's go Filip!✌️💪⚔️☘️💚,Non-toxic,
8198,@user Jesus cunt,Toxic,
8199,@user doesn't want to lose his £250k  in the last six months of his contract,Toxic,
8200,"@user @user You are an excellent character. You are an excellent warrior. We will always remember you well. Once an eagle, always an eagle. Good luck in paok. May luck and happiness always be with you brother.  🦅🦅🦅🤍🖤🦅🦅🦅@user",Non-toxic,
8201,@user @user True,Non-toxic,
8202,@user u held us hostage for almost 10years and u did achieve anything meaningful at as a striker.. Bure kabisa,Toxic,
8203,"@user Μωρή παικτούρα, τι θωρηκτό είσαι ρε πούστη!!! 🦅⚫⚪⚫⚪🦅💪",Toxic,
8204,@user come to Legiaspor,Non-toxic,
8205,"@user @user thanks amigo, lads read scriptures upside down.",Non-toxic,
8206,@user ε ρε και να εμπαινε το δοκαρι του Οζντόεφ......το γκολ της χρονιας και ας ειμαστε στην αρχη,Non-toxic,
8207,@user Best of luck champ 🏆,Non-toxic,
8208,"@user Our thoughts go out to you and Fabio Grosso, we're all with you at this difficult time 🔴🔵",Non-toxic,
8209,@user COYS🤍,Non-toxic,
8210,@user Go higher 🙌🏾,Non-toxic,
8211,@user welcome to @user 💪💙🤍,Non-toxic,
8212,@user @user We miss you,Non-toxic,
8213,@user Thank you for making this kids year! He can’t wait to order your como jersey!!!,Non-toxic,
8214,@user  you can’t do this to me,Non-toxic,
8215,"@user Alhamdulilah, prayers and blessing of the nation are with you folks. 🤲🏾🤲🏿",Non-toxic,
8216,@user We are not. They are! Thanks for everything you do!,Non-toxic,
8217,@user Welcome 🙏,Non-toxic,
8218,@user More wins to come Baba. You guys were awesome this season ⚽💥🤝🏆,Non-toxic,
8219,@user COME BAXK TO SPURS KING I MISS YOU SO MUCH🥲🥲🥲🥲😢😢😢😢😢😢,Non-toxic,
8220,@user Legends!,Non-toxic,
8221,@user&amp; @user are the best Manchester United attacking duo I have  ever seen since I started watching Man Utd games.,Non-toxic,
8222,@user You are just amazing...Respect...,Non-toxic,
8223,@user Speedy recovery.  May Allah keep you safe,Non-toxic,
8224,@user Filip παίξε όπως έπαιξες στην Αθήνα και στο Μιλάνο. Σε λατρεύουμε!!! ☘️☘️☘️☘️,Non-toxic,
8225,@user He is calling you the match MVP mate and for what it’s worth I agree.Keep enjoying,Non-toxic,
8226,@user @user Φίλιπ ☘️ 💪 Απλά τα πράγματα σήμερα. Μπείτε μέσα Και,Non-toxic,
8227,@user @user Honor! 🙌🙌🙌,Non-toxic,
8228,@user Contact Kilmarnock I'm sure the killie  would love to have you back 👀,Non-toxic,
8229,@user No man I didn’t want to bother you! Much love 🙏🏻🙏🏻,Non-toxic,
8230,@user @user We will always remember you as a good man. Thank you for your contribution.,Non-toxic,
8231,@user Andrut Goat,Toxic,
8232,@user Congrats !!!! 🖤🤍🙏,Non-toxic,
8233,"@user You take hong kong cup you figa you be boss ,you no know anything okay",Toxic,
8234,@user God is in control and will make a way where it’s seems to be no way player,Non-toxic,
8235,@user @user Go go go. Lets do it brate,Non-toxic,
8236,@user come to @user! We need a striker like you to go back to Serie A 🔵⚪️🔴⚫️⚪️🔵,Non-toxic,
8237,"@user Hope you have a great season at Wolves , quality player 👏",Non-toxic,
8238,@user @user Have you back in a heartbeat,Non-toxic,
8239,@user They don’t respect you bro.See you in Piraeus next January 🔴⚪️,Non-toxic,
8240,@user @user @user Κανόνισε μαλακα πιστεύουμε σε εσένα,Toxic,
8241,@user THANK YOU FOR EVERYTHING HAPPY NEW YEAR HEALTH FOR YOU &amp; YOUR LOVED ONES,Non-toxic,
8242,@user @user Professional athletes speak in the pitch. Good luck,Non-toxic,
8243,@user @user 💚☘️ Djuri,Non-toxic,
8244,"@user Happy New Year to you and to your family... helth, happiness.... smiles... and of course ΜΟΝΟ ΑΕΚ... Vamos.!!!!!!!",Non-toxic,
8245,"@user @user Ιδού η Ρόδος, ιδού και το πήδημα !!! ☘️☘️☘️",Toxic,
8246,@user Good luck! 😀,Non-toxic,
8247,@user Back to pools,Non-toxic,
8248,"@user As a captain and key player for taifa stars, he did well.Morocco was a better team than Tanzania on the pitch.@user",Non-toxic,
8249,@user @user Thank you Omar 🥹🙏🏽,Non-toxic,
8250,"@user Brother, you played the ball forward and threw 3 of the 5 balls back to the goalkeeper. Please brother, play forward..🦅",Non-toxic,
8251,@user please dont get near him when You see him,Non-toxic,
8252,@user Lovren will always have his back. Friends for Life,Non-toxic,
8253,@user @user Good Luck Eagle Hearted...🦅,Non-toxic,
8254,"@user @user So maybe meeting - only players with fans in City Park. We might see how you feel after terrible season, and before upcoming one. U'd see if u can still count on us. Amazing ,spontanious ocasion 2 clear atmosphere and build again hope in supportes hurted souls.",Non-toxic,
8255,@user Congratulations @user Keep up the good work. Well done!!,Non-toxic,
8256,"@user He’s also not celebrating the religious side of the Christmas, but the magic and positivity of it! Plenty celebrate a non-religious Christmas, this is normal. His message is powerful in these times of conflict. Happy Christmas @user and @user #YNWA",Non-toxic,
8257,@user Hopefully your staying with us 🙏🏻,Non-toxic,
8258,@user @user Truly one of us! 💙,Non-toxic,
8259,@user ΕΙΣΑΙ ΓΑΜΙΑΣ ΚΑΙ ΣΑΔΙΣΤΗΣ ΑΡΡΩΣΤΕ ΣΕΡΒΕ 💦 #paofc,Toxic,
8260,"@user Brandon σήμερα περνάμε στην επόμενη φάση και ο ΠΑΟΚ γράφει ιστορία. Καλή επιτυχία, λύσσα για την νίκη. Είσαι ένας από εμάς. ⚪⚫💪✌️",Non-toxic,
8261,"@user Get well soon lad, we want to see you well and playing in Karaiskakis against us...",Non-toxic,
8262,@user @user Thank you for your amazing logic dejan. Happy holidays ❤️,Non-toxic,
8263,"@user Literally just seen this, we should sign this guy!",Non-toxic,
8264,@user i love you coco,Non-toxic,
8265,@user @user Fazio was shooketh,Non-toxic,
8266,"@user @user You beautiful man, we love you!",Non-toxic,
8267,@user @user We Love YouRepublic Of Fenerbahçe,Non-toxic,
8268,@user @user Come back cheers 👍,Non-toxic,
8269,@user @user Good luck ☘️💚,Non-toxic,
8270,@user Μεγάλε Μπάμπα,Non-toxic,
8271,"@user, φέρε μας το Ευρωπαϊκό. #OlympiacosFC",Non-toxic,
8272,@user you can leave our club ! We are in safer hands #paofc,Toxic,
8273,@user Come to Legia!,Non-toxic,
8274,@user @user I hope in the future you become a coach so we can see more players with your determination and imagination. You were missed after you left. All the best.,Non-toxic,
8275,@user Έτσι ρε Ράχμαν. Αυτό το πνεύμα θέλουμε!,Non-toxic,
8276,@user @user He’s a good lad 👍🏻,Non-toxic,
8277,@user Εσύ! 💪🏻,Non-toxic,
8278,@user @user Πάμε μικρό μου πιτμπουλ,Non-toxic,
8279,@user ΣΕ ΑΓΑΠΩ 🖤🖤,Non-toxic,
8280,@user @user Always a Spurs boy Coco,Non-toxic,
8281,"@user @user Good Luck Omar, thanks for everything. Respect to Colley name!",Non-toxic,
8282,"@user @user Get the win, score a hat-trick and drive us crazy.",Non-toxic,
8283,@user Ευχαριστούμε πολύ και για χθες. We love you deeply man!!,Non-toxic,
8284,@user @user  CHIVAHERMANO‼️‼️‼️,Non-toxic,
8285,@user @user We believe you re paixtara show us who you are ☘️☘️,Non-toxic,
8286,@user Rel,Non-toxic,
8287,@user @user Μεξικανε ΓΑΜΙΑ θα φάω για πάρτι σου Τάκος και Φαχιτας μέχρι να βγάλω αιμορροΐδες,Toxic,
8288,@user ΜΠΑΜΠΑ ΣΤΑΜΑΤΑ ΔΕ ΜΑΣ ΠΕΦΤΕΙ ΑΠΟ ΧΘΕΣ,Toxic,
8289,@user Γεια σου Μπαμπη κομμαντο!!!,Non-toxic,
8290,@user......My heart is shattered 💔,Non-toxic,
8291,@user Congratulations! 🥂🥳,Non-toxic,
8292,@user Good luck Krzychu,Non-toxic,
8293,@user @user We are so happy for you.,Non-toxic,
8294,@user Gone sorry :( x,Non-toxic,
8295,"@user είσαι τεράστια παιχτάρα, τεράστια",Non-toxic,
8296,@user @user Thank you Omar 🦅,Non-toxic,
8297,@user This is horrendous I hope all involved are ok ❤️,Non-toxic,
8298,@user how do you pronounce your last name big man?,Non-toxic,
8299,@user You definitely have the swagger to be part of the pack when you come back,Non-toxic,
8300,"@user @user Thanks for your time in Lech, you were best foreign winger we had for years, good luck in Olympiacos!  🔵⚪",Non-toxic,
8301,@user I seen a kid in a Lamela shirt at the parade yesterday 👊🏻,Non-toxic,
8302,@user @user Είσαι παιχταράς,Non-toxic,
8303,"@user @user We miss you too, Coco!!",Non-toxic,
8304,@user Come back to wolves bro 🧡🖤,Non-toxic,
8305,@user Μπράβο παιχταρα,Non-toxic,
8306,@user Τι πλάκα έχει το Google translate.. χαχαχαΑλάνι μου,Non-toxic,
8307,@user Finish the job in Italy man. Do it for million Panathinaikos fans and make us happy ☘️,Non-toxic,
8308,@user έλα Ολυμπιακό,Non-toxic,
8309,@user 𝑺𝒕𝒂𝒚 𝒔𝒕𝒓𝒐𝒏𝒈.𝑻𝒓𝒖𝒔𝒕 𝒚𝒐𝒖 𝒂𝒏𝒅 𝒕𝒉𝒆 𝒕𝒆𝒂𝒎 𝑻𝒐 𝑩𝒐𝒖𝒏𝒄𝒆 𝒃𝒂𝒄𝒌,Non-toxic,
8310,"@user ΓΑΜΙΑ ΕΡΙΚ, ΜΕΙΝΕ ΥΓΙΗΣ ΜΩΡΗ ΚΑΨΟΥΡΑ 💛💛💛💛💛💛💛",Toxic,
8311,@user the United family will miss you. Injuries didn't allow us to see the best of you but the memories shared will never be forgotten. More success awaits you,Non-toxic,
8312,@user Happy Birthday kidda. Look forward to se you back.,Non-toxic,
8313,@user ΤΖΟΥΡΙ ΠΑΜΕ ΤΟ ΧΟΥΜΕ ΚΑΝΟΝΙΣΕ ΤΗΝ ΠΟΡΕΙΑ ΣΟΥ,Non-toxic,
8314,@user Stayyyyy 🐺,Non-toxic,
8315,@user μείνε στον ΠΑΟΚ άλλη μια χρόνια ρε μαλακα 🤍🤍,Toxic,
8316,@user @user @user @user hope u liked egyptian food😭🫶🏻,Non-toxic,
8317,@user @user @user Good luck tomorrow ☘️💚,Non-toxic,
8318,@user Is your heart and mind open to everyone? Your previous social media posts suggest perhaps not.,Non-toxic,
8319,@user His heart is pure …,Non-toxic,
8320,@user The Greek Iniesta 🌟🔴⚪️,Non-toxic,
8321,"@user @user Go away, you are miserable player and even worse person. You are alredy on transfer list,good bye fat cat!",Toxic,
8322,@user HAPPY BIRTHDAY HEALTH &lt;3 &lt;3 &lt;3 &lt;3,Non-toxic,
8323,@user You'll be remembered here my friend a hero from the darkest days.Wishing you very good luck anywhere you go.,Non-toxic,
8324,@user Go get them Captaino !,Non-toxic,
8325,@user @user Mate you got rinsed In the midfield,Toxic,
8326,@user Good luck on the new adventure Jason💙,Non-toxic,
8327,@user @user We wont. Dont worry 😂,Non-toxic,
8328,@user @user Shit defender talking shit🤣😂😂,Toxic,
8329,@user But the Black Stars call up nu dier you no go get.,Non-toxic,
8330,@user Boss player,Non-toxic,
8331,@user @user Great game😍,Non-toxic,
8332,@user We love you,Non-toxic,
8333,@user Vamos παικταρά μου πατήστε τους σήμερα,Toxic,
8334,@user Stay strong mate,Non-toxic,
8335,@user @user Then.. fight until the end!!,Non-toxic,
8336,@user @user COYS 💙,Non-toxic,
8337,@user Ευχαριστούμε για όλα παικταρα μου!!!,Non-toxic,
8338,@user @user Looking forward to seeing you back in the Wolf pack,Non-toxic,
8339,@user Once a blue always a blue 💙,Non-toxic,
8340,@user @user I m waiting for the day that Matias Almeyda is going to use you as a goalkeeper.,Non-toxic,
8341,@user Μπράβο,Non-toxic,
8342,@user I know you got one more season in you for me,Non-toxic,
8343,@user Same fight,Non-toxic,
8344,@user Good luck in Greece Jason. To bad we won’t see you coaching our kids just yet. Allways welcome though.Rob (Chairman RKSV Heer),Non-toxic,
8345,@user Come to Hartlepool!,Non-toxic,
8346,@user come to inter and lets make movies 🖤💙,Non-toxic,
8347,@user Baba please come back to the team,Non-toxic,
8348,@user idolo please one last dance before leaving 🙏,Non-toxic,
8349,@user MVP 23-24,Non-toxic,
8350,@user What a goal 💙🤍,Non-toxic,
8351,@user Thank God..grateful..,Non-toxic,
8352,@user Congrats Baba. Abeg i go get your jersey some?🙏🏽,Non-toxic,
8353,@user Congratulations 👏🏿👏🏿,Non-toxic,
8354,@user ΓΑΜΗΣΤΕ ΤΟΥΣ,Toxic,
8355,@user Best 🔥🔥❤️👌,Non-toxic,
8356,"@user Alani, one of us 🤍🖤",Non-toxic,
8357,@user @user Thank You @user  🙏🙏🙏 Good Bye 👏👏👏,Non-toxic,
8358,@user we love you Baba.Keep working,Non-toxic,
8359,@user And yet Muslim radicals will criticize him and Christian radicals will belittle his gesture.They can't see compassion and love when they are blind to it and stuck in petty infighting.Pope Francis message.. people in the streets in a few cities.Enough deaths!,Non-toxic,
8360,"@user @user You were made of South Melbourne &amp; even though you never played for the club, will always be considered part of the #SMFC family.",Non-toxic,
8361,@user Congratulations ❤️,Non-toxic,
8362,@user Congratulations @user 🖤🤍⚽️,Non-toxic,
8363,@user @user @user your house!!,Toxic,
8364,@user @user You’ll Never Walk Alone ❤️,Non-toxic,
8365,@user @user Oh Captain my captain 💚☘️☘️☘️☘️☘️,Non-toxic,
8366,@user Πάμε για την νικη,Non-toxic,
8367,@user Ah you still play football?,Toxic,
8368,@user You should've retired along time ago but God's grace saved you 🙏,Toxic,
8369,@user @user Congrats @user ❤️💚,Non-toxic,
8370,@user @user We love you bro. YNWA,Non-toxic,
8371,@user Περαστικά και σιδερένιος,Non-toxic,
8372,@user @user @user @user I love you because Salah loves you❤️,Non-toxic,
8373,"@user @user but no one came and saw i’m sorry. no one. all that u did was talking shit in winter about John.And then silence.What was your expectations?we are mad at you,we dont wanna see almost everyone from that team in our club’s shirt.we didnt heard apologiom.again, what did you expect?",Toxic,
8374,@user you will not be forgotten. I will tell stories to my grandchildren about you. 😢😢,Non-toxic,
8375,"@user @user You played shit all season, and now you are offended because he called you fat cat ?",Toxic,
8376,@user @user Quypge,Non-toxic,
8377,@user @user LFG ☘️ 💪,Non-toxic,
8378,"@user είναι τρελός, είναι τρελός...",Non-toxic,
8379,@user hope you're coming to Forest and not Olympiakos.  We need a player of your quality.,Non-toxic,
8380,"@user Alaye your family name na street for Orile Agege, Lagos, Nigeria 🇳🇬 … the motherland would welcome you if you choose @user ….",Non-toxic,
8381,@user climbed from the bench to score the match winner for PAOK in their 1-2 win over Asteras Tripolis in the Greek Super League..,Non-toxic,
8382,@user Do you still remember Yannick Bolasie?,Non-toxic,
8383,@user @user Παιξε λιγο μπαλα σε παρακαλω 😭😭😭,Toxic,
8384,@user @user Μπράβο ρε μάγκες πολύ καλή εμφάνιση. Όσο για εσένα κύριε Αραο είσαι παιχταράς με τεράστιο πάθος και θέληση για την νίκη. ☘️☘️,Non-toxic,
8385,@user Go Coco #COYS 💯💯,Non-toxic,
8386,@user Man will we see ever back at an mv kit?,Non-toxic,
8387,@user Best of your kind ♥️🔥🔥🔥,Non-toxic,
8388,@user @user @user @user Alexandriaaaaaaaa at 1st 🌊😎,Non-toxic,
8389,@user @user Yo @user watch this,Non-toxic,
8390,@user It's you 👍,Non-toxic,
8391,"@user Colley, we love you but please leave Besiktas for the good of Besiktas 🙏🙏",Toxic,
8392,@user Babiiiiiiiiiii...Thank you and all the team for everything this year but most of all for fighting and never giving up!!!,Non-toxic,
8393,@user Το καλοκαίρι ψάχνεις ομάδα και παίρνεις δρόμο,Toxic,
8394,@user @user Why do my actions have consequences? Fake fans.,Toxic,
8395,@user showing Mo support after all the hate he received. Legend ❤️#LFC,Non-toxic,
8396,@user Good Morning!,Non-toxic,
8397,"@user Ούτε 30 λεπτά δεν θα είναι αρκετό για σένα,για τα highlights και τα γκολ",Non-toxic,
8398,@user  thank you very much 🦅,Non-toxic,
8399,@user (L),Non-toxic,
8400,@user Thank you legend ❣️💫💫,Non-toxic,
8401,@user αυτη ειναι ωραια φαβελα,Non-toxic,
8402,@user any where you go I go You gave me hope   We made memories together You will cover be a red my 🐐,Non-toxic,
8403,"@user @user @user I am sure you will have your greatest year, Gelson!!!",Non-toxic,
8404,@user The majority condemning him are his own Muslim people who are holier than the Prophet. It's their way. They're sadistic and they show no respect for other people's religion contrary to the holy Prohet Muhammed (S.A.W) teachings &amp; preaching of religious tolerance. Q109:6,Toxic,
8405,@user Σε αγαπαω,Non-toxic,
8406,"@user @user Prove it!!!!!!!!!!!!!!!!!!!!! Less talk, more results!!!! Good luck",Non-toxic,
8407,@user @user Καλή επιτυχία στην καριέρα σου τεράστιε Ματιέ εδώ στον Πειραιά θα είναι το σπίτι σου πάντα 🔴⚪🔴⚪,Non-toxic,
8408,@user @user Still Spurs!,Non-toxic,
8409,@user congratulation Dear,Non-toxic,
8410,@user ΠΑΙΚΤΑΡΑ ΜΟΥ ΣΕ ΑΓΑΠΩ🔴⚪️,Non-toxic,
8411,@user @user We miss you too 🤍,Non-toxic,
8412,"@user Speedy Recovery, G 🙏",Non-toxic,
8413,"@user @user Colley the magnificent eagle, thank you...",Non-toxic,
8414,@user and @user were eliminated from the Greek Football Cup in the Semis. #AllForCITY,Non-toxic,
8415,@user @user Another great and passionate game mate. Keep it up.,Non-toxic,
8416,@user @user @user @user @user Grande Ruben 💪🏻💪🏻💪🏻,Non-toxic,
8417,@user @user @user Good luck tomorrow 🔥🔥,Non-toxic,
8418,@user @user come back and win us the prem erik 🇦🇷👑,Non-toxic,
8419,@user @user @user @user The dynamic duo are back baby 😍⚽️💪,Non-toxic,
8420,@user ΠΑΟΚ,Non-toxic,
8421,@user @user Hello mr fat cat come to Cracovia please,Toxic,
8422,@user a game changing performance keep it up.,Non-toxic,
8423,@user Spurs star still shining brightly ⭐️🇦🇷,Non-toxic,
8424,@user Come home Coco. #COYS,Non-toxic,
8425,@user @user Stay in @user and I will transfer you two of my properties!,Non-toxic,
8426,@user Baba παιχταρα!,Non-toxic,
8427,@user You're making me proud,Non-toxic,
8428,@user Love you Filip👏💪✌️🙌☘️💚,Non-toxic,
8429,"@user @user Yeah, maybe actually play good at an important match for a change and then make statements...",Toxic,
8430,@user  with Coach 🇬🇲,Non-toxic,
8431,@user first goal for Apollon was a belter!,Non-toxic,
8432,@user Keep going @user 🙌🙏🏽🔥,Non-toxic,
8433,"@user We hope never to see you in MLS again, you racist, go to hell, you and your kind.",Toxic,
8434,"@user @user Fenerbahce Legend, Little Prince:)",Non-toxic,
8435,"@user So sorry for your losses, I can't imagine how difficult it was for you, but your professionalism, your dignity, your passion showed some qualities... You are a man of honour Taison Barcellos and we will never forget that, we are grateful and honoured to have you play at Toumpa",Non-toxic,
8436,@user hahciu ❤❤❤,Non-toxic,
8437,@user Congrats 🙌,Non-toxic,
8438,Congratulations 🎊 👏❤️,Non-toxic,
8439,Welcome 🙌💛🖤💪,Non-toxic,
8440,What a player 🔥🔥👏👏,Non-toxic,
8441,Congratulations !!,Non-toxic,
8442,Unleash your true potential and do the best for the club I wish you only the best Jonsson GOOD LUCK WARRIOR,Non-toxic,
8443,WORK WORK WORK FOCUS !,Non-toxic,
8444,"Thank you for all your effort Pavlas, even you played in second division for supporting us instead of leave. I as a Bremen Fan will be always grateful for all that you give to us. What Werder board did to you, is unacceptable, and by the years going they will recognize you like the legend that you re for us the fans. 💚🦑",Non-toxic,
8445,READY TO HE CHAMPION AGAIN? 🙌🏻🔜🏆,Non-toxic,
8446,"What an amazing goal you scored,bravo re magka mou",Non-toxic,
8447,"Come back stronger brother, we are all with you 🖤🤍🖤🤍🖤",Non-toxic,
8448,Welcome!!!,Non-toxic,
8449,Congratulations brother 👏,Non-toxic,
8450,RM12 🔥❤️,Non-toxic,
8451,STAY FOREVER,Non-toxic,
8452,"Tomorrow you will score a goal, big Kiril.",Non-toxic,
8453,Yes yes yes mon ami 💪🏾,Non-toxic,
8454,Congratulations🙌,Non-toxic,
8455,King of everything💚💚💚💚,Non-toxic,
8456,King,Non-toxic,
8457,GREAT GAME TODAY!!!!!,Non-toxic,
8458,"We need to to come back for a bit, Coco",Non-toxic,
8459,Never in doubt 👏👏👏,Non-toxic,
8460,One of us 🖤🤍 always on your side 🤍🖤🦅🦅,Non-toxic,
8461,That's great!!!👏 Congratulations!!!🥂🎇🥇🏆🥇,Non-toxic,
8462,Thanks Captain! Your home is here!,Non-toxic,
8463,We miss u buddy,Non-toxic,
8464,"Only respect for your work on the pitch, we continue strong together 🙌🙌🙌",Non-toxic,
8465,We love you COLLEY🖤🤍🦅,Non-toxic,
8466,Magician 🪄⚫⚪,Non-toxic,
8467,Livin life❤️,Non-toxic,
8468,Thanks for everything Tom the few times you had you gave your best 💛🖤,Non-toxic,
8469,"Congrats my friend, very happy for you!! ❤️👏🏼",Non-toxic,
8470,Congratulations bro 🙌,Non-toxic,
8471,Legend 💪🏼,Non-toxic,
8472,Top💪,Non-toxic,
8473,Martial 🔥🔥,Non-toxic,
8474,Keep up the hard work💛🦅💣,Non-toxic,
8475,Congrats,Non-toxic,
8476,Get well soon buddy ☘️🙏🙏,Non-toxic,
8477,Happy for you bro 💛👏💣,Non-toxic,
8478,Welcome back Andre 🔴⚪️💦,Non-toxic,
8479,Get well soon☘️👊,Non-toxic,
8480,"I amAll the best to you brother Lovren, I encourage you from Libya 🙌❤️🇭🇷",Non-toxic,
8481,Congratiulation,Non-toxic,
8482,Destroy them tomorrow💛🖤,Toxic,
8483,U R 1 of us🖤💛🖤💛,Non-toxic,
8484,Young zivko is here.⚪️⚫️⚪️⚫️,Non-toxic,
8485,Good luck king 👑💚💚💚,Non-toxic,
8486,What a player !!!! Happy to play for our team !!!,Non-toxic,
8487,My favourite player 💛🖤💛🖤💦💦💦💣💣💣,Non-toxic,
8488,Red LION!,Non-toxic,
8489,My no #47,Non-toxic,
8490,Well Done Daniel!!What a wonderful and crucial goal!!Good luck to the next game!!Vamos Panatha,Non-toxic,
8491,Good Luck my G🔥,Non-toxic,
8492,Congrats my uce!,Non-toxic,
8493,The best CB in the league. 🥶❤️,Non-toxic,
8494,Go away from this Great footbal Club. Pls. Leave the goal To a Goatkeeper. We have enough from Them in Greece. And everyone will be Vetter Then you. Pls. LEAVE,Toxic,
8495,🙌 Fe Ironman!!🙌⚽🏋🏻‍♂️,Non-toxic,
8496,Tom i dont write this comment for likes but honestly last year when everyone was talking about Livai and trusting him and saying he worth 30 millions when the team needed goals to win the championship you been the one who scored the important goals so congratulations for that.,Non-toxic,
8497,Welcome⚫️🟡,Non-toxic,
8498,Big man,Non-toxic,
8499,Focus on the next game. Keep improving team 💪🏽 ☘️🔥,Non-toxic,
8500,It’s your night all of us are with you,Non-toxic,
8501,GOAT,Toxic,
8502,Top 🌟,Non-toxic,
8503,Scorer 😳👏🏼,Non-toxic,
8504,Shola ❤❤,Non-toxic,
8505,MVP🔥,Non-toxic,
8506,Let’s get it bro 🔥,Non-toxic,
8507,King of defence 🔥🔴⚪🦁 🦁,Non-toxic,
8508,Ukrainian tank Roman 💪💪,Toxic,
8509,Best left back in the league🙌🔥! Great performance one more time !,Non-toxic,
8510,Don't worry about mistakes man they happen,Non-toxic,
8511,Bomber🔥,Non-toxic,
8512,"Storms are part of life. The darker they are, the brighter the sky after it clears up. Always be hopeful. Nothing lasts. Your rainbow will emerge to beautify your day when the storm has passed.",Non-toxic,
8513,"Hi, can you look DM? it is important. thanks 📥",Non-toxic,
8514,"Merry Christmas guys, best wishes for the three of you!",Non-toxic,
8515,🙌🙌🙌🙌 enjoy,Non-toxic,
8516,You are best striker 😂,Non-toxic,
8517,This is so handsome,Non-toxic,
8518,Tough cutie 😍,Non-toxic,
8519,Check dm🔥🙌,Non-toxic,
8520,ST,Non-toxic,
8521,We love you rodi❤️🤍,Non-toxic,
8522,Well done brodie!!!,Non-toxic,
8523,Best of luck. Fix the tower please.! 🤣,Non-toxic,
8524,Well done Filip!!! 💚💚💚,Non-toxic,
8525,Come to Aris 🟡⚫,Non-toxic,
8526,Welcome to santos 🏳👑🇧🇷🔟,Non-toxic,
8527,Come back my bro🔴⚪😢,Non-toxic,
8528,He just want to smell you⚔️☘️,Non-toxic,
8529,Love you 💚,Non-toxic,
8530,Don’t beat yourself up about it Rodi. These things happen and it’s a part of the process! Pame Olympiakara!!!!🔥🔥🔥🔥🔥,Non-toxic,
8531,Who prefers him in green🟢🟢??,Non-toxic,
8532,Machines never stop 🦾🔥 Congrats 🙏,Non-toxic,
8533,Stay Strong Alex!!,Non-toxic,
8534,GOAT🔥,Non-toxic,
8535,Happy birthday @user ✨️🎂,Non-toxic,
8536,Well played bro ❤️🚜🚜🚜,Non-toxic,
8537,Good work 👍,Non-toxic,
8538,Congratulations 🤍🤍,Non-toxic,
8539,All the best bro 💪🏿👊🏿,Non-toxic,
8540,One of us tom 🟡⚫,Non-toxic,
8541,what a performance 👏👏👏,Non-toxic,
8542,I will always love you as a united fan,Non-toxic,
8543,Badest player in all history of football 🤮🤮🤮🤢🤢🤢,Toxic,
8544,❤️❤️ We support you,Non-toxic,
8545,That second slide tho 😂,Non-toxic,
8546,The best,Non-toxic,
8547,"Nice performance. This fighting spirit we need, so many headers after your injury, it means a lot. Keep on PAOKing",Non-toxic,
8548,❤️🔥🙌 You are a true captain!! Now let’s go get the Greek championship and we will see you in the champions league in six months!!!,Non-toxic,
8549,Koita will be the best Lw in super league,Non-toxic,
8550,Keep rising young fella 💪🏾🔥💙,Non-toxic,
8551,@user.a_durden,Non-toxic,
8552,We continue🪬,Non-toxic,
8553,welcome back🖤💛🖤💛,Non-toxic,
8554,Thank you Krzychu 😢💙🤍👊,Non-toxic,
8555,Top,Non-toxic,
8556,"KALLITHEA , NO AK 💙💙 You are perfect , thanks for all …",Non-toxic,
8557,GOAT,Non-toxic,
8558,Be strong Alex! 👏👏👏,Non-toxic,
8559,Stay im Wisła and become a Legend!,Non-toxic,
8560,Magic,Non-toxic,
8561,Let's go paokara. The best goalkeeper..,Non-toxic,
8562,Love you Tai....one of us 👏🦅⚪⚫,Non-toxic,
8563,Direct 🔥,Non-toxic,
8564,DO NOT EVEN THINK ABOYT LEAVING US!! YOUR HOME AND YOUR FAMILY IS HERE! ARIS!!!,Toxic,
8565,HERE IS YOUR HOUSE WELCOME BACK 🔴⚪🪄🇵🇹,Non-toxic,
8566,"Beloved we want you, we need you and we love you. We all make mistakes. There is also a rematch. Don't be upset. Talk to PAOK and the coach. Stay🖤🤍",Non-toxic,
8567,Go home you fuck us,Toxic,
8568,Congratulations bro. Na this one sweet me pass,Non-toxic,
8569,#plzeniswaiting,Non-toxic,
8570,Every week !,Non-toxic,
8571,YOU ARE THE BEST FILEEE ❤️🤍❤️🤍💦💦,Non-toxic,
8572,Was good to see you back ❤️,Non-toxic,
8573,Good luck 🤞. Thank you very much 👏👏👏,Non-toxic,
8574,Never the best goal that season,Non-toxic,
8575,Welcome ❤️,Non-toxic,
8576,Fucking beautiful,Non-toxic,
8577,One more for the dream,Non-toxic,
8578,Alberto we are with you brother !!! Heads up and keep going!!! You re the best 👌!!!,Non-toxic,
8579,Not sure I get this one when FFP is a risk,Toxic,
8580,Love this Team 💛🖤,Non-toxic,
8581,Happy birthday my fav player ❤️,Non-toxic,
8582,We love you man. Thank you for being part of our team,Non-toxic,
8583,Come back to spurs please,Non-toxic,
8584,Welcome 💛🖤,Non-toxic,
8585,Boss,Non-toxic,
8586,You are one of us 🖤🤍🖤🤍🇧🇷,Non-toxic,
8587,Thank u for everything bro 🦅🦅🦅,Non-toxic,
8588,"Best player, fighter 💚💚💚",Non-toxic,
8589,Congratulations in advance❤️❤️,Non-toxic,
8590,🔥🔥🔥🔥🔥🔥 top,Non-toxic,
8591,Good luck champ,Non-toxic,
8592,Let’s go ⚡️🙏,Non-toxic,
8593,"Hi! I’m a professional Magician, I do lives with famous athletes and college stars. Would you be interested!!!",Non-toxic,
8594,Best player in Greece!!,Non-toxic,
8595,"Thank you for everything, goal scorer🤍🖤",Non-toxic,
8596,Go on Tony lad. Love to see it ❤️,Non-toxic,
8597,My idol😍😍😍,Non-toxic,
8598,Best soccer player in the world 🌎🌎,Non-toxic,
8599,Taison you're the best keep your head up Once PAOK always PAOK,Non-toxic,
8600,Killer 🔥🔥,Toxic,
8601,Loading,Non-toxic,
8602,Look your massage please greating,Non-toxic,
8603,Welcome to the top family welcome to paok family ⚪⚫⚪⚫⚪⚫,Non-toxic,
8604,MVP,Non-toxic,
8605,👏This is what it s all about,Non-toxic,
8606,so cute! you were amazing today!💛🖤🦅,Non-toxic,
8607,Boss🔥 🇸🇳,Non-toxic,
8608,Boss 🤜,Non-toxic,
8609,Good luck van weert thank you for everything wish you all the best 💛🖤💛,Non-toxic,
8610,"Omg ! Congratulations, Marta 🥰🥰🥰",Non-toxic,
8611,You are the best,Non-toxic,
8612,love u baby boy!,Non-toxic,
8613,My player,Non-toxic,
8614,"You took your photo, back to Serres now 🤡🤡🤡",Toxic,
8615,Good luck Captain,Non-toxic,
8616,To the champion league we gooooo!!! 👏👏👏 💚💚💚💚,Non-toxic,
8617,"Thanks for playing for us, best of luck",Non-toxic,
8618,Congratulations 🔥🙌❤️,Non-toxic,
8619,Thank you for keeping our balancing books fine 🔴⚪️🇬🇷,Non-toxic,
8620,Welcome 🇬🇷🇬🇷🇬🇷😍,Non-toxic,
8621,"Best of luck, thanks for giving your all for my club. Thanks for the many positive memories 🐺 👏",Non-toxic,
8622,@user ☘️kiko☘️ back in our home ☘️. 🍀Good luck🍀 my friend,Non-toxic,
8623,Best player on the pitch.PAME MAGO🖤🤍,Non-toxic,
8624,Put some respect on this guy🔴⚪️,Non-toxic,
8625,Good luck @user el capitano looks good ind green bit White and Blue suites u better Forza FC🤍💙🤍💙🤍💙❤️❤️❤️,Non-toxic,
8626,Come back broo🖤💛⚔️,Non-toxic,
8627,Respect ❤️❤️❤️❤️,Non-toxic,
8628,Congratulations Best of luck in your future all the best 👌👍,Non-toxic,
8629,all the best bro🤩🤩🤩❤️,Non-toxic,
8630,Welcome big man ☘️💦,Non-toxic,
8631,PLS STAY MAN 🖤🤍,Non-toxic,
8632,Waiting for youuuuu come back 💛🖤🖤,Non-toxic,
8633,Ice colddd,Non-toxic,
8634,WELCOME☘️☘️☘️☘️,Non-toxic,
8635,best❤️,Non-toxic,
8636,Shmos💦💦💦,Non-toxic,
8637,Head up high Rodi. We love you. ❤️,Non-toxic,
8638,Good to see you doing good 🙌,Non-toxic,
8639,Welcome brother,Non-toxic,
8640,Stay ozbolot 👏🔥,Non-toxic,
8641,"Taison you are a huge player man, do not give up! Yeah, maybe it was a mistake, but this referee was super strict, it was a super unfair red card! Maybe you were the best player of last season, one of best players in a team that provided to us the fans, a title that very few fans in the world could have enjoyed, it was like a movie, thank you so much from the bottom of our hearts! There is still hope, do not give up, you are a star! Be strong man! So much to achieve this season, the show must go on 💪💪💪",Non-toxic,
8642,ARAO YET ANOTHER PERFECT GAME 🔥🔥 SUCH AN HONOUR TO HAVE YOU 💚💚🇧🇷🇧🇷☘️☘️,Non-toxic,
8643,WELCOME HOME ANDRE❤️🤍🪄,Non-toxic,
8644,❤️❤️❤️ congratulations Storm is so cute,Non-toxic,
8645,Oh my gosh congratulations jazzy 🥰🥰,Non-toxic,
8646,Tony Martial scores again 🎵,Non-toxic,
8647,Stanko we appreciate everything you've done for the team💛🖤,Non-toxic,
8648,Get well soon ☘️,Non-toxic,
8649,⭐️ boy,Non-toxic,
8650,Profile in photo tractor🙄,Toxic,
8651,"Well done mate, richly deserved 🔥",Non-toxic,
8652,"All the best, man👏",Non-toxic,
8653,"😢 been a great player for us 🐺 , good luck at PAOK",Non-toxic,
8654,The most beautiful deer in the world 🦌🦌🦌,Non-toxic,
8655,Welcome to the biggest team in Greece. Welcome to PAOK 🇬🇪🇬🇷,Non-toxic,
8656,BIG GAME PLAYER 💛🦅🏆,Non-toxic,
8657,Top scorer soon 🇳🇱🐐💛,Non-toxic,
8658,waiting for you 💙❤️,Non-toxic,
8659,Happy Birthday from Berlin 😢❤️,Non-toxic,
8660,Dope,Non-toxic,
8661,Same old forest!! Will never learn,Toxic,
8662,What a performance! Masterclass! 🔝☘️💚,Non-toxic,
8663,Define that guy,Non-toxic,
8664,Welcome 💛🖤💛🖤,Non-toxic,
8665,Should I make a edit for you?,Toxic,
8666,All the best and happy birthday Jonny,Non-toxic,
8667,Why did you go to Felix?You are better than him,Non-toxic,
8668,Congratulations,Non-toxic,
8669,Welcome home 💛💛💛💛,Non-toxic,
8670,Keep on smiling 🙌,Non-toxic,
8671,Same with u Titan Cican 💪🙌🙏🤘,Non-toxic,
8672,Held,Non-toxic,
8673,Welcome to the greatest club 🦅🔥,Non-toxic,
8674,My g come to olympiacos,Non-toxic,
8675,We will be supporting tommorow 🇲🇽🇲🇽🇲🇽🇲🇽,Non-toxic,
8676,Come to aris re🟡⚫,Non-toxic,
8677,So you like coming to Perspolis?,Non-toxic,
8678,I hope you have a quick and good recovery 💪🏻,Non-toxic,
8679,"I literally told my friends that I hoped our Coach would bring you on in the second half so we could score at least two goals. I was so sure about it. It was unfortunate, but we’re really proud of you and the whole team. We keep going. We keep dreaming. As a passionate Olympiacos fan, I salute you, respect you, and thank you for your words. 🙏🏼♥️🤍",Non-toxic,
8680,Congratulations snr 🙌,Non-toxic,
8681,Welcome💛🖤,Non-toxic,
8682,Get well soon beast! 💛🖤🙏🏼,Non-toxic,
8683,Godspeed on your future adventures amigo. Thanks for your loyalty and devotion! Well played,Non-toxic,
8684,"the bus you use for our national team is very unfit for use, you are very embarrassing",Toxic,
8685,Send me a message I have a proposal for you 💯,Non-toxic,
8686,Get better Alex! All the best!,Non-toxic,
8687,Respect Mady⚪️❤️🔴,Non-toxic,
8688,Keep it up dude work hard rek you’ll get there soon,Non-toxic,
8689,"Hi, can you look DM? it is important. thanks",Non-toxic,
8690,Top player! My favourite!,Non-toxic,
8691,MVP☘,Non-toxic,
8692,Happy Birthday To You Bro!🙌♥️,Non-toxic,
8693,The best💚💚💚,Non-toxic,
8694,We live you ❤️❤️,Non-toxic,
8695,Always with you 🤍🖤🤝🏼🦅🦅,Non-toxic,
8696,Welcome ⚫️⚪️🦾,Non-toxic,
8697,Antony who??,Toxic,
8698,Bilbao is next,Non-toxic,
8699,Thank you champion!💣💛🖤,Non-toxic,
8700,You are so badddd,Toxic,
8701,"It was a pleasure helping you and your family settle, watching your successes on the pitch and getting to know you all. 👨‍👩‍👧‍👦 Best wishes for the future 🤗🇬🇷⚽️",Non-toxic,
8702,A hurricane in our left side!!!! Unstoppable beast 🔥🔥🔥🔥🔥,Non-toxic,
8703,can't wait to see you back to Como soon!!!,Non-toxic,
8704,Congratulations😍❤️,Non-toxic,
8705,Congratulations,Non-toxic,
8706,Get out of Greece bro trust me,Toxic,
8707,Lion👏❤️,Non-toxic,
8708,Miss you in danish football 😍🔥,Non-toxic,
8709,2 cool men ( gs fans nefer forgot you),Non-toxic,
8710,Happy birthday fave ❤️,Non-toxic,
8711,Congratulations brother keep making us 🇬🇭proud 🏆🫶🏾,Non-toxic,
8712,Go away,Toxic,
8713,Come back to PAOK 🔥🔥🔥,Non-toxic,
8714,Wish ya all the better brodie😍👏,Non-toxic,
8715,Weldone my man ❤️❤️👏👏👏,Non-toxic,
8716,That smile 😍 🙌 Be safe grande Madyson,Non-toxic,
8717,Welcome mountain,Non-toxic,
8718,npc,Non-toxic,
8719,We love you. ❤️,Non-toxic,
8720,Top top top player!!!!,Non-toxic,
8721,Come to PAOK and you will forget everything you lived so far...,Toxic,
8722,Madyson 🔥❤️🙌,Non-toxic,
8723,You the best broo 🔥💛🖤,Non-toxic,
8724,Be careful guys the match in Sunday is different.,Non-toxic,
8725,You are a legend 🔥,Non-toxic,
8726,The greatest,Non-toxic,
8727,Congratulations Damian. You was the best on the pitch yesterday,Non-toxic,
8728,Get well soon 💛🖤,Non-toxic,
8729,All the best champ 🔥,Non-toxic,
8730,It's a pleasure to be part of this family! Let’s go 💪🏻🙏🏻,Non-toxic,
8731,Big come back for a big player.👏☘️,Non-toxic,
8732,Good luck Colley 🤞,Non-toxic,
8733,Come back 🔙,Non-toxic,
8734,Amazing. Una don first us enter new year.,Non-toxic,
8735,My brother 🖤,Non-toxic,
8736,Ffs FOREST 😮😮😮😮😮😮😮,Non-toxic,
8737,One of us monsieur!!!! Your passion is happiness for us!,Non-toxic,
8738,The beast 🖤,Non-toxic,
8739,We love you 🔥🔥🔥🔥,Non-toxic,
8740,Amath Ndiaye A real scammer and scams people for social media service,Toxic,
8741,Stay strong and get well soon 💪💪💪 💛🖤💛🖤,Non-toxic,
8742,We’re still looking for icardi👀😂🎈,Non-toxic,
8743,You're great!,Non-toxic,
8744,👏👏👏👏❤️❤️❤️❤️❤️may you always live happily and be happy with your child!!! ❤️❤️❤️❤️❤️,Non-toxic,
8745,Give this man more play time! 🔥,Non-toxic,
8746,And u were injured the whole time in Man Utd. Thank u for ur service.,Toxic,
8747,Congratulations 🙌🙌🙌🙌 you will do exceedingly well 👏👏 bravo 🎈,Non-toxic,
8748,Top player! 💪💪💪,Non-toxic,
8749,trust the process 💆🏽‍♂️,Non-toxic,
8750,Star,Non-toxic,
8751,Come to gala,Non-toxic,
8752,Lets fucking go 👏,Toxic,
8753,BRAVO ROMAN..... KEEP GOING 👏,Non-toxic,
8754,Can I get your shirt? I'm coming from Mo Salah ♥️😅,Non-toxic,
8755,Top👍👏,Non-toxic,
8756,The best!,Non-toxic,
8757,Get well soon machine 🙏🏽💥,Non-toxic,
8758,You are the best!🦅💛🖤,Non-toxic,
8759,Wishing you all the best bro 👏😍🔥,Non-toxic,
8760,Come back 👏👏👏,Non-toxic,
8761,Welcome to the Santos🤍🖤,Non-toxic,
8762,Send me dm🙌,Non-toxic,
8763,Once a red always a red ❤️,Non-toxic,
8764,I stand by your side my man!,Non-toxic,
8765,Cold wan kill you 😂,Toxic,
8766,Thank you for everything and good luck! 💛🖤,Non-toxic,
8767,Clean!,Non-toxic,
8768,Stay in Aris Daniel!!!🔥👏,Non-toxic,
8769,Hope to see you on the pitch soon 💎,Non-toxic,
8770,M! Guy ❤️🔥,Non-toxic,
8771,"Good luck, bro. 👏",Non-toxic,
8772,One of us 🖤🤍🔥🦅,Non-toxic,
8773,Congrats 😊😊😊😊,Non-toxic,
8774,So he won’t be a free agent on fifa anymore?!,Non-toxic,
8775,GOOD LUCK BRO 💪⚽️💪,Non-toxic,
8776,How much?,Non-toxic,
8777,My favorite player. Good luck with your new club. May Allah make it easy for you,Non-toxic,
8778,Same face 👺👹,Toxic,
8779,Best guy and an amazing striker💛🦅,Non-toxic,
8780,Happy 4 you Anthoooo,Non-toxic,
8781,Welcome to the biggest club of Greece ARIS F.C.💛🖤💛🖤💛🖤💛🖤💛🖤💛🖤,Non-toxic,
8782,💛🦅🖤the best !!!,Non-toxic,
8783,Congratulations Stephan! All the best from Vienna,Non-toxic,
8784,We love you more 💚👑,Non-toxic,
8785,Come to man u 😢,Non-toxic,
8786,"90 minutes, away for the trophy 🏆 👌...!!!",Non-toxic,
8787,KILLER 🇭🇹,Toxic,
8788,Bravo captain you are amazing 🙌,Non-toxic,
8789,We do love you!!! Show your class and lets get the double🔥❤️,Non-toxic,
8790,Now you have a new family ☘️,Non-toxic,
8791,You are the King!!!,Non-toxic,
8792,Absolute blessings sent to you all...🙏❤️xxxxx,Non-toxic,
8793,What a guy .. keep it burning brother 🔥❤️,Non-toxic,
8794,FINEST🔥,Non-toxic,
8795,John ❤️🔥,Non-toxic,
8796,What a player!!!,Non-toxic,
8797,The best! 🔥,Non-toxic,
8798,CAN U CHECK IN DM,Non-toxic,
8799,Cryyyyy blue gay!!!!!!😂😂😂😂😂 Welcome bro to aek21 🦅🦅🦅🦅🦅🦅🦅🦅🦅,Toxic,
8800,You are a machine 🔥,Non-toxic,
8801,What a performance ...... man of the match for us,Non-toxic,
8802,Thank you 🙌🏼🙌🏼🙌🏼,Non-toxic,
8803,Come back,Non-toxic,
8804,The best player💛🖤,Non-toxic,
8805,"You will make history , it’s ours mistake ☘️ good luck",Non-toxic,
8806,"You are my pride, strength, and my love ❤️❤️ My heart and support are with you until the end of the road 🧿 keep going ⚽️⚽️⚽️",Non-toxic,
8807,Good luck my friend ! 💪💪,Non-toxic,
8808,Best player keep moving,Non-toxic,
8809,"1mediaexpert served amath, you didnt pay for it THİEF",Toxic,
8810,Good luck 🍀 bro 😎,Non-toxic,
8811,You're welcome🖐😂,Non-toxic,
8812,Heard they tryna turn off a T,Toxic,
8813,I trust you that you will bring Egypt victory in the Paris Olympics,Non-toxic,
8814,"Dont leave Carlitos, we need you :(",Non-toxic,
8815,Next season isn't ready for you 🔥,Non-toxic,
8816,Bomber,Toxic,
8817,My g❤️,Non-toxic,
8818,If I have you... I don't need something else,Non-toxic,
8819,Amazing news! Congratulations guys ❤️,Non-toxic,
8820,Happy New Year! Health and success! Keep working as one!,Non-toxic,
8821,Well done pal 👏,Non-toxic,
8822,"Good luck with new challenge, im sure you will be a success. Privileged to see you in the gold and black…once a wolf, always a wolf 🧡🖤 great last goal for us btw 😉",Non-toxic,
8823,Welcome to Santos 🤍🖤,Non-toxic,
8824,Come back🔴⚪️❤️,Non-toxic,
8825,If you decide to comeback I have already texted you so we can arrange a giveaway,Non-toxic,
8826,@user don't say Sorry. We love you. You are LION. lets go for play off and make history with greek champion cup and greek cup. Another double for thrylos. Make history,Non-toxic,
8827,Great to see mans smiling again i miss you dawg 💔,Non-toxic,
8828,Vamos we want the cup 🟡⚫,Non-toxic,
8829,Beast!,Non-toxic,
8830,Let’s go 🔥🔥,Non-toxic,
8831,Just want to thank you for the 2nd goal! God bless you bro! U won me some cool cash 💰 ❤️❤️,Non-toxic,
8832,Come to AEK and play at new stadium of AEK,Non-toxic,
8833,Are you ready to become an eagle? 🦅🦅,Non-toxic,
8834,Thank you,Non-toxic,
8835,Big statement 🏔️👊,Non-toxic,
8836,WELCOME TO ARIS 🙌❤️,Non-toxic,
8837,Welcome !!,Non-toxic,
8838,My way🥳🇸🇳⚽️,Non-toxic,
8839,Pm,Non-toxic,
8840,Crack 🔥🔥,Non-toxic,
8841,💛come back,Non-toxic,
8842,Monster 🔥,Toxic,
8843,Congratulations 😍🤍✨,Non-toxic,
8844,Boss 🔥,Non-toxic,
8845,Stay here Julian,Non-toxic,
8846,Congrats!,Non-toxic,
8847,Family pride ❤️,Non-toxic,
8848,Star boy 😢,Non-toxic,
8849,Congratulations 👏 brotherman,Non-toxic,
8850,What a quality 👏,Non-toxic,
8851,"Tai PAOK family is always with you no matter what you will get through this, be strong🖤🤍",Non-toxic,
8852,Welcome to the biggest club of the world,Non-toxic,
8853,"🦍 🐐 we united always love you 💕, once a red always remains a red🔥🔥",Non-toxic,
8854,"Take care of him, my Greek friends, he is a football player with great character and a good defender.",Non-toxic,
8855,Time to fight back🔥,Non-toxic,
8856,Proud of you,Non-toxic,
8857,Good luck to your carrer,Non-toxic,
8858,My idol 😍,Non-toxic,
8859,God bless you,Non-toxic,
8860,Check dm please,Non-toxic,
8861,waiting for you!💛,Non-toxic,
8862,❤️❤️❤️❤️❤️❤️❤️💛💛💛💛💛 at last you make me… us happy,Non-toxic,
8863,Babadinho you are the best 🙌,Non-toxic,
8864,"It's good that you're back, we missed you, good luck, we love you 🖤💛🖤💛🖤",Non-toxic,
8865,Welcome back🔴⚪🇬🇷,Non-toxic,
8866,Star boy ⭐️,Non-toxic,
8867,Change the bio player of paok now,Non-toxic,
8868,Thanks for everything Jefte!!!! ⚪🦁🔴,Non-toxic,
8869,"You are in the best club of Greece and one of the best in Europe!Keep your political ideas far away ,and respect our country and our club !Give the best you can!Good luck!",Non-toxic,
8870,You look perfect with this shirt! 🙌OLYMPIAKOS,Non-toxic,
8871,"these policeman feel entitled , you must sue them and make an example. 😡",Toxic,
8872,National 3❤️,Non-toxic,
8873,you’ll never be forgotten❤️,Non-toxic,
8874,Thank you Colley 🖤🤍🦅,Non-toxic,
8875,We still see you as a Green 💚🙌,Non-toxic,
8876,My guy🙌🙌🙌,Non-toxic,
8877,Captain 🔥❤️❤️❤️❤️,Non-toxic,
8878,MY GOAT 🐐,Toxic,
8879,Good luck bro 🙏,Non-toxic,
8880,Once a wolf good luck @user thanks for the amazing memories 🐺🧡🖤,Non-toxic,
8881,A real warrior! Great performance!,Non-toxic,
8882,Come back 💛⚔️🖤,Non-toxic,
8883,1 more just 1 more,Non-toxic,
8884,"Where they play, how they play, IFFFfFf they play. JM was right.",Toxic,
8885,love you come back🖤💛,Non-toxic,
8886,"FIGHT MALAKA FIGHT AGAIN, FIGHT HARDER WITH YOUR SOUL AND THE WIN WILL COME! FIGHT FOR US ,FIGHT FOR OUR 100 YEARS,FIGHT FOR OLYMPIACOS! 🔴⚪️",Toxic,
8887,He represents Tanzania well🇹🇿🇹🇿👏👏,Non-toxic,
8888,🔥 only focus ⚽🧏🏿‍♂️ bro ❤️🙏🏿,Non-toxic,
8889,Congratulations champ🎂👏💪🏾🔥,Non-toxic,
8890,The best🫶🏼,Non-toxic,
8891,YOU ARE BIG PLAYER 🔴⚪️,Non-toxic,
8892,Like he say....ONLY AEK....!!!,Non-toxic,
8893,Welcome to our family beast!!!!🖤🤍,Non-toxic,
8894,Congratulations Big name 💪🦍,Non-toxic,
8895,Magician 🪄🪄,Non-toxic,
8896,Very good 👍 ❤️❤️❤️,Non-toxic,
8897,Big man,Non-toxic,
8898,Hopefully you get well soon! ☘️☘️☘️,Non-toxic,
8899,We love you!!!!!! Stay!!♥️♥️♥️♥️♥️♥️,Non-toxic,
8900,Congratulations 👏👏,Non-toxic,
8901,Beast mode 💪🏿💪🏿💪🏿💪🏿,Non-toxic,
8902,Best of all last match!!! Keep going!,Non-toxic,
8903,Love it son 👏,Non-toxic,
8904,Check your DM Lucas! thanks,Non-toxic,
8905,Wanna be like u 👏,Non-toxic,
8906,Mountain!,Non-toxic,
8907,Congratulations for your baby boy! 👣🎈💙,Non-toxic,
8908,My goat,Non-toxic,
8909,Good luck @user thank you for everything and good luck for the future 🐺🧡🖤,Non-toxic,
8910,Go home,Toxic,
8911,Better for u being a model then a footballer,Toxic,
8912,Welcome 💛💙,Non-toxic,
8913,Wishing you all the best and kick ass 🔥🔥🔥👊🏼,Non-toxic,
8914,U must come fast we need u in paok,Non-toxic,
8915,Welcome! ☘️,Non-toxic,
8916,You are the one you are our tank,Non-toxic,
8917,Magic❤️,Non-toxic,
8918,King,Non-toxic,
8919,This is just the beginning am happy for you my best player then in Manchester 🙌🙌,Non-toxic,
8920,Lion 🦁,Non-toxic,
8921,Good luck maestro,Non-toxic,
8922,Hard work pays off 🔥🔥,Non-toxic,
8923,❤️❤️❤️ i love you my god,Non-toxic,
8924,Let's go marko paly with your hurt for the club🔴⚪,Non-toxic,
8925,Contact me brl,Non-toxic,
8926,We are soooo back ❤️❤️❤️,Non-toxic,
8927,Come back 🔴🔴❤️,Non-toxic,
8928,Congratulations! 🙌👏,Non-toxic,
8929,Terminator ❤️,Non-toxic,
8930,"We are so proud of you, I couldn’t sleep till 12pm not because we lost the game but because my heart as all Moroccans was broken to see you sad, we want u to be happy and well for us, it’s more important for Morocco than a cup. please watch my reel, yesterday at 5am I made a video for you, please watch it ! We all did millions of videos and posts to support u ! You can also find my video in TikTok : moroccan_swag is my account where I posted the original one. Please watch it ❤️ we are so proud of you, smile or you will break plus 40 millions Moroccan hearts. We are all together in this ❤️ we are proud of you ❤️",Non-toxic,
8931,The BEST 🙂 🙏,Non-toxic,
8932,👏👏👏🔥❤️congratulations,Non-toxic,
8933,Machine 🦾,Non-toxic,
8934,There are no words to describe you🙌🙌🙌🔥🔥🔴⚪️,Non-toxic,
8935,What a cross on the first goal!!! Keep up the good work Damian. Enjoy your family times,Non-toxic,
8936,Top 😍👏,Non-toxic,
8937,What a guy!,Non-toxic,
8938,ΕΊΣΑΙ ΠΟΛΎ ΜΕΓΆΛΟΣ ΠΑΙΚΤΑΡΑΣ,Non-toxic,
8939,Παίζεις και στα χιόνια ;;😍,Non-toxic,
8940,Πάμε ρε παικταρά 🟡⚫🦅🦅,Non-toxic,
8941,Παιχταρα!!!,Non-toxic,
8942,ΕΙΠΕ ΤΙΣ ΣΏΣΤΕΣ ΛΕΞΕΙΣ. ΗΡΘΑ ΓΙΑ ΤΊΤΛΟΥΣ 🔥,Non-toxic,
8943,Ο ΛΑΟΣ ΖΗΤΆ ΓΚΟΛ ΜΕ ΤΗΝ ΒΑΖΕΛΑ 💛🖤,Non-toxic,
8944,Λεβεντακο μου να σε έχει ο Θεός καλά να χαίρεσαι τέτοιες και ακόμα μεγαλύτερες στιγμες,Non-toxic,
8945,Συγχαρητήρια γωγω,Non-toxic,
8946,Μας τρολλαρουν 😂,Non-toxic,
8947,Σε περιμένουμε ρε καυλιαρη 💦💦🟡⚫,Toxic,
8948,Πολύ κούραση φέτος τζάμπα ανανέωση,Toxic,
8949,Μην πουλάς τρελά στον λαό του ΠΑΟΚ γμλ,Toxic,
8950,ΤΙ ΕΚΑΝΕΣ ΡΕ ΜΛΚ 💦💦💦🚫☘️,Toxic,
8951,Πάμε δυναμικά 💪👏,Non-toxic,
8952,Σ' αγαπάμε! Έχεις πάθος. Σ' αυτή την ομαδάρα ο ένας συμπληρώνει τον άλλο.,Non-toxic,
8953,Μάγκες 🙏🏼😔,Non-toxic,
8954,ΕΙΣΑΙ ΤΕΡΑΣΤΙΟΣ,Non-toxic,
8955,"ΝΤΖΟΥΡΙΙΙ ΠΑΙΧΤΑΡΑ,ΧΥΣΤΑΡΕΕΕ!!☘️☘️💚💚💦💦",Toxic,
8956,ΕΛ ΚΑΜΠΊ 21 ΓΚΟΛ ΣΕ 1.5 ΧΡΌΝΟ ΠΑΟ 21 ΓΚΟΛ ΣΕ 10 ΧΡΌΝΙΑ,Non-toxic,
8957,Φώτη δρομοοο τζουριστ παιχταρά,Toxic,
8958,ΝΑΙΙΙΙΙΙΙΙ ΝΑΙΙΙΙΙΙΙ ΑΝΤΡΙΚΟΟΟΟΟΟΟΟΟΟΟΟ 😍🔴⚪️🇵🇹🇵🇹🇵🇹🇵🇹🇵🇹🇵🇹,Non-toxic,
8959,είσαι παιχταράς αγόρι Μου ! ! !,Non-toxic,
8960,ΒΑΛΤΟΥΣ ΜΥΑΛΟ ΡΕ ΜΑΤΙΕ❤️🤍...,Non-toxic,
8961,Να σε μυρίσει θέλει 💦,Toxic,
8962,Γάμα τους 🟡⚫,Toxic,
8963,Πολύ μεστες γεμάτες μεγαλες εμφανίσεις Συγχαρητήρια!!,Non-toxic,
8964,ΠΑΙΧΤΑΡΑΑΑΑΑ 😍😍😍❤️🤍❤️🤍,Non-toxic,
8965,Χυνωωωωω💦💦💦💦💦,Toxic,
8966,Καλώς ήρθες παικταρα,Non-toxic,
8967,Μας έχεις αρρωστήσει ♥️🎩,Non-toxic,
8968,Μπουφαν φαινεται παιδια,Toxic,
8969,Χαλάλι οι απουσίες ❤️,Non-toxic,
8970,Παικταρά🇧🇷☘️,Non-toxic,
8971,Κριμα που σαφησαμε ρε παιχταρα💛🖤Καλη συνεχεια,Non-toxic,
8972,"Δε χορταίνω να το βλέπω, ξανά και ξανά.",Non-toxic,
8973,Ο μικρός Ze Elias,Non-toxic,
8974,Δεν μας πείθεις Γιωργάκη,Toxic,
8975,Σκυλοσς,Non-toxic,
8976,Παικταρα μου μπράβο παοκάρα μου 🔥🔥🔥,Non-toxic,
8977,Μπραβο ρε γιγαντα!!!,Non-toxic,
8978,Zeca αρχηγαρα για πάντα τριφυλλαρα,Non-toxic,
8979,Μας κανεις περήφανους καθε μερα παιχταρά μου❤️,Non-toxic,
8980,Παιχταρα μ❤️,Non-toxic,
8981,Παιχταραααα 🤩🤩🤩,Non-toxic,
8982,Καυλιαρη,Toxic,
8983,Συνεχισε ετσι ρε παικταρα!!!,Non-toxic,
8984,Μωρη παικτουρα!!! Greek edition....,Non-toxic,
8985,"Δεν είναι ό ΤΙΚΙΝΙΟ είναι ο ""ΤΣΙΚΙΝΙΟΟΟ"" χρόνια πολλά ολυμπιακάρα μου ❤️🤍",Non-toxic,
8986,Οι σακούλες δώρο 🔥💨,Non-toxic,
8987,Γυρνά πίσω ρε μαλακα,Toxic,
8988,Μέχρι καί ο Ροντι το πήρε χαμπάρι ΜΠΑΧΑΧΑ,Toxic,
8989,Από ποιο κωλομπαρο τον μάζεψαν;,Toxic,
8990,Γεια σου παιχταρα μου. Καλές διακοπές να έχεις και καλές γιορτές.Θα κάνεις τρομερή καριέρα.Συνεχισε έτσι παιχταρα ❤️🤍⭐🔥,Non-toxic,
8991,Ορμπελιν για πάντα εδώ στην ΑΕΚΑΡΑ μας παιχταρα μου 🖤💛🖤💛🖤💛,Non-toxic,
8992,Μην χαλαρώσετε στο δεύτερο ματς @user βάλτε κι άλλα,Non-toxic,
8993,Ροντινει ψυχαρααα,Non-toxic,
8994,Σταζεις καυλα μωρή παιχταρα 💦🔥,Toxic,
8995,Ανυπομονώ αυτοί του @user.gr να πούνε πάλι για το χορτάρι του γηπέδου.,Non-toxic,
8996,Τι να πει κανένας για σένα άξιος αντικαταστατης του αρχηγού 💛🖤,Non-toxic,
8997,μωρηη καυλααααα💛🖤💛🖤,Toxic,
8998,Ο Μοντριτς του Θρύλου μας !!!!!!!!,Non-toxic,
8999,@user πες ένα συγνώμη,Non-toxic,
9000,Κούκλος ξαδελφουληηη❤️❤️,Non-toxic,
9001,Παικταρα 👏👏👏👏👏,Non-toxic,
9002,Μπράβο αρχηγέ!!!,Non-toxic,
9003,Σκουλικοκτόνε⚫️⚪️,Toxic,
9004,καλώς ήρθες Πελκίνιο👏😂,Non-toxic,
9005,Παιχταρα μου💛🖤,Non-toxic,
9006,Το ζούμε ή απλά θα ξυπνήσουμε και θα δούμε κατσικοκερη φουρταδο βασικούς την Κυριακή;,Toxic,
9007,"Καλή επιτυχία, Τάσο! 🧿💪☘️",Non-toxic,
9008,Κι που είσαι ακομα αδερφουλη μου😍,Non-toxic,
9009,ΣΟΥΗΔΙΚΌ ΒΕΛΟΣ🇸🇪💦,Non-toxic,
9010,Βουνό μου σκίστε τους στην Ρουμανί,Toxic,
9011,ΕΊΣΑΙ ΜΙΑ ΚΑΥΛΑ,Toxic,
9012,Rodiney τρέλαααα γάμα τουςςςς🔴⚪💦,Toxic,
9013,ΜΗΝ ΤΟΥΣ ΚΑΝΕΙΣ ΕΤΣΙ ΡΕ ΡΟΔΙΝΕΥΥΥΥΥ,Non-toxic,
9014,Μωρη παιχτουραα 💪🏽🔥,Non-toxic,
9015,"Καλωσηρθες παικταρά, να θυμάσαι το νούμερο 7 είναι πολύ βαρύ και η φανέλα ακόμη πιο βαριά, να είσαι έτοιμος να αντέξεις αυτό το βάρος!",Non-toxic,
9016,Μπράβο ρε tank!!,Non-toxic,
9017,Χρόνια πολλά. Καλή Χρονιά. Να χαίρεσαι την Βάσω σου.,Non-toxic,
9018,Παιχταρα μ Κέρκυρα μου !!,Non-toxic,
9019,Μη σταματήσεις ΠΟΤΕ 😍,Non-toxic,
9020,Ηγέτη είσαι μεγάλος παίχτης 🇭🇷,Non-toxic,
9021,Τέλικα κάνεις και γκολ ρε μίστερ ασίστ 🫶 μπράβο παιχταραααα 💛🫶🖤,Non-toxic,
9022,Τρελααα λεμεεεε τρελαααα❤️❤️❤️,Non-toxic,
9023,Βρώμοοπαιχταρεεεεεε😤,Toxic,
9024,Το ήθελες πολύ ☘️💚,Non-toxic,
9025,ΤΙ ΠΑΙΧΤΑΡΑ ΕΙΣΑΙ 🌪️☘️,Non-toxic,
9026,Χρόνια πολλά ρε αλάνι 🔥,Non-toxic,
9027,Εσύ μέχρι τα γεράματα εδώ θα είσαι ❤️❤️❤️,Non-toxic,
9028,Τεράστιε !!🟡⚫βουνό είσαι ρε ®️💣🦅,Non-toxic,
9029,Tι πέναλτι σου έδωσε 🤡,Toxic,
9030,Εισαι καυλααα💦💦💦,Toxic,
9031,Καλη Συνέχεια στην καριέρα σου🙌,Non-toxic,
9032,Το κύπελο στον κολο σας,Toxic,
9033,Καψούρα μου 🐐,Non-toxic,
9034,Ενα εξτρέμ 🙏🏻🙏🏻🙏🏻,Non-toxic,
9035,🔥🔥🔥🔥ταπαμεεεεε,Non-toxic,
9036,Πι μποτες…,Non-toxic,
9037,ΜΠΡΑΒΟ!!💛💣,Non-toxic,
9038,Για πάντα εδώ,Non-toxic,
9039,Μωρη παικτουραααα🔴⚪,Non-toxic,
9040,Τι βουνό είσαι Παναγία μου ποσο τυχεροί που σε έχουμε,Non-toxic,
9041,Πέτρο αλήτη 🔥🔥,Toxic,
9042,ΕΛΑ ΑΡΧΗΓΑΡΑ ΜΑΣ💛💛💛🖤🖤🖤,Non-toxic,
9043,ΤΟ ΜΕΓΑΛΥΤΕΡΟ ΑΛΑΝΙ,Non-toxic,
9044,Τελικά για να καταλάβω η αεκ μας νίκησε τον παοκ γιατί δεν το είδα το παιχνίδι,Non-toxic,
9045,Θέλουμε παπακανελο μέσα στρατηγέ,Non-toxic,
9046,Αρε βαλβερντε της Ελλάδας,Non-toxic,
9047,Πρέπει να παίζει σε όλα τα παιχνίδια είναι σταθερός και πολυ καλος κάθε φορα,Non-toxic,
9048,ΠΑΙΚΤΑΡΑΣ 🏆🥇🌟🖤💛💣🦅🇬🇷,Non-toxic,
9049,"Συγχαρητήρια για την εμφάνιση και την νίκη,συνεχίζουμε όλοι μαζί",Non-toxic,
9050,Πρωταθλητή μανταλε του '25!!!! Να σου ζήσει το μωρακιιιι💛🖤,Non-toxic,
9051,Χαχαχχαα ΜΕΓΑΛΕ ΡΟΝΤΙΙΙΙ❤️❤️❤️,Non-toxic,
9052,Είσαι ένας κούκλος,Non-toxic,
9053,Κλείστε φορ και εξτρέμ από τα πολύ πάνω ράφια… η κουλά από μεταγραφή σε μεταγραφή πάει. Δεν χρειάζεται να σκάσουν φέτος οι παίχτες,Toxic,
9054,Το έβαλες;,Non-toxic,
9055,Περαστικά σ παιχταρά μ εύχομαι να επιστρέψεις γρήγορα στα γήπεδα ☘️,Non-toxic,
9056,Φέρε και τον μπρο Θωμα να παίξει. Ένας δεν μας φτάνει. Τι τους έκανες πάλι χθες ρε; Σαγαπαω ρε μαλακα,Toxic,
9057,Προσέξτε μην ανατιναχτουμε στο τέλος από τις πολλές τις βομβες💣,Toxic,
9058,Μπράβο ρε χρησταρα τέτοιο γαμησι ήθελαν στο τέλος τα βαζελια,Toxic,
9059,Ωραία η Σαντορίνη ?,Non-toxic,
9060,ΠΑΙΧΤΟΥΡΑΑ ΚΑΛΗ ΣΥΝΕΧΕΙΑ☘️,Non-toxic,
9061,Αν είχαν χιούμορ στην ΠΑΕ θα του έδιναν και παπάκι δίχρονο.,Toxic,
9062,Πρωτάθλημα και κύπελλο ΔΙΚΕΦΑΛΕ ΑΕΤΕ,Non-toxic,
9063,@user Ψυχάρα Ολυμπιακάρα ⚪🔴🏆,Non-toxic,
9064,Καψούρα είσαι ....😍😍,Non-toxic,
9065,Παιχταραααα,Non-toxic,
9066,ΓΑΜΙΑΑΑΑΑΑ 🌪️ 🇧🇷 ☘️,Toxic,
9067,Καλούς χιαστούς και χαιρετισμούς στους ψεύτες της Τουρκίας,Toxic,
9068,Κολλητέ μου ❤️,Non-toxic,
9069,Καλύτερο Σέντερ φορ από τον γιουνγκ σιγουρα,Toxic,
9070,πάρε και τον Σπόραρ μαζί σου 😂. Καλή συνέχεια στην καριέρα σου και σε ευχαριστούμε για όσα πρόσφερες ☘️,Non-toxic,
9071,Παιχταρά!!!🔥,Non-toxic,
9072,ΠΕΤΡΟ ΑΛΗΤΗ ΤΟΥΣ ΓΑΜΗΣΕΣ ΤΟ ΣΠΙΤΙ,Toxic,
9073,Παιχταρά 🏆,Non-toxic,
9074,Μονο εγω παρατηρησα οτι φοραει το νουμερο του αραουχο?,Non-toxic,
9075,ΜΟΥΖΑ-ΧΥΣΤΗ,Toxic,
9076,Ε ναι!! 🆘❤️🆘,Non-toxic,
9077,Παιχταρα μου🔥🔥🔥🔥,Non-toxic,
9078,Θα σκουζουν πάλι ότι τους κλέβουμε τα πρωταθλήματα 💦💦💦💦,Toxic,
9079,Μουζα παιχταρα,Non-toxic,
9080,Κοιτάει ο Ολυμπιακός κάνα εξτρεμ?,Non-toxic,
9081,Εισαι ενας απο μας ❤️,Non-toxic,
9082,🏔️🏔️ Συνέχισε έτσι πάμεεε ⚽️💪⚽️,Non-toxic,
9083,ΌΣΟ ΈΧΟΥΜΕ ΕΣΕΝΑ ΣΤΟ ΚΕΝΤΡΟ ΠΑΙΧΤΑΡΑ ΔΕΝ ΦΟΒΟΜΑΣΤΕ ΤΙΠΟΤΑ ΕΝΑ ΚΕΝΤΡΟ ΜΟΝΟΣ ΣΟΥ ΕΙΣΑΙ,Non-toxic,
9084,BABYFACE ΒΑΖΕΛΟΚΤΟΝΟ ΠΡΩΤΗ ΦΟΡΑ ΒΛΕΠΩ ΡΕ ΚΑΥΛΙΑΡΗ ΣΟΥΗΔΕ ΜΕΙΝΕ ΓΙΑ ΠΑΝΤΑ💦💦💦,Toxic,
9085,Back to olympiacos ρε παιχταρα 🔴⚪️🔴⚪️,Non-toxic,
9086,Μου θυμίζει τον Hodge του μπάσκετ σε ξανθό... Ίσως να είναι και το ίδιο καλός 😂,Non-toxic,
9087,Πολλοί πατριώτες είστε όλοι,Toxic,
9088,Πουλενννν❤️🤍❤️ @user,Non-toxic,
9089,Ο ΒΡΑΧΟΣ ΒΑΣΙΚΟΣ ΜΕ ΒΑΖΕΛΟ,Non-toxic,
9090,"Καμια μεταγραφή θα κάνουμε ή θα πάρουμε κανέναν ""Μαντσίνι"" τέλη του μηνός και θα φταίει μετά το ""Ιβαν"" ;;;;",Toxic,
9091,ΠΑΙΧΤΑΡΑΑΑ🇦🇷🪄,Non-toxic,
9092,Πετραν παιχτουρα..,Non-toxic,
9093,Μονο ΠΑΟΚ❤❤❤,Non-toxic,
9094,ΜΑ ΤΙ ΚΑΝΕΙ 💦🏠,Non-toxic,
9095,ΕΙΜΑΣΤΕ ΩΡΕ ΤΡΕΛΆ ΑΑ,Non-toxic,
9096,Βουνό μου 🙌❤️,Non-toxic,
9097,Αντρέ αρχηγάρα!!!! Η πόλη είναι ασπρόμαυρη 🖤🤍,Non-toxic,
9098,πωωωω 💦💦💦💦💦💦,Non-toxic,
9099,@user εγώ στην θέση του βαζελου θα σου έβαζα ωριαία αποβολή 😂,Toxic,
9100,"Μια χαρά τα μιλάει τα Ελληνικά, δεν τον ξερω αλλά μπράβο του.",Non-toxic,
9101,Ελα ρε Ρομαν παιχταρα,Non-toxic,
9102,Τραγουδά σήμερα ρε βλήμα 😂,Toxic,
9103,Αξά 6 φάγαμε ρε,Non-toxic,
9104,7.8 λογικα κακος εισαι...💪🙏🏼🧿❤️⚽️,Non-toxic,
9105,Ποιο νουμερο,Non-toxic,
9106,Ήξερα πως ήσουν καλός στη λογοτεχνία,Toxic,
9107,Να έπαιζες και καλή μπάλα καλά θα ήταν,Toxic,
9108,Μπράβο ρε παιχταρααααα🔴🤍🔴🤍,Non-toxic,
9109,Μπράβο. Το ότι έμαθε τη γλώσσα σημαίνει ότι τιμάει τον ΠΑΟΚ και τη χώρα👏👏👏👏,Non-toxic,
9110,Τα λεγαμε εδω και χρονια ευτυχως τα γραπτα μενουν! Οτι καλυτερο σε στοπερ στην Ελλαδα δυνατος στον αερα και γρηγορος σε τοποθετησεις και αναχαιτησεις συνεχισε ετσι αξιζεις τα παντα!,Non-toxic,
9111,Παικταρα!!! 🖤🦅,Non-toxic,
9112,Πολύ μικρός παίχτης,Toxic,
9113,Έλα στον Παναθηναϊκό λεβέντη μου ☘️,Non-toxic,
9114,Παιχταρααααα μου 👏,Non-toxic,
9115,Πολύ κουρασμένος μαλακά,Toxic,
9116,Παιχταραααα μου!!!!💛🖤🏆,Non-toxic,
9117,Καυλααααααααααααα👏👏👏🙌🙌,Toxic,
9118,Μοιάζει πολύ στον @user 😂,Non-toxic,
9119,"Αγορίνα μου, τρέλα μου. ΤΙ ΤΟΥΣ ΕΚΑΝΕΣ. Ευχαριστώ και για το ταμείο.",Non-toxic,
9120,Καλή συνέχεια!!!! Είσαι ένας από εμάς ☘️☘️☘️,Non-toxic,
9121,ΣΑΛΟΥΓΚΟΚΤΟΝΟΣ💦,Toxic,
9122,Συγχαρητήρια 🔥🔥👏👏👏,Non-toxic,
9123,Τους γλεντάς κανονικά 🔥😂,Toxic,
9124,ΤΟΙΧΟΣ⛔️⛔️,Non-toxic,
9125,Ροντινει αλήτη τους γαμησες το σπίτι❤️🤍🥵,Toxic,
9126,Πως τους καυλαντας ετσι ρε μεγαλε ροντι? 😂,Toxic,
9127,Α ρε παιχτουρα Πέλκα🦅🔥,Non-toxic,
9128,"Ναι,ναι,ναι μονο εσυ🤘",Non-toxic,
9129,Η ΑΛΩΣΗ ΤΗΣ ΚΡΗΤΗΣ 👖,Toxic,
9130,Μπήκες μέσα και οι άλλοι άνοιξαν τα πόδια τούς 😂 ααρε Βούλγαρε,Toxic,
9131,ΜΠΡΙΝΙΟΛΑΡΟΣ🔥🇮🇹,Non-toxic,
9132,Θα κάνει χαμό στην νέα χρονιά με Κωστούλα στα πλάγια.,Non-toxic,
9133,Πασχαλάκης ΟΕ ΟΕ ΟΕ,Non-toxic,
9134,Παιχταρααααα....σκυλεεεεε...Αρχηγεεεεε🖤💛🖤💛🖤,Non-toxic,
9135,Στον πάτο σου πουτανακι μαθε να σέβεσαι την ομάδα που σε έκανε παίχτη 💦💦,Toxic,
9136,"Η τελευταία από τον Τάισον ήταν η καλύτερη , αυτή σου μένει πάντα...😀😀😂",Non-toxic,
9137,2003 μπορει να γεννηθηκε ο γιος του,Non-toxic,
9138,Τι γκολ άρα έβαλε όμως,Non-toxic,
9139,Μπράβο αλάνι,Non-toxic,
9140,Επικό βίντεο!,Non-toxic,
9141,Μπλα μπλα μπλα,Toxic,
9142,Τρέλα μου εσύ είσαι ο αγαπημένος ποδοσφαιριστής της καρδιάς μας μην φύγεις,Non-toxic,
9143,Περαστικά Γεωργακη,Non-toxic,
9144,Παιχταρα σπορεε!🙌,Non-toxic,
9145,Μαγικά πόδια που μαγνητίζουν την μπάλα .. ❤️🤍 αγαπημένο ποδοσφαιρικό είδωλο Χρήστος Μουζακίτης 👑,Non-toxic,
9146,ΠΑΟΚΆΡΑ ΜΟΥ ΓΕΡΆ 💪🔥🔥🔥🔥🇬🇷,Non-toxic,
9147,🇦🇷💛🖤🔥👏παιχταρά!,Non-toxic,
9148,Προεδρεεεεεε💦💦💦💦💦,Non-toxic,
9149,Ο χρηστακης έχει γίνει χρησταρας,Non-toxic,
9150,ΤΣΙΚΙΝΙΟ ΠΑΡΑΠΕΡΟΜ 🔥🔥❤️❤️,Non-toxic,
9151,Καψούρα ❤️,Non-toxic,
9152,ΕΛ ΧΑΡΑΛΑΜΠΙ 💦❤️,Non-toxic,
9153,Μια γαμας τον Παναθηναϊκό Β μια τον κανονικό μάλλον βλέπεις πράσινα και τρελαίνεσαι,Toxic,
9154,Πουλεν🙌,Non-toxic,
9155,Και μας το έλεγες θα βάλεις γκολ και θα φιλήσεις τις επικαλαμίδες ⚽️,Non-toxic,
9156,Ουτε χαμογελο ο καημενος..κριμα γιατι αδικειται!!!!,Non-toxic,
9157,ΓΙΑΡΕΜΤΣΟΥΚ ΑΛΛΑΝΙ ΓΙΑ ΠΑΝΤΑ ΣΤΟ ΛΙΜΑΝΙ,Non-toxic,
9158,Και δεν θα αλλάξει αυτό ποτέ ..🎼,Non-toxic,
9159,Και μόνο που την φοράει ο τανζανος πρίγκηψ θα την βάζω κάθε μέρα κι ας μένω Αθήνα,Non-toxic,
9160,❤❤❤ καλημέρα!!!!,Non-toxic,
9161,Θελει να βαλει αλλα δυο ο CAPITÃO 🇵🇹🇵🇹!,Non-toxic,
9162,Ελα να δουμε καμια σεντρα εστω ανω του μετριου,Non-toxic,
9163,Καντους αυριο γκολ ρε παικταρα μου,Non-toxic,
9164,Σέρβος μπαμπάς 🇷🇸⚫️⚪️💦,Non-toxic,
9165,Μην μασάς ρε παιχταρά μου🔴⚪️❤️🤍,Non-toxic,
9166,"Γιώργαρε ψυχάρα, σώσε την ομάδα!!!",Non-toxic,
9167,ΕΓΩ ΘΕΛΩ ΝΑ ΒΛΕΠΩ ΒΙΕΡΙΝΙΑ ΑΥΤΟΝ ΠΟΥ ΜΟΥ ΧΑΡΙΣΕ ΤΟ ΠΡΩΤΟ ΜΟΥ ΠΡΩΤΑΘΛΗΜΑ ΠΟΥ ΕΙΔΑ ΣΑΝ ΠΑΟΚΤΣΗΣ. ΑΛΛΑ ΑΝ ΘΕΣ ΕΣΥ ΣΟΥ ΔΙΝΩ ΤΗΝ ΑΔΕΙΑ ΤΩΡΑ ΝΑ ΑΠΟΣΥΡΘΕΙΣ ΣΑΝ ΕΝΔΟΞΟΣ ΠΡΩΤΑΘΛΗΤΗΣ,Toxic,
9168,Τι έβαλες ρε αλήτη,Toxic,
9169,Ψοφα ρε γκευ,Toxic,
9170,Έχω βάλει ένα τέτοιο στο φιφα 😂,Non-toxic,
9171,Το έβδομο το θέλω από τον παπακανελο 🔴⚪️🪄,Non-toxic,
9172,Είσαι ο πιο τυχερός ποδοσφαιριστής γιατί θα έχεις αγωνιστεί στις δυο μεγαλύτερες ομάδες του πλανήτη. ΠΑΟΚ και ΛΙΒΕΡΠΟΥΛ ⚫️⚪️ Welcome!!! 🦅,Non-toxic,
9173,Κάτι κάνει ο ΠΑΟΚ κ μαθαίνει σε όλους καλά ελληνικά,Non-toxic,
9174,ΟΥΚΡΑΝΙΚΟ ΤΑΝΚ,Toxic,
9175,Σταμάτησε να τρέχει?,Non-toxic,
9176,"Ο τελευταίος να κλείσει την πόρτα, αλλά δε φταίτε εσείς, επαγγελματίες είστε και κοιτάτε το καλύτερο της οικογένειας σας, οι χβ φταίνε που δεν πλήρωναν ούτε τα πόμολα. Καλή τύχη στην καριέρα σου 🔵⚪️",Non-toxic,
9177,Ναι δεν έβαλες και ένα μωρέ παιδι μου ⚽️⚽️,Non-toxic,
9178,Κάθε άντρας είναι χαρούμενος που βλέπει την ιστορία μου😏🤭🤭,Non-toxic,
9179,Respekt Tomas για τα ελληνικά σου❤️👏,Non-toxic,
9180,Μπράβο Θωμά ψυχαραααααα και παιχταρααααα❤️,Non-toxic,
9181,Μπρινιολι βασικός παιχτουρα,Non-toxic,
9182,Λιγότερα σοσιαλ μεγαλύτερη δουλειά. Καλή συνέχεια μικρέ 🔥,Non-toxic,
9183,ΕΛΑ ΧΥΣΤΗΗ 💦💦💦,Toxic,
9184,"Unpopular opinion, για μένα είσαι ο καλύτερος τερματοφύλακας του Ολυμπιακού, και περιμένω να σε δω ξανά βασικό",Non-toxic,
9185,Αρχηγέ ευχαριστούμε για όλα,Non-toxic,
9186,💪🏼παιχτουρα,Non-toxic,
9187,Χαλαρο double και στιγμές μοναδικές Europa League,Non-toxic,
9188,Ηθελες να κάνεις τον κουλιερακη ; 😃⚪⚫ @user,Toxic,
9189,ΤΙ ΤΟΥΣ ΕΚΑΝΕΣ ΡΕ ΨΥΧΑΡΑ💛🖤🦅💣,Non-toxic,
9190,Ματιέ ψυχαρα ολυμπιακάρα!,Non-toxic,
9191,Θερμή υποδοχή την Κυριακή ψυχαρα ☘️,Non-toxic,
9192,Ρε ταλέντο 🙈,Non-toxic,
9193,Τώρα αγόρι ναι ομόρφυνες !! Με τα Κόκκινα πονούσαν τα μάτια μας!! Καλή αρχή υγεία πάντα 4444,Non-toxic,
9194,ΓΎΡΝΑ ΠΊΣΩ ΡΕ ΜΛΚ,Toxic,
9195,Μωρή παιχτουρα,Toxic,
9196,Φέρε φέρε και άλλους θρυλεεε❤️🤍,Non-toxic,
9197,Εργολάβος 🙌,Non-toxic,
9198,ΚΙΚΟΟΟΟΟΟ🔥🔥🔥🔥,Non-toxic,
9199,μην κανεις καμια μαλακια και φυγεις🔴⚪,Toxic,
9200,Η απάντηση σε όλα 🤞🏻💙,Non-toxic,
9201,Ειδικά τώρα που φιλήσες το σήμα σε αγαπάμε ακόμη περισσότερο. Τυχαίοι που είσαι στην ομάδα μας 💛🖤,Non-toxic,
9202,Εεε σε πιανει μια αηδια,Toxic,
9203,Είσαι η όαση του Ελληνικού ποδοσφαίρου. Αν και με έσκασες χθες. 👏👏,Non-toxic,
9204,Ψυχαρα δικος μας εισαι 🟡⚫️,Non-toxic,
9205,Σιψ ❤️🙌🏼,Non-toxic,
9206,Παιχταρα μου,Non-toxic,
9207,Καλωσήρθες στην μεγαλύτερη ομάδα της Ελλάδας αλλά και μια από της καλύτερες της Ευρώπης 🇬🇷🔴⚪️🏆,Non-toxic,
9208,Α ρε ροντιιιι 😍🔴⚪️,Non-toxic,
9209,ΝΑΙ ΡΕ ΠΕΤΡΟ. ΠΑΝΤΑ ΕΔΩ ΑΡΧΗΓΕ ΑΠΟ ΤΗ Β ΕΘΝΙΚΗ ΚΑΙ ΓΙΑ ΠΑΝΤΑ💛🖤©️🐐,Non-toxic,
9210,👏👏🔥🔥 συγχαρητήρια αλεκο! Η σκληρη σου δουλεια εκτιμήθηκε από τους καλύτερους !!,Non-toxic,
9211,Μας τρέλανες!!! 🔴⚪️🔥,Non-toxic,
9212,Βουνό μου 🩵🩵,Non-toxic,
9213,Παιχταρα μου φέτος θα έχεις περισσότερο ρόλο !βγάλε μας ασπροπρόσωπους αρχηγέ,Non-toxic,
9214,Απίστευτος 👏👏👏,Non-toxic,
9215,Ο Καλύτερος cb μας.🦅,Non-toxic,
9216,Βουνό μου Τοπ ξανά! ❤️,Non-toxic,
9217,🔥🔥🔥🔥 έτσι μπράβο 🔥🔥🔥🔥🔥,Non-toxic,
9218,ΤΙ ΜΟΥΣΙΚΑΡΑ ΕΒΑΛΕΣ ΡΕ ΨΥΧΑΡΑ 🔴⚪️💦💦💦💦,Non-toxic,
9219,παιχταρα💦☘️,Non-toxic,
9220,Φακ οφ ρε μαλακα,Toxic,
9221,Γεια σ Habibi,Non-toxic,
9222,Αντωνάκη ήρεμα με τα δίχτυα δεν είναι για πολλά πολλά 🇫🇷💣,Toxic,
9223,Δουλειά και θα έρθουν πολλά ακόμα παιχταρά μου🔴⚪️,Non-toxic,
9224,Παικταρααααααα🏆🏆🏆🏆🏆,Non-toxic,
9225,Εισαι παικταρας!!!,Non-toxic,
9226,ΑΝΤΡΕΕΕΕ ΟΡΤΑΑΑΑ ΟΕΟΕΟΕΟΕΟΕΟΕΟΕΙΟΕΟΕΙΕΟΕΟΟΕΟΕΟΕΟΕΟΕΟΕΟΕΟΟΕ,Non-toxic,
9227,Ο καλύτερος χθές 😁☘️💚,Non-toxic,
9228,Μπράβο αγόρι μου!,Non-toxic,
9229,ΕΛΑ ΡΕ ΠΑΙΧΤΑΡΑ🟡⚫🟡⚫®️®️®️💣💣💣,Non-toxic,
9230,Μεγάλη παιχτάρα είσαι ρε πουστη,Toxic,
9231,Γαμησε τους @user,Toxic,
9232,Χρόνια πολλά !!! Να την Χαίρεστε Αρχηγέ !!!,Non-toxic,
9233,ΜΟΝΟ ΑΕΚ 😍💛💛💛💛,Non-toxic,
9234,Παιχταράς 🔥🔥🔥🔥🔥,Non-toxic,
9235,Ευχαριστουμε γι ολα καλη συνεχεια☘️💚,Non-toxic,
9236,ΧΥΣΕ ΝΑ ΚΟΙΝΩΝΉΣΟΥΜΕ,Toxic,
9237,ΔΗΜΑΡΧΕΕΕΕ,Non-toxic,
9238,Για εμένα είναι μαλακια που δεν μπαίνει ο tomas βασικός,Toxic,
9239,Χθες (ξανά)έγινες πατήρ,Non-toxic,
9240,Μπράβο ρε ❤️❤️❤️❤️🔥🔥🔥,Non-toxic,
9241,Το σηκώσαμεεεεε,Non-toxic,
9242,παιχταράς μου ❤️🙌🏾,Non-toxic,
9243,πάμε ρε ζησαραα💦💙🐃γυρνάει το κουμπί,Non-toxic,
9244,Γιαννιώτα ψυχαρα για πάντα αρειαναρα💪⚫️🟡,Non-toxic,
9245,Τι θέση θα καλύψει? Καλώς τονα στην τοτ,Non-toxic,
9246,"Είσαι βουνό, η ΑΕΚ είναι εδώ για σένα και εμείς είμαστε μαζί σου 💣💣💣💣💣💣",Non-toxic,
9247,"Άψογο στυλ, Κάπτεν!",Non-toxic,
9248,Ευχαριστούμε για όλα ΑΡΧΗΓΕ🤍🖤,Non-toxic,
9249,Μέγας χυστης 🥵,Toxic,
9250,ΟΤΑΝ ΜΠΗΚΕΣ ΤΕΛΕΙΩΣΕ ΤΟ ΜΑΤΣ ΠΑΙΚΤΑΡΑ ΜΟΥ🙌🔥,Non-toxic,
9251,Φύγε άχρηστε,Toxic,
9252,Δεν είναι,Non-toxic,
9253,Παικτουρααα🔥⚪⚫,Non-toxic,
9254,Καλη συνέχεια παικταρά..κάνε μας περήφανους 👏,Non-toxic,
9255,Μαγικός ❤️🙌,Non-toxic,
9256,Φονιάς 🔪😘,Toxic,
9257,Καλή αρχή παίκτη ❤️🔥,Non-toxic,
9258,ΓΑΥΡΟΨΥΧΕ ΗΓΕΤΗ!!!!! 🔴⚪️,Non-toxic,
9259,Πάμε ΑΡΧΗΓΑΡΑ,Non-toxic,
9260,Καλή αρχηη Ανδρουυ 💪🏻🔥,Non-toxic,
9261,Ευχομαι να μείνεις στη Καλλιθέα να σε βλέπουμε στην Α εθνικη,Non-toxic,
9262,Σταύρο αν βελτιώσεις τις σέντρες σου θα είσαι super. Δουλειά και προπόνηση. ΜΟΝΟ ΑΕΚ,Non-toxic,
9263,Σ αγαπάω αρχηγέ ❤️,Non-toxic,
9264,Καλή ποδοσφαιρική χρονιά με πολλές επιτυχίες!!!,Non-toxic,
9265,Μωρή παικταρα έσκασες φρες από Mall,Toxic,
9266,@user κονε εεε βλα κονεεεε,Toxic,
9267,Πάντα επιτυχίες Ζήση! Σε αγαπάμε και σε στηρίζουμε στη νέα ομαδα. Θα είναι η καλύτερη σεζόν στην καριέρα σου!,Non-toxic,
9268,Ετσι γαμαει η Βουλγαρία 🇧🇬💪🏾,Toxic,
9269,ΜΕΤΑΓΡΑΦΕΣ ΜΕΤΑΓΡΑΦΕΣ ΜΕΤΑΓΡΑΦΕΣ,Non-toxic,
9270,"Χρηστάρα εκείνο το σουτ που θα έγραφε να το ξανακάνεις!!σουταρε το έχεις!!έτσι θα ανοίξουν και οι κλειστές άμυνες!!έκανες πολύ καλό παιχνίδι, συνέχισε δυναμικά ❤️",Non-toxic,
9271,Παιχταρά μουυυυυ,Non-toxic,
9272,Ο maldini μπροστά σου δεν είναι τπτ μάγε🪄,Non-toxic,
9273,Ελλα πίσω,Non-toxic,
9274,Μεγάλος αρχηγός,Non-toxic,
9275,Μαγκας😍,Non-toxic,
9276,ΧΑΧΑΧΑΧΑΧΧΑΧΑΧΑΧΑΧ ΜΑΛΑΚΑ ΔΕΝ ΓΙΝΕΤΑΙ ΝΑ ΕΙΝΑΙ ΤΟΣΟ ΤΡΕΛΟΣ,Toxic,
9277,Ποιος σε είδε και δεν σε φοβήθηκε;,Non-toxic,
9278,Αυτά τα παπούτσια τα θελωωωω. Όπως μου έδωσες και κάτι αλλαααα🔥🔥,Non-toxic,
9279,Αγορινα μου έδειξες για το τι είσαι ικανός μέσα σε 10 λεπτά! Αξίζεις παραπάνω χρόνο συμμετοχής σίγουρα!,Non-toxic,
9280,ΗΛΙΟΠΟΥΛΕ ΧΥΝΩ ΤΙ ΚΆΝΕΙΣ ΤΙ ΚΆΝΕΙΣ,Toxic,
9281,θανασαρα !!! βάλε ψυχή τώρα εδώ στον ΟΦΗ και θα ζήσεις μοναδικές στιγμές εδώ στην Κρήτη ..!!!καλώς ήρθες !!,Non-toxic,
9282,Πορνη ☘️,Toxic,
9283,Μας έχει πιάσει καύλα,Toxic,
9284,Μεγάλε,Non-toxic,
9285,Φορ περιοχής!🙌🎯,Non-toxic,
9286,"Είσαι απίστευτος, υπέροχος παίκτης και πρέπει να είσαι και υπέροχο άτομο 👏👏👏👏👏🔥🔥🔥🔥",Non-toxic,
9287,ΜΠΑΜΜ🔥🔥,Non-toxic,
9288,Μπαμπιστουτα !!! 🔴⚪,Non-toxic,
9289,Αυτός και ο Κωστούλας μας έχουν κρατήσει ζεστούς φέτος... Μακάρι να ανέβει Παπακανελλος και Πνευμονιδης... 3 σκαλιά πάνω από πολλούς.....,Non-toxic,
9290,α ρε μουζα νεο Ηράκλειο ταλενταρα,Non-toxic,
9291,"Ότι καλύτερο έχουν δει τα μάτια μας αυτά τα χρόνια,να είσαι γερός παλικάρι μου και να μας κάνεις υπερηφανους,δόξα στα παιδιά σου Ολυμπιακε!🔴⚪️",Non-toxic,
9292,🔝 είσαι όπως ΠΑΝΤΑ,Non-toxic,
9293,Ο κοσμος σε στηριζει σωτηρη αποδειχθηκε περιτρανα εχθες!!! Συνεχισε την δουλεια που κανεις και τα καλυτερα ερχονται!!,Non-toxic,
9294,Άρρωστε,Toxic,
9295,ΑΜΕΣΩΣ ΤΟ 10!!,Non-toxic,
9296,ΔΕ ΜΑΣ ΠΕΦΤΕΙ ΣΤΑΜΑΤΑ ΠΡΕΠΕΙ ΝΑ ΠΕΣΩ ΓΙΑ ΥΠΝΟ 💦💦💣💣,Toxic,
9297,Ο El Capitano μας ❤️🤍🦁⚽️,Non-toxic,
9298,Μπράβο σου!,Non-toxic,
9299,Αντε ρε ντραγκο βουνο ❤️🤝🏽,Non-toxic,
9300,Σημαντικό να υπάρχει τέτοιο κλίμα μεταξύ τους. Μπράβο μάγκες. Όποιος κι αν παίξει την Κυριακή χρειάζεται συγκέντρωση!! Όλα τα υπόλοιπα τα έχετε και οι δύο 👏💛🖤,Non-toxic,
9301,Δείξε στον λαμελα ποιος είναι το αφεντικό αργεντινε 🔥,Toxic,
9302,"Παε ασε τα βιντεακια , και κανονισε τι θα γινει εξω απο το γηπεδο..ειτε με βροχη ειτε χωρις , 1 ωρα τρεξιμο ειχε εξω ..",Non-toxic,
9303,Γεια σου αρχηγαραααα μουυυυυ ❤️🥰❤️🥰❤️🥰❤️🥰,Non-toxic,
9304,Βιτλη είσαι ψυχαρα..θα μου μείνει η εικόνα που ερχόσουν μπροστά στο πέταλο στη Χαλάστρα και μας έλεγες πάμε ρε μάγκες θα το πάρουμε το παιχνίδι...καλή συνέχεια σε ότι κανείς! 🔵⚪,Non-toxic,
9305,ΚΑΨΕ ΤΑ ΛΑΣΤΙΧΑ ΠΡΟΕΔΡΕ🔥🔥,Non-toxic,
9306,Και παικταράς μεγάλος παίκτης 🔴⚪️,Non-toxic,
9307,Nεα κολπα η ΠΑΕ ή νεα μεταγραφη;🤔🤔,Non-toxic,
9308,Καβλα είσαι,Toxic,
9309,Αντε ρε τανκς βαλε μπρος,Toxic,
9310,Συνχαριτηρια παιχταρα μου!!!!!βγηκε η δουλειά του καλοκαιριού @user !!!!!,Non-toxic,
9311,Δυάδα μου😍,Non-toxic,
9312,Βάλε την καπότα σου και έλα ρε Λαμελααααα ρε Λαμελααααα 💛🖤,Toxic,
9313,Στο σπίτι σου παιχταρά μου 🖤🤍🦅,Non-toxic,
9314,ΕΚΡΗΚΤΙΚΟΣΣΣ🧨,Non-toxic,
9315,Τοβαλεεεεε,Non-toxic,
9316,Για πάντα στο λιμάνι 😍😍,Non-toxic,
9317,Επιτέλους ένας GK που να πήρε το 1 😂😂,Toxic,
9318,Καλή συνέχεια παιχταρά κ στρατιώτη μας Θα είσαι στις καρδιές μας 👏,Non-toxic,
9319,Στηρίξτε ρε τον άνθρωπο ότι μπορεί θα προσφέρει,Non-toxic,
9320,Ναι μωρή παιχταρα ναιιιι 😍😍,Non-toxic,
9321,Καλή χρονιά μ επιτυχίες πολλές,Non-toxic,
9322,Αίλουρος 👍,Non-toxic,
9323,Για περάστε για περάστε⏳💣⚪️⚫️,Non-toxic,
9324,Δε μπλεκεις εδω 🔥,Non-toxic,
9325,Έλα πίσω ρε παικταρα λυπεις πολύ. Έχουμε τον παλιό καμπούρη που δεν μπορεί να βγάλει μια σέντρα.,Toxic,
9326,Ευχαριστούμε παικταρα συνέχισε έτσι 🔴⚪,Non-toxic,
9327,Βάλτο εκεί ρε κικε,Non-toxic,
9328,ΕΙΣΑΙ ΜΕΓΑΛΟ ΑΛΑΝΙ 🔥🔥🔥🔥,Non-toxic,
9329,Παιχτουρα,Non-toxic,
9330,Παμεεεε❤🔥,Non-toxic,
9331,Άδικο το αποτέλεσμα απέναντι στον ΟΣΦΠ. Έκανες καταπληκτικό αγώνα και πολύ ωραίες αποκρούσεις. Μπράβο 👏🔥,Non-toxic,
9332,Θηρίο! 💪🦁,Non-toxic,
9333,Ξαναελα ρε πουστη,Toxic,
9334,Ο πιο underrated παίκτης του ΠΑΟΚ. Πρέπει να μείνει η παικταρα🖤,Non-toxic,
9335,"""Αδερφέ έχεις δύο χαρτάκια;""",Toxic,
9336,Μπράβο Παοκάρα μ είσαι η καλύτερη ομαδα,Non-toxic,
9337,Καλή συνέχεια με υγεία... Πάντα επιτυχίες 👏👏👏,Non-toxic,
9338,Παιχταρα μεγάλη και πρωσοπικοτητα,Non-toxic,
9339,Παιχταρα μου ο καλύτερος είσαι 🙌,Non-toxic,
9340,Σε παρακαλώ κι εσύ κι ο Κωστούλας μην βρείτε καμία Βουλγαράκη,Toxic,
9341,Καυλα 🔥,Toxic,
9342,Ακόμα στάζουμε κολλητέ μ🔴,Non-toxic,
9343,Ο απόλυτος killer .-,Toxic,
9344,Την Κυριακή να μου δόσεις την εμφάνιση εχω ετοιμάσει χαρτί,Non-toxic,
9345,Μπράβο παιδιά της Ελλάδας,Non-toxic,
9346,Σε θέλουμε στο τέρμα,Non-toxic,
9347,Ζεκα ψυχάρα 🙏🏼,Non-toxic,
9348,Καλωσηρθες στον μεγαλυτερο συλλογο του ΠΛΑΝΗΤΗ⚫️⚪️💦,Non-toxic,
9349,👏👏👏👏👏πεχταρα,Non-toxic,
9350,Και στα εύκολα και στα δύσκολα μόνο ο Ολυμπιακός μην στεναχωριέσαι για το πέναλτι ρε παιχταρα όλα καλά έτσι είναι η μπάλα 🔴⚪️💪,Non-toxic,
9351,Τι σέντρα βγάζεις ρε Πέτρο ροναλντινιο,Non-toxic,
9352,Τάσο σε πίστευα από την στιγμή που σε πρωτοείδα όταν ήσουν επί Ουζουνίδη και πολύ πιο μετά με τον Δώνη. Από τότε έως και τώρα στην εγιουπσπορ όπου παίζεις σε παρακολουθώ φανατικά και μόνο περιφανια και χαρά μπορώ να νιώσω για εσένα. Εύχομαι να πρωταγωνιστήσεις στο τουρκικό πρωτάθλημα και γιατί όχι κάποια στιγμή να έρθεις για να κλείσεις την καριέρα σου στο Παναθηναϊκό. Θα είσαι πάντα μέσα στην καρδιά μας 💚☘️,Non-toxic,
9353,"😢Καλή συνέχεια ψυχάρα σε περιμένουμε κάποια στιγμή να γυρίσεις και να σε ξαναδούμε με περιβραχιόνιο,πάντα δυνατός!🤍🖤",Non-toxic,
9354,Τι θέση παίζει?,Non-toxic,
9355,Το καλύτερο Σέντερ φορ όλων τον εποχών του θρύλου,Non-toxic,
9356,Καλό παράδεισο...🙏🙏🕊,Non-toxic,
9357,Γυρνα στο θρυλο μωρη παιχταρα😢🔥,Toxic,
9358,Μπράβο παιχτάρα μου! ⚽️❤️,Non-toxic,
9359,Καλωσήρθες σπίτι σουυυυυ παιχταρα μ 💦💦….,Non-toxic,
9360,Δεν πειράζει μαλακα! Δώσε πόνο στα υπόλοιπα παιχνίδια! Αγάπη μόνο! ❤️🤍❤️🤍❤️🤍❤️🤍❤️,Toxic,
9361,Καλή τύχη ψυχάρα !!!!!!!👏👏☘️☘️,Non-toxic,
9362,ΜΠΡΑΒΟ ΓΙΑΝΝΗ!!!,Non-toxic,
9363,Αστέρι μου!!!❤️❤️❤️,Non-toxic,
9364,Νομίζω λίγο άργησες να το ανεβάσεις αλλά δεν πειράζει μωρή παιχταραα,Toxic,
9365,"Ώρα να ανεβούμε στην πρώτη θέση, ετοιμαστείτε να πέσετε γαυρακιαααα⚪️⚫️⚪️⚫️",Non-toxic,
9366,ΠΑΙΚΤΑΡΑ❤️🤍❤️🤍❤️,Non-toxic,
9367,Φερτον να κάνει τα ρεπό του Γερεμεγεφ ☘️,Non-toxic,
9368,ΚΑΤΑΘΕΣΗ ΨΥΧΗΣ ΕΚΑΝΕΣ ΣΗΜΕΡΑ ΟΥΚΡΑΝΕ ΚΑΙ ΡΕΦΑΡΕΣ ΤΑ ΠΡΟΗΓΟΥΜΕΝΑ.ΕΙΜΑΣΤΕ ΥΠΕΡΗΦΑΝΟΙ. ΦΕΡΤΕ ΜΑΣ ΤΟ ΝΤΑΜΠΛ,Non-toxic,
9369,Ακόμα ένα από τα σαπάκια του Ιβαν ε 🤡?,Toxic,
9370,Κούκλος έχεις κ το όνομα του άντρα μου ολυμπιακάρα μόνο!!!❤️❤️❤️,Non-toxic,
9371,"Ο ορισμός του: ""Μέχρι και βουνά μπορείς να μετακινήσεις"" ❤️🔝",Non-toxic,
9372,Χριστός Ανέστη!,Non-toxic,
9373,Μεγάλε αρχηγέ,Non-toxic,
9374,❤️❤️Μουζά παιχταρα,Non-toxic,
9375,ΠΑΙΚΤΑΡΆ 🔥🔥🔥,Non-toxic,
9376,ΠΩ ΠΩ ΚΑΎΛΑ,Toxic,
9377,Λιαβα ψυχάρα Παναιτωλικαρα!,Non-toxic,
9378,Στοίχημα ο Πάσχα ήταν γυμνός 😂😂,Toxic,
9379,Ferrari αλάνι 👏🔥,Non-toxic,
9380,Πετσόκομα,Toxic,
9381,@user συνέχισε είσαι ένας απο εμάς... Στο επανιδείν ☘️☘️☘️ παικταρα,Non-toxic,
9382,Παιχταρα μας 🤍🖤🤍🖤,Non-toxic,
9383,Σκουπιι❤️,Non-toxic,
9384,Παιχταρα!👏🙌❤️,Non-toxic,
9385,ΝΑΙ ΠΑΙΧΤΑΡΑ ΜΟΥ ΤΟΝ ΤΙΜΑΣ ΤΟΝ ΠΑΝΑΘΗΝΑΙΚΟ ☘️💦,Non-toxic,
9386,Ο κουδας 😂,Toxic,
9387,Μακάρι να μην βγεις ποτε απο την ενδεκαδα,Non-toxic,
9388,Καλή συνέχεια παιχταρα ☘️☘️☘️,Non-toxic,
9389,Χρόνια πολλά μπρο👏👏👏,Non-toxic,
9390,ΡΟΝΤΙ ΨΥΧΑΡΑ 🔴⚪️,Non-toxic,
9391,ΠΑΙΚΤΑΡΑΣΣΣΣ....👏👏👏👏👏👏,Non-toxic,
9392,"Θα είμαι ειλικρινής και θα πω ότι ποτέ δεν μου γέμισες το μάτι σαν παίχτης..αλλα και από την άλλη δεν μπορώ να πω ψέματα ότι από πέρσι μέχρι τώρα οπότε παίζεις χαίρομαι να σε βλέπω.. Ίσως πλέον νιώθεις ποιο ""ελεύθερος"" και χωρίς άγχος και αυτό βγαίνει στο παιχνίδι σου..πλεον όχι απλά με γεμίζεις όχι το ένα αλλα και τα δύο μάτια...καρα γουστάρω πλέον ετσι όπως παίζεις...μπραβο Πετραν έχεις γίνει πλέον ένα απίστευτο γρανάζι στο σύνολο που έχει φτιάξει ο Ματιας..πάντα γερός να είσαι να παίζεις και να σε γουστάρουμε",Non-toxic,
9393,Τα λόγια είναι περιττά παληκάρι μου!!!!!!👏👏👏👏,Non-toxic,
9394,ΠΟΥΛΑΤΟΥΣ ΤΡΕΛΑ ΜΩΡΗ ΚΑΥΛΑ,Toxic,
9395,Μπράβο ρε Μουζακιτη Μαγκα!!!!! Χαιρόμαστε διπλά για εσένα!!🔴⚪️🔴💪💪,Non-toxic,
9396,Παιχταράς Είσαι!!!,Non-toxic,
9397,Βάλε ΓΚΟΛ Μ Α Λ Α Κ Α 🧿🙏🏽,Toxic,
9398,Μήπως θα ήθελες να κάνουμε ένα giveaway υπογεγραμμένη μπλούζα σου αν ναι στείλε μου μήνυμα 5,Non-toxic,
9399,@user μας συγκίνησε🫣,Non-toxic,
9400,@user εμείς για ποδοσφαιριστή τον πήραμε,Toxic,
9401,Παοκάρα έσκισες,Non-toxic,
9402,ΠΑΙΚΤΑΡΑ🔥,Non-toxic,
9403,Ηλία τσέκαρε dms,Non-toxic,
9404,Καλή αρχή φιλαράκι ⚽️❤️,Non-toxic,
9405,Από που είναι και μιλάει τόσο καλά ελληνικά??,Non-toxic,
9406,Σκυλος🔥,Non-toxic,
9407,Καλός ήρθες μεγάλε συνέχισε έτσι,Non-toxic,
9408,καλώς ήρθες στην οικογένεια του ΠΑΟΚ⚪⚫,Non-toxic,
9409,"Ο αναγεννημένος απο τις σταχτες του Μαγκομεντ Οζντοεφ, σε καθε παιχνιδι ο καλυτερος του γηπεδου. Συνεχισε ετσι ρωσικο αρμα",Non-toxic,
9410,Μείνε ρε μεγάλε 😍,Non-toxic,
9411,Τι καυλαντα τους κάνεις ρε φίλε 😂🙌,Toxic,
9412,Θα παίξει Επίθεση που έχουμε ανάγκη ή θέλουμε μόνο ξένους;,Toxic,
9413,ΤΙ ΕΒΑΛΕΣ ΡΕ ΠΑΙΧΤΑΡΑ 💦💦💦💦,Non-toxic,
9414,Περαστικά,Non-toxic,
9415,Δημήτρη είσαι ο ΟΡΙΣΜΟΣ του τι σημαίνει ΠΑΟΚ! Σε ευχαριστούμε για όλα ψυχάρα! Πάμε γερά στα επόμενα !🖤⚽️,Non-toxic,
9416,Το πιο τυχερό μωρούλι!🥹,Non-toxic,
9417,"Κάθε επιτυχία Χάρη, να είσαι γερός!!💪💪",Non-toxic,
9418,Η 3η φωτο μας εδωσε το πρωταθλημα.Καλη συνεχεια⚫️🟡,Non-toxic,
9419,Κύριε Βιερίνια να Χερεστες την όμορφη σάς κόρη,Non-toxic,
9420,ΚΑΛΩΣ ΗΡΘΕΣ ΣΠΙΤΙ !,Non-toxic,
9421,Από πέρυσι στο είχα πει. Το μάτι του καράφλα δεν πέφτει ποτέ έξω. Τα καλύτερα έρχονται λεβέντη μου,Non-toxic,
9422,"11/22, σεβασμός",Non-toxic,
9423,☘️☘️💚💚 αξίζεις μια δεύτερη ευκαιρία παίκταρα,Non-toxic,
9424,Μόνο ΑΕΚ 🟡⚫,Non-toxic,
9425,🙌❤️❤️Αγαπες μου,Non-toxic,
9426,τι να πει κανείς🙏🫡,Non-toxic,
9427,Άρε μαγε,Non-toxic,
9428,ΤΙ ΤΟΥΣ ΕΚΑΝΕΣ ΠΑΛΙ ΡΕ🤫,Toxic,
9429,ΧΥΣΤΑΡΕ💦💦💦💦,Toxic,
9430,Βασικός του χρόνου θα είσαι....,Non-toxic,
9431,Ααααααα 🫠🫶🏽😍🥰,Non-toxic,
9432,Αιώνιος ηγέτης,Non-toxic,
9433,Καλή επιτυχία καυλωμενε Ισπανε ☘️,Toxic,
9434,Ορτα αλάνι γυρνα στο λιμάνι 🔴⚪,Non-toxic,
9435,ΜΗ ΣΤΑΜΑΤΑΣΣ🔥🔥,Non-toxic,
9436,Έλα παιχταρα μου απόλαυσε το👏👏👏👏👏,Non-toxic,
9437,Γεια σου ρε καυλιάρη έμαθες και αυτό το τραγούδι ε είσαι ωραίος ρε ! 🤣,Toxic,